shape_id,shape_pt_lat,shape_pt_lon,shape_pt_sequence,shape_dist_traveled
1,40.713718479988,-74.032029165667,0,0.0
1,40.714261895479524,-74.03007779826679,1,0.1752
1,40.711442297690695,-74.02681159318661,2,0.5924
1,40.70305156875426,-74.02771887237556,3,1.5286
1,40.69748009099749,-74.01619642667521,4,2.6807
1,40.700093928714324,-74.00685145102912,5,3.5204
1,40.702800820044,-74.005721223577,6,3.8361
2,40.702800820044,-74.005721223577,0,0.0
2,40.69992010395379,-74.00767575642418,1,0.3602
2,40.698282931029894,-74.01650985738135,2,1.1269
2,40.70304550416887,-74.02697990296024,3,2.1562
2,40.711180778867,-74.02678358960657,4,3.0609
2,40.71410725046724,-74.02985916549518,5,3.477
2,40.713718479988,-74.032029165667,6,3.6649
3,40.48686976508384,-74.27963266927541,0,0.0
3,40.48814,-74.27643,1,0.3055
3,40.48814,-74.27640000000001,2,0.308
3,40.488150000000005,-74.27629,3,0.3174
3,40.48818,-74.27608000000001,4,0.3354
3,40.48819,-74.27600000000001,5,0.3423
3,40.488200000000006,-74.27597,6,0.3451
3,40.488200000000006,-74.27595000000001,7,0.3468
3,40.48827,-74.27582000000001,8,0.3602
3,40.4883,-74.27575,9,0.367
3,40.48832,-74.27571,10,0.3711
3,40.488325652832096,-74.27571013956323,11,0.3717
3,40.48839495368857,-74.27554797976383,12,0.3874
3,40.48848912942001,-74.27528576641606,13,0.412
3,40.488712380370444,-74.27457250865709,14,0.4772
3,40.48889484074928,-74.27431887772052,15,0.5067
3,40.48906082378702,-74.27381228966729,16,0.5534
3,40.489125218313454,-74.27364132250746,17,0.5695
3,40.48917378412631,-74.27360965558995,18,0.5755
3,40.48927480703901,-74.27366988317641,19,0.5878
3,40.4893374257519,-74.27371374535055,20,0.5957
3,40.4893960813579,-74.27376479818145,21,0.6036
3,40.48940883310147,-74.27380217806814,22,0.607
3,40.48928343211705,-74.27413941512862,23,0.6388
3,40.48969677974982,-74.27447488418046,24,0.6928
3,40.49063899262471,-74.2757385386394,25,0.8424
4,40.49081034,-74.275845827,0,0.0
4,40.49059819556612,-74.27572780980334,1,0.0256
4,40.489710157725796,-74.27448756493816,2,0.1697
4,40.48927948180462,-74.27414778293442,3,0.2255
4,40.48916005673078,-74.27442920281952,4,0.2528
4,40.48890281856087,-74.2743129950263,5,0.283
4,40.488727919375236,-74.27457957144347,6,0.3128
4,40.48849894127075,-74.27529175991162,7,0.3782
4,40.488320620536804,-74.2757053797866,8,0.4184
4,40.488192211316644,-74.27597933385711,9,0.4456
4,40.48813390038185,-74.27644102653873,10,0.4852
4,40.48806815284982,-74.27691824341453,11,0.5262
4,40.48794176858875,-74.27744917088164,12,0.5732
4,40.487813464458974,-74.27816627309399,13,0.6355
4,40.48780321639285,-74.27870347476326,14,0.681
4,40.48773476818032,-74.27894627492921,15,0.7029
4,40.48763560211726,-74.27919130976305,16,0.7264
4,40.48761548884409,-74.27935776659973,17,0.7406
4,40.48739224407762,-74.2799305634423,18,0.795
4,40.48758105648739,-74.28022646037348,19,0.8277
4,40.48777300917501,-74.28088327674448,20,0.8872
4,40.48781104596771,-74.28096904966236,21,0.8956
4,40.4879777521183,-74.28107687527266,22,0.9163
4,40.488108506229324,-74.28107232836648,23,0.9308
4,40.48811205659526,-74.281219183468,24,0.9432
4,40.48812386158551,-74.28156771667597,25,0.9727
4,40.48811819530979,-74.2817226739743,26,0.9859
4,40.48807948371874,-74.28191059179734,27,1.0023
4,40.48813094180945,-74.28221667276324,28,1.0288
4,40.48820861618185,-74.28247984251055,29,1.0527
4,40.4884575370202,-74.28328103506577,30,1.1259
4,40.48845,-74.28328,31,1.1267
4,40.48847000000001,-74.28333,32,1.1315
4,40.48852,-74.28346,33,1.1438
4,40.488550000000004,-74.28355,34,1.1521
4,40.488670000000006,-74.28389,35,1.1838
4,40.48868,-74.28393000000001,36,1.1874
4,40.48874,-74.28407,37,1.201
4,40.488780000000006,-74.28418,38,1.2113
4,40.48881,-74.28424000000001,39,1.2174
4,40.48888,-74.28436,40,1.2302
4,40.488890000000005,-74.28437000000001,41,1.2316
4,40.48894000000001,-74.28445,42,1.2403
4,40.48895,-74.28447000000001,43,1.2423
4,40.488980000000005,-74.28450000000001,44,1.2465
4,40.489020000000004,-74.28454,45,1.2521
4,40.48906,-74.28456,46,1.2569
4,40.489090000000004,-74.28459000000001,47,1.2611
4,40.489110000000004,-74.28460000000001,48,1.2635
4,40.489140000000006,-74.28462,49,1.2672
4,40.489180000000005,-74.28464000000001,50,1.272
4,40.489250000000006,-74.28469000000001,51,1.2808
4,40.48933,-74.28471,52,1.2899
4,40.489340000000006,-74.28471,53,1.291
4,40.48942,-74.28471,54,1.2999
4,40.489430000000006,-74.28471,55,1.301
4,40.48951,-74.28472000000001,56,1.3099
4,40.489560000000004,-74.28472000000001,57,1.3155
4,40.48966,-74.28465,58,1.3281
4,40.48968,-74.28464000000001,59,1.3305
4,40.48975,-74.28459000000001,60,1.3393
4,40.489760000000004,-74.28459000000001,61,1.3404
4,40.4898,-74.28456,62,1.3455
4,40.48975,-74.28447000000001,63,1.355
4,40.48969,-74.28439,64,1.3645
4,40.48968,-74.28437000000001,65,1.3665
4,40.48966,-74.28434,66,1.3699
4,40.489580000000004,-74.28423000000001,67,1.3827
4,40.48955,-74.28419000000001,68,1.3875
4,40.48953,-74.28416,69,1.3909
4,40.489520000000006,-74.28415000000001,70,1.3923
4,40.489470000000004,-74.28411000000001,71,1.3988
4,40.48939,-74.28405000000001,72,1.409
4,40.489340000000006,-74.28401000000001,73,1.4155
4,40.489270000000005,-74.28397000000001,74,1.424
4,40.48922,-74.28394,75,1.4301
4,40.489200000000004,-74.28393000000001,76,1.4325
4,40.48912,-74.28389,77,1.442
4,40.489050000000006,-74.28385,78,1.4505
4,40.48903000000001,-74.28385,79,1.4527
4,40.48872,-74.28369,80,1.4898
4,40.488530000000004,-74.28359,81,1.5125
4,40.488220000000005,-74.28343000000001,82,1.5496
4,40.488130000000005,-74.28339000000001,83,1.5601
4,40.488040000000005,-74.28336,84,1.5704
4,40.488020000000006,-74.28335000000001,85,1.5728
4,40.48801,-74.28335000000001,86,1.5739
4,40.48800000000001,-74.28335000000001,87,1.575
4,40.487950000000005,-74.28334000000001,88,1.5807
4,40.487860000000005,-74.28332,89,1.5908
4,40.48776,-74.28332,90,1.6019
4,40.48767,-74.28332,91,1.6119
4,40.487570000000005,-74.28334000000001,92,1.6232
4,40.48747,-74.28337,93,1.6346
4,40.487370000000006,-74.28342,94,1.6465
4,40.48729,-74.28347000000001,95,1.6563
4,40.48718,-74.28354,96,1.6699
4,40.487080000000006,-74.28362,97,1.6829
4,40.48697000000001,-74.28370000000001,98,1.6969
4,40.48686,-74.28378000000001,99,1.7109
4,40.4866,-74.28398,100,1.7444
4,40.48659000000001,-74.28398,101,1.7455
4,40.486540000000005,-74.28402000000001,102,1.752
4,40.486450000000005,-74.28409,103,1.7636
4,40.48633,-74.28417,104,1.7786
4,40.48621,-74.28424000000001,105,1.7932
4,40.486180000000004,-74.28426,106,1.7969
4,40.48612000000001,-74.2843,107,1.8044
4,40.48603000000001,-74.28438000000001,108,1.8165
4,40.485800000000005,-74.28455000000001,109,1.8458
4,40.485760000000006,-74.28458,110,1.851
4,40.48572,-74.28461,111,1.8561
4,40.48547000000001,-74.2848,112,1.8882
4,40.48518000000001,-74.28503,113,1.9259
4,40.4851,-74.28508000000001,114,1.9357
4,40.484970000000004,-74.28517000000001,115,1.952
4,40.484030000000004,-74.28591,116,2.0739
4,40.48387,-74.28603000000001,117,2.0944
4,40.483670000000004,-74.28619,118,2.1204
4,40.48355,-74.28628,119,2.1357
4,40.48266,-74.28697000000001,120,2.2506
4,40.48263,-74.28699,121,2.2544
4,40.48243,-74.28715000000001,122,2.2804
4,40.482330000000005,-74.28723000000001,123,2.2934
4,40.48219,-74.28733000000001,124,2.3111
4,40.48217,-74.28735,125,2.3139
4,40.48205,-74.28745,126,2.3297
4,40.48176,-74.28767,127,2.367
4,40.481570000000005,-74.28782000000001,128,2.3916
4,40.48152,-74.28792,129,2.4017
4,40.48149,-74.28799000000001,130,2.4085
4,40.481480000000005,-74.28801,131,2.4105
4,40.48147,-74.28804000000001,132,2.4133
4,40.4814,-74.28812,133,2.4236
4,40.481370000000005,-74.28819,134,2.4304
4,40.48134,-74.28825,135,2.4365
4,40.481030000000004,-74.28891,136,2.5021
4,40.48098,-74.28901,137,2.5122
4,40.48095,-74.28906,138,2.5176
4,40.480920000000005,-74.2891,139,2.5224
4,40.480880000000006,-74.28915,140,2.5285
4,40.48082,-74.28922,141,2.5374
4,40.48082,-74.28921000000001,142,2.5383
4,40.48082,-74.28922,143,2.5391
4,40.480790000000006,-74.28925000000001,144,2.5433
4,40.480760000000004,-74.28929000000001,145,2.548
4,40.48058,-74.2895,146,2.5748
4,40.48053,-74.28956000000001,147,2.5823
4,40.48042,-74.28970000000001,148,2.5993
4,40.480340000000005,-74.2898,149,2.6116
4,40.48017,-74.29003,150,2.6387
4,40.48004,-74.29020000000001,151,2.6591
4,40.47992,-74.29036,152,2.6781
4,40.479800000000004,-74.29054000000001,153,2.6984
4,40.47945,-74.29104000000001,154,2.7559
4,40.47925,-74.29126000000001,155,2.7849
4,40.47916,-74.29137,156,2.7985
4,40.47894,-74.29159,157,2.8293
4,40.47887,-74.29165,158,2.8385
4,40.47880000000001,-74.29172000000001,159,2.8483
4,40.47876,-74.29175000000001,160,2.8534
4,40.4787,-74.29181000000001,161,2.8618
4,40.478570000000005,-74.29193000000001,162,2.8795
4,40.47842,-74.29207000000001,163,2.8999
4,40.478300000000004,-74.29220000000001,164,2.9172
4,40.47827,-74.29222,165,2.921
4,40.478210000000004,-74.29229000000001,166,2.9299
4,40.47793,-74.29257000000001,167,2.969
4,40.47791,-74.29260000000001,168,2.9724
4,40.47786000000001,-74.29264,169,2.9789
4,40.47784,-74.29266000000001,170,2.9817
4,40.4778,-74.29271,171,2.9878
4,40.477560000000004,-74.29294,172,3.0209
4,40.47755,-74.29296000000001,173,3.0229
4,40.47739,-74.29312,174,3.0452
4,40.47733,-74.29319000000001,175,3.0542
4,40.47729,-74.29323000000001,176,3.0597
4,40.477270000000004,-74.29326,177,3.0631
4,40.47724,-74.29329000000001,178,3.0673
4,40.47724,-74.2933,179,3.0682
4,40.4772,-74.29334,180,3.0737
4,40.477180000000004,-74.29336,181,3.0765
4,40.4771,-74.29346000000001,182,3.0888
4,40.47706,-74.29351000000001,183,3.095
4,40.47706,-74.29352,184,3.0958
4,40.47699,-74.29361,185,3.1067
4,40.476910000000004,-74.29372000000001,186,3.1196
4,40.47688,-74.29375,187,3.1238
4,40.476870000000005,-74.29377000000001,188,3.1258
4,40.476850000000006,-74.29381000000001,189,3.1298
4,40.476820000000004,-74.29387000000001,190,3.1359
4,40.476800000000004,-74.29390000000001,191,3.1393
4,40.47663,-74.29416,192,3.1683
4,40.47661,-74.2942,193,3.1723
4,40.47659,-74.29422000000001,194,3.1751
4,40.47654,-74.2943,195,3.1839
4,40.47643,-74.29448000000001,196,3.2034
4,40.476400000000005,-74.29453000000001,197,3.2088
4,40.47637,-74.29457000000001,198,3.2135
4,40.47632,-74.29465,199,3.2223
4,40.476200000000006,-74.29484000000001,200,3.2432
4,40.476060000000004,-74.29506,201,3.2674
4,40.47601,-74.29513,202,3.2756
4,40.47594,-74.29524,203,3.2877
4,40.47592,-74.29528,204,3.2918
4,40.47589000000001,-74.29533,205,3.2971
4,40.475880000000004,-74.29538000000001,206,3.3015
4,40.47587,-74.29545,207,3.3075
4,40.475880000000004,-74.2955,208,3.3119
4,40.47589000000001,-74.29555,209,3.3163
4,40.47589000000001,-74.29560000000001,210,3.3205
4,40.475910000000006,-74.29568,211,3.3276
4,40.475910000000006,-74.29570000000001,212,3.3293
4,40.47596,-74.29599,213,3.3545
4,40.47599,-74.29614000000001,214,3.3676
4,40.476000000000006,-74.29624000000001,215,3.3761
4,40.47603,-74.29639,216,3.3893
4,40.47605,-74.29652,217,3.4005
4,40.47607,-74.29663000000001,218,3.41
4,40.47596,-74.29659000000001,219,3.4227
4,40.475820000000006,-74.29661,220,3.4384
4,40.47565,-74.29666,221,3.4578
4,40.475500000000004,-74.2967,222,3.4748
4,40.475350000000006,-74.29678000000001,223,3.4928
4,40.475260000000006,-74.29685,224,3.5044
4,40.47498,-74.29705000000001,225,3.5398
4,40.47482,-74.29717000000001,226,3.5603
4,40.474700000000006,-74.29727000000001,227,3.5761
4,40.474650000000004,-74.29732,228,3.5831
4,40.474610000000006,-74.29735000000001,229,3.5882
4,40.47449,-74.29747,230,3.605
4,40.47442,-74.29755,231,3.6153
4,40.474380000000004,-74.29759,232,3.6209
4,40.474320000000006,-74.29765,233,3.6293
4,40.47428,-74.2977,234,3.6354
4,40.47421000000001,-74.29779,235,3.6463
4,40.474070000000005,-74.29796,236,3.6675
4,40.47395,-74.29813,237,3.6871
4,40.4739,-74.29819,238,3.6946
4,40.47382,-74.29831,239,3.7081
4,40.47377,-74.29838000000001,240,3.7163
4,40.47373,-74.29843000000001,241,3.7224
4,40.47366,-74.29853,242,3.7339
4,40.473530000000004,-74.29871,243,3.7549
4,40.47348,-74.29877,244,3.7624
4,40.47341,-74.29886,245,3.7733
4,40.473400000000005,-74.29888000000001,246,3.7753
4,40.47337,-74.29891,247,3.7795
4,40.47336000000001,-74.29892000000001,248,3.7809
4,40.47327000000001,-74.29904,249,3.7952
4,40.473220000000005,-74.29909,250,3.8022
4,40.473180000000006,-74.29913,251,3.8077
4,40.47283,-74.29957,252,3.8616
4,40.47263,-74.29981000000001,253,3.8917
4,40.472550000000005,-74.29991000000001,254,3.904
4,40.47234,-74.30016,255,3.9355
4,40.47202,-74.30055,256,3.984
4,40.472010000000004,-74.30056,257,3.9854
4,40.47198,-74.3006,258,3.9902
4,40.471900000000005,-74.3007,259,4.0024
4,40.47182,-74.30079,260,4.0141
4,40.47178,-74.30084000000001,261,4.0203
4,40.47169,-74.30095,262,4.0339
4,40.471630000000005,-74.30103000000001,263,4.0434
4,40.47153,-74.30116000000001,264,4.0591
4,40.47148000000001,-74.30124,265,4.0678
4,40.47142,-74.30132,266,4.0773
4,40.47108,-74.30187000000001,267,4.1373
4,40.47101000000001,-74.30199,268,4.1501
4,40.470960000000005,-74.30207,269,4.1588
4,40.47073,-74.30244,270,4.1993
4,40.47064,-74.30258,271,4.2148
4,40.470620000000004,-74.30261,272,4.2181
4,40.470560000000006,-74.30272000000001,273,4.2296
4,40.4705,-74.3028,274,4.2391
4,40.47045000000001,-74.30288,275,4.2479
4,40.470380000000006,-74.30300000000001,276,4.2606
4,40.47035,-74.30304000000001,277,4.2654
4,40.47035,-74.30306,278,4.2671
4,40.470180000000006,-74.30332,279,4.2961
4,40.47014,-74.30338,280,4.3028
4,40.47012,-74.30341,281,4.3062
4,40.470110000000005,-74.30343,282,4.3082
4,40.47005,-74.30352,283,4.3184
4,40.46998000000001,-74.30362000000001,284,4.3299
4,40.469840000000005,-74.30383,285,4.3535
4,40.46979,-74.30391,286,4.3622
4,40.469730000000006,-74.30399000000001,287,4.3717
4,40.46938,-74.30449,288,4.4292
4,40.46932,-74.30457000000001,289,4.4387
4,40.469260000000006,-74.30464,290,4.4476
4,40.46907,-74.30492000000001,291,4.4794
4,40.469010000000004,-74.305,292,4.4889
4,40.46896,-74.30507,293,4.497
4,40.468900000000005,-74.30515000000001,294,4.5065
4,40.468900000000005,-74.30516,295,4.5074
4,40.468880000000006,-74.30518000000001,296,4.5101
4,40.46885,-74.30523000000001,297,4.5155
4,40.468810000000005,-74.30528000000001,298,4.5217
4,40.468790000000006,-74.30531,299,4.525
4,40.468740000000004,-74.30537000000001,300,4.5326
4,40.468700000000005,-74.30544,301,4.54
4,40.468590000000006,-74.30560000000001,302,4.5582
4,40.46857000000001,-74.30563000000001,303,4.5616
4,40.46849,-74.30575,304,4.5751
4,40.46831,-74.30601,305,4.6048
4,40.46829,-74.30604000000001,306,4.6082
4,40.46822,-74.30615,307,4.6203
4,40.468180000000004,-74.3062,308,4.6265
4,40.46817,-74.30623,309,4.6293
4,40.46810000000001,-74.30633,310,4.6407
4,40.46808,-74.30637,311,4.6448
4,40.46806,-74.30639000000001,312,4.6476
4,40.468030000000006,-74.30645000000001,313,4.6537
4,40.46793,-74.3066,314,4.6705
4,40.46761,-74.30713,315,4.7278
4,40.467560000000006,-74.30720000000001,316,4.7359
4,40.4675,-74.30730000000001,317,4.7467
4,40.46728,-74.30766000000001,318,4.7857
4,40.46712,-74.30793000000001,319,4.8147
4,40.46707000000001,-74.30801000000001,320,4.8234
4,40.466770000000004,-74.30849,321,4.876
4,40.466640000000005,-74.30872000000001,322,4.9002
4,40.46634,-74.30921000000001,323,4.9534
4,40.46625,-74.30937,324,4.9703
4,40.466150000000006,-74.30954000000001,325,4.9885
4,40.46614,-74.30955,326,4.9898
4,40.46602,-74.30977,327,5.0127
4,40.466,-74.30980000000001,328,5.0161
4,40.465920000000004,-74.31001,329,5.036
4,40.465900000000005,-74.31006000000001,330,5.0408
4,40.46589,-74.31008,331,5.0428
4,40.465830000000004,-74.31026,332,5.0594
4,40.465810000000005,-74.31033000000001,333,5.0657
4,40.465770000000006,-74.31048000000001,334,5.0792
4,40.465700000000005,-74.31072,335,5.1009
4,40.46569,-74.31076,336,5.1045
4,40.46566000000001,-74.31088000000001,337,5.1152
4,40.46553,-74.31134,338,5.1567
4,40.465500000000006,-74.31146000000001,339,5.1674
4,40.46548000000001,-74.31152,340,5.1729
4,40.465450000000004,-74.31159000000001,341,5.1797
4,40.465430000000005,-74.31191000000001,342,5.2069
4,40.46542,-74.31194,343,5.2096
4,40.4654,-74.31201,344,5.216
4,40.465390000000006,-74.31205,345,5.2195
4,40.465360000000004,-74.31214,346,5.2278
4,40.465340000000005,-74.31221000000001,347,5.2342
4,40.4652,-74.31267000000001,348,5.2761
4,40.465180000000004,-74.31276000000001,349,5.284
4,40.46499,-74.31343000000001,350,5.3445
4,40.464960000000005,-74.31352000000001,351,5.3528
4,40.46493,-74.31361000000001,352,5.3611
4,40.464920000000006,-74.31365000000001,353,5.3647
4,40.4649,-74.31371,354,5.3702
4,40.464850000000006,-74.31388000000001,355,5.3857
4,40.46484,-74.31393,356,5.39
4,40.464830000000006,-74.31396000000001,357,5.3928
4,40.46482,-74.31401000000001,358,5.3972
4,40.464800000000004,-74.31408,359,5.4035
4,40.464690000000004,-74.31447,360,5.4387
4,40.46463000000001,-74.31471,361,5.4601
4,40.464490000000005,-74.31522000000001,362,5.5059
4,40.46444,-74.31542,363,5.5237
4,40.464380000000006,-74.31569,364,5.5475
4,40.46435,-74.31583,365,5.5598
4,40.464330000000004,-74.31593000000001,366,5.5686
4,40.464270000000006,-74.31626,367,5.5973
4,40.464220000000005,-74.31656000000001,368,5.6233
4,40.464150000000004,-74.31697000000001,369,5.6588
4,40.464020000000005,-74.31772000000001,370,5.7239
4,40.46399,-74.31790000000001,371,5.7395
4,40.46396,-74.31803000000001,372,5.751
4,40.46388,-74.31849000000001,373,5.7909
4,40.463840000000005,-74.31872,374,5.8109
4,40.46381,-74.31887,375,5.824
4,40.46369000000001,-74.31959,376,5.8863
4,40.463640000000005,-74.31985,377,5.909
4,40.463620000000006,-74.31995,378,5.9178
4,40.46354,-74.3204,379,5.9569
4,40.46352,-74.32054000000001,380,5.9689
4,40.46347,-74.3208,381,5.9916
4,40.46345,-74.32090000000001,382,6.0003
4,40.46343,-74.32101,383,6.0099
4,40.463280000000005,-74.32181,384,6.0796
4,40.463280000000005,-74.32186,385,6.0839
4,40.46311,-74.32281,386,6.1664
4,40.46303,-74.32322,387,6.2022
4,40.46302,-74.32334,388,6.2124
4,40.46298,-74.32350000000001,389,6.2267
4,40.46291,-74.32392,390,6.2631
4,40.46276,-74.32476000000001,391,6.3361
4,40.46275,-74.32482,392,6.3412
4,40.46273,-74.32492,393,6.35
4,40.46264,-74.32545,394,6.3959
4,40.46256,-74.32588000000001,395,6.4334
4,40.462540000000004,-74.32598,396,6.4421
4,40.46253,-74.32619000000001,397,6.4599
4,40.462480000000006,-74.32657,398,6.4926
4,40.46246,-74.32668000000001,399,6.5021
4,40.46244,-74.32683,400,6.515
4,40.462410000000006,-74.32700000000001,401,6.5298
4,40.46238,-74.32718000000001,402,6.5454
4,40.462360000000004,-74.32728,403,6.5541
4,40.46235,-74.32735000000001,404,6.5601
4,40.46231,-74.32756,405,6.5785
4,40.46231,-74.3276,406,6.5818
4,40.462270000000004,-74.32780000000001,407,6.5993
4,40.462250000000004,-74.32794000000001,408,6.6114
4,40.46222,-74.32808,409,6.6237
4,40.462160000000004,-74.32837,410,6.6491
4,40.462070000000004,-74.3289,411,6.6951
4,40.46202,-74.32898,412,6.7038
4,40.46201000000001,-74.32899,413,6.7052
4,40.46199,-74.32907,414,6.7123
4,40.461980000000004,-74.32915000000001,415,6.7192
4,40.461960000000005,-74.32924000000001,416,6.7271
4,40.461940000000006,-74.32934,417,6.7359
4,40.46193,-74.32941000000001,418,6.7419
4,40.461890000000004,-74.32966,419,6.7635
4,40.46188,-74.32973000000001,420,6.7695
4,40.461870000000005,-74.32983,421,6.7781
4,40.46186,-74.32987,422,6.7816
4,40.46182,-74.33008000000001,423,6.7999
4,40.46179,-74.33018000000001,424,6.809
4,40.46177,-74.33028,425,6.8178
4,40.461760000000005,-74.33032,426,6.8213
4,40.461760000000005,-74.33036000000001,427,6.8247
4,40.46175,-74.33039000000001,428,6.8275
4,40.46173,-74.3305,429,6.8371
4,40.46173,-74.33053000000001,430,6.8396
4,40.46159,-74.33128,431,6.9049
4,40.461560000000006,-74.3314,432,6.9156
4,40.46154000000001,-74.33152000000001,433,6.926
4,40.461510000000004,-74.33172,434,6.9433
4,40.46148,-74.33187000000001,435,6.9564
4,40.46146,-74.33196000000001,436,6.9643
4,40.461400000000005,-74.33231,437,6.9947
4,40.461400000000005,-74.33233000000001,438,6.9964
4,40.461360000000006,-74.33253,439,7.0139
4,40.46134,-74.33266,440,7.0251
4,40.46134,-74.33267000000001,441,7.0259
4,40.46134,-74.3327,442,7.0285
4,40.46134,-74.33271,443,7.0293
4,40.461330000000004,-74.33272000000001,444,7.0307
4,40.4613,-74.33292,445,7.048
4,40.461290000000005,-74.33298,446,7.0532
4,40.461290000000005,-74.33299000000001,447,7.054
4,40.46126,-74.33325,448,7.0763
4,40.461220000000004,-74.33356,449,7.1029
4,40.46121,-74.33363,450,7.1089
4,40.461200000000005,-74.33370000000001,451,7.1149
4,40.46114,-74.33415000000001,452,7.1536
4,40.46112,-74.33425000000001,453,7.1623
4,40.461110000000005,-74.33432,454,7.1683
4,40.461110000000005,-74.33434000000001,455,7.17
4,40.4611,-74.33448,456,7.1819
4,40.46108,-74.33472,457,7.2023
4,40.46107000000001,-74.33487000000001,458,7.2151
4,40.46107000000001,-74.33495,459,7.2219
4,40.46106,-74.33502,460,7.2279
4,40.46106,-74.33505000000001,461,7.2304
4,40.46105,-74.33518000000001,462,7.2415
4,40.461040000000004,-74.33534,463,7.2551
4,40.46103,-74.33537000000001,464,7.2578
4,40.46103,-74.33538,465,7.2587
4,40.46103,-74.33548,466,7.2671
4,40.461020000000005,-74.33558000000001,467,7.2757
4,40.461020000000005,-74.3356,468,7.2774
4,40.46101,-74.3357,469,7.2859
4,40.46101,-74.33574,470,7.2893
4,40.46101,-74.33575,471,7.2901
4,40.461000000000006,-74.33582000000001,472,7.2961
4,40.461000000000006,-74.33589,473,7.3021
4,40.46097,-74.33629,474,7.3361
4,40.46096,-74.33639000000001,475,7.3446
4,40.46096,-74.33642,476,7.3471
4,40.46096,-74.33646,477,7.3505
4,40.46096,-74.33648000000001,478,7.3522
4,40.460950000000004,-74.33656,479,7.3591
4,40.460950000000004,-74.33659,480,7.3616
4,40.460950000000004,-74.33663,481,7.365
4,40.460950000000004,-74.33666000000001,482,7.3675
4,40.46094,-74.33673,483,7.3736
4,40.460930000000005,-74.33695,484,7.3922
4,40.46092,-74.33703000000001,485,7.3991
4,40.46092,-74.33708,486,7.4033
4,40.46092,-74.33712000000001,487,7.4067
4,40.46092,-74.33715000000001,488,7.4092
4,40.460910000000005,-74.33726,489,7.4186
4,40.4609,-74.3374,490,7.4305
4,40.460890000000006,-74.33757,491,7.4449
4,40.46088,-74.33766,492,7.4526
4,40.46088,-74.33774000000001,493,7.4594
4,40.46087,-74.3378,494,7.4646
4,40.460860000000004,-74.33792000000001,495,7.4748
4,40.46085,-74.33815000000001,496,7.4943
4,40.460840000000005,-74.33824,497,7.502
4,40.460820000000005,-74.33852,498,7.5258
4,40.460820000000005,-74.33855000000001,499,7.5283
4,40.46079,-74.33892,500,7.5598
4,40.46078000000001,-74.33909000000001,501,7.5742
4,40.460750000000004,-74.33954,502,7.6124
4,40.46074,-74.33970000000001,503,7.626
4,40.460730000000005,-74.33981,504,7.6354
4,40.460730000000005,-74.33984000000001,505,7.6379
4,40.46072,-74.33994000000001,506,7.6464
4,40.460710000000006,-74.34005,507,7.6558
4,40.460710000000006,-74.34007000000001,508,7.6575
4,40.460660000000004,-74.34048,509,7.6926
4,40.460660000000004,-74.34059,510,7.7019
4,40.46063,-74.34072,511,7.7134
4,40.46059,-74.34104,512,7.7409
4,40.4605,-74.34167000000001,513,7.7951
4,40.460480000000004,-74.34177000000001,514,7.8039
4,40.46047,-74.34188,515,7.8132
4,40.46043,-74.34209000000001,516,7.8315
4,40.460420000000006,-74.34216,517,7.8376
4,40.46041,-74.34223,518,7.8436
4,40.46036,-74.34254,519,7.8704
4,40.46036,-74.34255,520,7.8712
4,40.46034,-74.34264,521,7.8792
4,40.460330000000006,-74.34275000000001,522,7.8885
4,40.460330000000006,-74.34276000000001,523,7.8894
4,40.46029,-74.34296,524,7.9069
4,40.460280000000004,-74.34303000000001,525,7.9129
4,40.46027,-74.34306000000001,526,7.9157
4,40.46025,-74.34320000000001,527,7.9277
4,40.46023,-74.34327,528,7.9341
4,40.460190000000004,-74.34355000000001,529,7.9582
4,40.460170000000005,-74.34366,530,7.9677
4,40.46005,-74.34429,531,8.0227
4,40.46003,-74.34443,532,8.0347
4,40.46,-74.34457,533,8.047
4,40.459880000000005,-74.34515,534,8.0979
4,40.45985,-74.34525000000001,535,8.107
4,40.459810000000004,-74.34548000000001,536,8.1269
4,40.45973,-74.34585000000001,537,8.1595
4,40.45969,-74.34609,538,8.1803
4,40.45965,-74.34626,539,8.1953
4,40.45957000000001,-74.34663,540,8.2279
4,40.45949,-74.34700000000001,541,8.2604
4,40.459410000000005,-74.34737000000001,542,8.293
4,40.4594,-74.34742,543,8.2973
4,40.45938,-74.34752,544,8.3061
4,40.45937,-74.34755000000001,545,8.3088
4,40.459250000000004,-74.34814,546,8.3605
4,40.45922,-74.34825000000001,547,8.3704
4,40.459210000000006,-74.34830000000001,548,8.3748
4,40.45919000000001,-74.34841,549,8.3843
4,40.45915,-74.34859,550,8.4002
4,40.459140000000005,-74.34864,551,8.4046
4,40.45913,-74.34867000000001,552,8.4074
4,40.45911,-74.34880000000001,553,8.4186
4,40.45908,-74.34893000000001,554,8.4301
4,40.45908,-74.34894000000001,555,8.4309
4,40.459050000000005,-74.34905,556,8.4408
4,40.45904,-74.3491,557,8.4452
4,40.45904,-74.34912,558,8.4469
4,40.458980000000004,-74.34939,559,8.4707
4,40.45895,-74.34956000000001,560,8.4854
4,40.45877,-74.35042,561,8.5609
4,40.458760000000005,-74.35047,562,8.5653
4,40.458760000000005,-74.35049000000001,563,8.567
4,40.45875,-74.35053,564,8.5705
4,40.458740000000006,-74.35058000000001,565,8.5749
4,40.45872000000001,-74.35065,566,8.5812
4,40.45871,-74.35073000000001,567,8.5881
4,40.45868,-74.35088,568,8.6012
4,40.458670000000005,-74.35092,569,8.6048
4,40.45866,-74.35095000000001,570,8.6075
4,40.45866,-74.35098,571,8.6101
4,40.458650000000006,-74.35099000000001,572,8.6115
4,40.458650000000006,-74.35102,573,8.614
4,40.45863000000001,-74.3511,574,8.6211
4,40.45861,-74.35121000000001,575,8.6307
4,40.458600000000004,-74.35125000000001,576,8.6343
4,40.458560000000006,-74.35142,577,8.6493
4,40.45855,-74.35148000000001,578,8.6545
4,40.45852,-74.35163,579,8.6676
4,40.45834000000001,-74.35247000000001,580,8.7415
4,40.458330000000004,-74.35255000000001,581,8.7483
4,40.45832,-74.35260000000001,582,8.7527
4,40.458310000000004,-74.35264000000001,583,8.7563
4,40.45828,-74.35277,584,8.7678
4,40.45841,-74.35282000000001,585,8.7828
4,40.458450000000006,-74.35283000000001,586,8.7873
4,40.45868,-74.35291000000001,587,8.8138
4,40.458780000000004,-74.35295,588,8.8254
4,40.458800000000004,-74.35296000000001,589,8.8278
4,40.458850000000005,-74.35298,590,8.8336
4,40.458960000000005,-74.35301000000001,591,8.8461
4,40.45911,-74.35306,592,8.8633
4,40.45919000000001,-74.35310000000001,593,8.8728
4,40.4592,-74.35310000000001,594,8.8739
4,40.459270000000004,-74.35313000000001,595,8.8821
4,40.45949,-74.35317,596,8.9068
4,40.459700000000005,-74.35319000000001,597,8.9302
4,40.460330000000006,-74.35316,598,9.0003
4,40.46043,-74.35315,599,9.0115
4,40.460570000000004,-74.35314000000001,600,9.0271
4,40.46079,-74.35313000000001,601,9.0516
4,40.46085,-74.35313000000001,602,9.0582
4,40.46087,-74.35313000000001,603,9.0605
4,40.460890000000006,-74.35313000000001,604,9.0627
4,40.460910000000005,-74.35312,605,9.0651
4,40.46092,-74.35312,606,9.0662
4,40.46123,-74.35311,607,9.1006
4,40.46128,-74.35310000000001,608,9.1063
4,40.461800000000004,-74.35307,609,9.1641
4,40.46201000000001,-74.35306,610,9.1875
4,40.46228,-74.35305000000001,611,9.2175
4,40.46264,-74.35303,612,9.2576
4,40.46266000000001,-74.35296000000001,613,9.2639
4,40.46271,-74.35291000000001,614,9.2709
4,40.462740000000004,-74.35289,615,9.2747
4,40.46276,-74.35288000000001,616,9.277
4,40.462810000000005,-74.35287000000001,617,9.2827
4,40.46282,-74.35278000000001,618,9.2904
4,40.462830000000004,-74.35273000000001,619,9.2947
4,40.462860000000006,-74.35262,620,9.3046
4,40.46287,-74.35257,621,9.309
4,40.46289,-74.35253,622,9.313
4,40.462900000000005,-74.3525,623,9.3158
4,40.462950000000006,-74.3524,624,9.3259
4,40.462990000000005,-74.35233000000001,625,9.3333
4,40.46304000000001,-74.35227,626,9.3409
4,40.46314,-74.35218,627,9.3544
4,40.4632,-74.35214,628,9.3618
4,40.46327,-74.35211000000001,629,9.37
4,40.46329,-74.35210000000001,630,9.3724
4,40.46338,-74.35207000000001,631,9.3827
4,40.463460000000005,-74.35206000000001,632,9.3917
4,40.46354,-74.35205,633,9.4006
4,40.463570000000004,-74.35205,634,9.4039
4,40.463620000000006,-74.35206000000001,635,9.4096
4,40.46363,-74.35206000000001,636,9.4107
4,40.46369000000001,-74.35208,637,9.4175
4,40.46378,-74.35208,638,9.4275
4,40.46381,-74.35207000000001,639,9.431
4,40.463840000000005,-74.35207000000001,640,9.4343
4,40.463860000000004,-74.35206000000001,641,9.4367
4,40.46387,-74.35206000000001,642,9.4378
4,40.463890000000006,-74.35205,643,9.4402
4,40.46392,-74.35204,644,9.4436
4,40.463950000000004,-74.35202000000001,645,9.4474
4,40.464000000000006,-74.35199,646,9.4535
4,40.46405,-74.35195,647,9.46
4,40.4641,-74.3519,648,9.467
4,40.46416000000001,-74.35182,649,9.4765
4,40.464180000000006,-74.35180000000001,650,9.4793
4,40.46425,-74.35170000000001,651,9.4908
4,40.46428,-74.35166000000001,652,9.4955
4,40.464290000000005,-74.35164,653,9.4976
4,40.4643,-74.35162000000001,654,9.4996
4,40.46441,-74.35143000000001,655,9.5198
4,40.464600000000004,-74.35116000000001,656,9.5509
4,40.46464,-74.35111,657,9.557
4,40.464710000000004,-74.35102,658,9.5679
4,40.464780000000005,-74.35095000000001,659,9.5777
4,40.46486,-74.35087,660,9.5889
4,40.464940000000006,-74.3508,661,9.5996
4,40.464980000000004,-74.35076000000001,662,9.6052
4,40.465050000000005,-74.35071,663,9.614
4,40.46508,-74.35069,664,9.6178
4,40.465090000000004,-74.35068000000001,665,9.6192
4,40.46515,-74.35065,666,9.6263
4,40.465340000000005,-74.35056,667,9.6487
4,40.465430000000005,-74.35053,668,9.6591
4,40.46553,-74.35050000000001,669,9.6705
4,40.4656,-74.35049000000001,670,9.6783
4,40.46571,-74.35048,671,9.6906
4,40.465830000000004,-74.35048,672,9.7039
4,40.466080000000005,-74.35050000000001,673,9.7318
4,40.46689000000001,-74.35068000000001,674,9.8231
4,40.46701,-74.35071,675,9.8367
4,40.46712,-74.35075,676,9.8494
4,40.467130000000004,-74.35075,677,9.8505
4,40.46716,-74.35075,678,9.8538
4,40.467180000000006,-74.35076000000001,679,9.8562
4,40.46719,-74.35076000000001,680,9.8573
4,40.467200000000005,-74.35076000000001,681,9.8584
4,40.46726,-74.35078,682,9.8653
4,40.46734,-74.3508,683,9.8744
4,40.467380000000006,-74.3508,684,9.8788
4,40.467490000000005,-74.35083,685,9.8913
4,40.46752,-74.35084,686,9.8948
4,40.467530000000004,-74.35084,687,9.8959
4,40.46755,-74.35084,688,9.8981
4,40.467560000000006,-74.35085000000001,689,9.8995
4,40.46759,-74.35085000000001,690,9.9028
4,40.46766,-74.35088,691,9.911
4,40.467870000000005,-74.35096,692,9.9353
4,40.468030000000006,-74.35106,693,9.955
4,40.468050000000005,-74.35108000000001,694,9.9578
4,40.46806,-74.35108000000001,695,9.9589
4,40.46810000000001,-74.35111,696,9.9641
4,40.468160000000005,-74.35116000000001,697,9.972
4,40.468210000000006,-74.35119,698,9.9781
4,40.468270000000004,-74.35124,699,9.986
4,40.46828,-74.35125000000001,700,9.9874
4,40.468300000000006,-74.35128,701,9.9907
4,40.468340000000005,-74.35131000000001,702,9.9959
4,40.46838,-74.35135000000001,703,10.0014
4,40.468410000000006,-74.35139000000001,704,10.0062
4,40.46847,-74.35146,705,10.0151
4,40.46848000000001,-74.35148000000001,706,10.0171
4,40.468560000000004,-74.35158000000001,707,10.0294
4,40.46862,-74.35166000000001,708,10.0389
4,40.46867,-74.35174,709,10.0477
4,40.46871,-74.35179000000001,710,10.0538
4,40.468790000000006,-74.35196,711,10.0707
4,40.46887,-74.35213,712,10.0876
4,40.468880000000006,-74.35215000000001,713,10.0897
4,40.468880000000006,-74.35217,714,10.0914
4,40.46889,-74.35219000000001,715,10.0934
4,40.468900000000005,-74.35222,716,10.0961
4,40.46895000000001,-74.35236,717,10.1092
4,40.468970000000006,-74.35241,718,10.114
4,40.46904000000001,-74.35262,719,10.1334
4,40.46905,-74.35267,720,10.1378
4,40.46911,-74.35284,721,10.1536
4,40.469150000000006,-74.35295,722,10.1639
4,40.46927,-74.35325,723,10.1926
4,40.469280000000005,-74.35326,724,10.194
4,40.46931,-74.35332000000001,725,10.2001
4,40.46938,-74.35345000000001,726,10.2136
4,40.46942000000001,-74.35354000000001,727,10.2224
4,40.469480000000004,-74.35365,728,10.2338
4,40.469640000000005,-74.35399000000001,729,10.2676
4,40.469660000000005,-74.35405,730,10.2732
4,40.46967,-74.35405,731,10.2743
4,40.469710000000006,-74.35421000000001,732,10.2885
4,40.46974,-74.35441,733,10.3058
4,40.46974,-74.35451,734,10.3143
4,40.46974,-74.35454,735,10.3168
4,40.46974,-74.35459,736,10.321
4,40.46972,-74.35474,737,10.3339
4,40.469710000000006,-74.35479000000001,738,10.3383
4,40.46969,-74.3549,739,10.3478
4,40.46967,-74.35496,740,10.3534
4,40.469660000000005,-74.35497000000001,741,10.3548
4,40.469570000000004,-74.35528000000001,742,10.3829
4,40.469550000000005,-74.35533000000001,743,10.3876
4,40.46952,-74.35541,744,10.3952
4,40.469460000000005,-74.35563,745,10.4149
4,40.46943,-74.35578000000001,746,10.4281
4,40.46943,-74.35586,747,10.4348
4,40.46943,-74.35594,748,10.4416
4,40.469460000000005,-74.35608,749,10.4539
4,40.46947,-74.35613000000001,750,10.4583
4,40.46949,-74.35619000000001,751,10.4638
4,40.46951000000001,-74.35625,752,10.4694
4,40.46954,-74.3563,753,10.4747
4,40.469570000000004,-74.35636000000001,754,10.4808
4,40.469620000000006,-74.35643,755,10.4889
4,40.46967,-74.35647,756,10.4955
4,40.46972,-74.35651,757,10.502
4,40.469770000000004,-74.35654000000001,758,10.5081
4,40.469820000000006,-74.35656,759,10.5139
4,40.46987,-74.35658000000001,760,10.5197
4,40.469950000000004,-74.3566,761,10.5288
4,40.4701,-74.35661,762,10.5455
4,40.47012,-74.35661,763,10.5477
4,40.47014,-74.35661,764,10.5499
4,40.47025,-74.35662,765,10.5622
4,40.470690000000005,-74.35665,766,10.6112
4,40.470780000000005,-74.35666,767,10.6212
4,40.47079,-74.35666,768,10.6223
4,40.47082,-74.35666,769,10.6256
4,40.47084,-74.35666,770,10.6279
4,40.470960000000005,-74.35666,771,10.6412
4,40.47097,-74.3566,772,10.6464
4,40.47097,-74.35652,773,10.6532
4,40.470980000000004,-74.35646000000001,774,10.6584
4,40.47099,-74.35642,775,10.6619
4,40.47102,-74.35611,776,10.6884
4,40.471030000000006,-74.35604000000001,777,10.6944
4,40.47104,-74.35602,778,10.6964
4,40.47104,-74.35600000000001,779,10.6981
4,40.471050000000005,-74.35594,780,10.7033
4,40.471050000000005,-74.35586,781,10.7101
4,40.47106,-74.3558,782,10.7153
4,40.47106,-74.35575,783,10.7195
4,40.471070000000005,-74.35567,784,10.7264
4,40.47108,-74.3555,785,10.7408
4,40.471090000000004,-74.35543000000001,786,10.7468
4,40.4711,-74.35521,787,10.7654
4,40.4711,-74.35513,788,10.7722
4,40.471120000000006,-74.35480000000001,789,10.8002
4,40.47113,-74.35443000000001,790,10.8315
4,40.47113,-74.35425000000001,791,10.8468
4,40.47113,-74.35413000000001,792,10.8569
4,40.471140000000005,-74.35374,793,10.8899
4,40.47115,-74.35307,794,10.9466
4,40.471160000000005,-74.35227,795,11.0143
4,40.471160000000005,-74.3519,796,11.0456
4,40.47117,-74.35176000000001,797,11.0575
4,40.47117,-74.35172,798,11.0609
4,40.47117,-74.35146,799,11.0829
4,40.47117,-74.35142,800,11.0862
4,40.47117,-74.35132,801,11.0947
4,40.471180000000004,-74.35086000000001,802,11.1336
4,40.471180000000004,-74.35072000000001,803,11.1455
4,40.471180000000004,-74.35057,804,11.1582
4,40.471180000000004,-74.35054000000001,805,11.1607
4,40.4712,-74.35018000000001,806,11.1912
4,40.47122,-74.34977,807,11.226
4,40.47124,-74.3494,808,11.2574
4,40.471250000000005,-74.3493,809,11.2659
4,40.471250000000005,-74.34913,810,11.2803
4,40.47126,-74.34906000000001,811,11.2863
4,40.471270000000004,-74.34882,812,11.3066
4,40.47128,-74.34863,813,11.3227
4,40.47128,-74.34855,814,11.3295
4,40.47128,-74.34839000000001,815,11.343
4,40.47129,-74.34830000000001,816,11.3507
4,40.47129,-74.34808000000001,817,11.3693
4,40.47130000000001,-74.34788,818,11.3863
4,40.47130000000001,-74.34784,819,11.3897
4,40.47130000000001,-74.3476,820,11.41
4,40.47130000000001,-74.34754000000001,821,11.4151
4,40.47131,-74.34737000000001,822,11.4295
4,40.47131,-74.34716,823,11.4472
4,40.471320000000006,-74.34674000000001,824,11.4828
4,40.47133,-74.34652000000001,825,11.5014
4,40.47133,-74.34613,826,11.5344
4,40.47133,-74.34612,827,11.5353
4,40.471340000000005,-74.34594000000001,828,11.5505
4,40.471340000000005,-74.34587,829,11.5565
4,40.47133,-74.34583,830,11.56
4,40.47133,-74.34578,831,11.5643
4,40.471340000000005,-74.34567000000001,832,11.5736
4,40.47135,-74.34533,833,11.6024
4,40.471360000000004,-74.34477000000001,834,11.6498
4,40.47137,-74.34449000000001,835,11.6735
4,40.47138,-74.34438,836,11.6829
4,40.47139000000001,-74.3443,837,11.6897
4,40.4714,-74.34421,838,11.6974
4,40.471430000000005,-74.34404,839,11.7122
4,40.471450000000004,-74.34391000000001,840,11.7234
4,40.47149,-74.34366,841,11.745
4,40.471500000000006,-74.34358,842,11.7519
4,40.471520000000005,-74.34344,843,11.7639
4,40.47153,-74.34336,844,11.7708
4,40.471560000000004,-74.34321,845,11.7839
4,40.47166,-74.34254,846,11.8417
4,40.471790000000006,-74.34165,847,11.9183
4,40.471810000000005,-74.34154000000001,848,11.9279
4,40.471900000000005,-74.34094,849,11.9796
4,40.47191,-74.34087000000001,850,11.9856
4,40.471920000000004,-74.34077,851,11.9942
4,40.471940000000004,-74.34066,852,12.0037
4,40.471940000000004,-74.34061000000001,853,12.008
4,40.471990000000005,-74.3403,854,12.0348
4,40.471990000000005,-74.34028,855,12.0365
4,40.472,-74.34023,856,12.0408
4,40.47205,-74.33982,857,12.076
4,40.472060000000006,-74.33972,858,12.0845
4,40.47207,-74.33962000000001,859,12.093
4,40.47207,-74.33961000000001,860,12.0939
4,40.472100000000005,-74.33937,861,12.1144
4,40.47211,-74.33930000000001,862,12.1205
4,40.472120000000004,-74.33924,863,12.1257
4,40.47216,-74.33893,864,12.1522
4,40.47216,-74.33889,865,12.1556
4,40.472170000000006,-74.33879,866,12.1642
4,40.472190000000005,-74.33869,867,12.1729
4,40.472190000000005,-74.33865,868,12.1763
4,40.4722,-74.33856,869,12.184
4,40.47234,-74.33738000000001,870,12.285
4,40.472350000000006,-74.3373,871,12.2919
4,40.472350000000006,-74.33729000000001,872,12.2927
4,40.472350000000006,-74.33728,873,12.2935
4,40.47236,-74.33720000000001,874,12.3004
4,40.47238,-74.3371,875,12.3092
4,40.47243,-74.33673,876,12.3409
4,40.47245,-74.33657000000001,877,12.3547
4,40.47251,-74.33611,878,12.3941
4,40.472530000000006,-74.33600000000001,879,12.4037
4,40.47254,-74.33590000000001,880,12.4122
4,40.47256,-74.33579,881,12.4218
4,40.47256,-74.33575,882,12.4252
4,40.472570000000005,-74.33569,883,12.4304
4,40.47258,-74.33566,884,12.4331
4,40.47261,-74.33552,885,12.4455
4,40.47261,-74.33549000000001,886,12.448
4,40.472620000000006,-74.33541000000001,887,12.4548
4,40.472640000000006,-74.33521,888,12.4719
4,40.47265,-74.33511,889,12.4804
4,40.472660000000005,-74.33501000000001,890,12.489
4,40.47269,-74.33479000000001,891,12.5079
4,40.472710000000006,-74.33470000000001,892,12.5158
4,40.472710000000006,-74.33466,893,12.5192
4,40.47279,-74.33414,894,12.5641
4,40.47283,-74.3339,895,12.5849
4,40.47287,-74.33368,896,12.604
4,40.47289000000001,-74.33356,897,12.6144
4,40.472930000000005,-74.33332,898,12.6352
4,40.472930000000005,-74.33329,899,12.6377
4,40.473000000000006,-74.3328,900,12.6799
4,40.47307,-74.33236000000001,901,12.7179
4,40.473090000000006,-74.33213,902,12.7375
4,40.473090000000006,-74.33185,903,12.7612
4,40.4731,-74.33151000000001,904,12.7899
4,40.473090000000006,-74.33138000000001,905,12.801
4,40.473090000000006,-74.33125000000001,906,12.812
4,40.473090000000006,-74.33115000000001,907,12.8204
4,40.47308,-74.33107000000001,908,12.8273
4,40.47307,-74.33091,909,12.8409
4,40.47307,-74.33084000000001,910,12.8468
4,40.47303,-74.33036000000001,911,12.8877
4,40.47296,-74.3298,912,12.9357
4,40.47294,-74.32955000000001,913,12.9569
4,40.47294,-74.32954000000001,914,12.9578
4,40.47289000000001,-74.32908,915,12.9971
4,40.47287,-74.32884,916,13.0175
4,40.47285,-74.32869000000001,917,13.0304
4,40.47285,-74.32867,918,13.0321
4,40.47283,-74.32849,919,13.0474
4,40.472820000000006,-74.32833000000001,920,13.061
4,40.472820000000006,-74.32825000000001,921,13.0678
4,40.47281,-74.32815000000001,922,13.0763
4,40.47281,-74.32805,923,13.0848
4,40.47281,-74.32797000000001,924,13.0915
4,40.47281,-74.32788000000001,925,13.0992
4,40.472860000000004,-74.32715,926,13.1612
4,40.4729,-74.3266,927,13.2079
4,40.472910000000006,-74.32654000000001,928,13.2131
4,40.472910000000006,-74.32651000000001,929,13.2156
4,40.472910000000006,-74.32649,930,13.2173
4,40.472930000000005,-74.32624000000001,931,13.2386
4,40.47294,-74.32608,932,13.2522
4,40.47296,-74.32589,933,13.2684
4,40.47298000000001,-74.32572,934,13.2829
4,40.473000000000006,-74.32563,935,13.2909
4,40.473020000000005,-74.3255,936,13.3021
4,40.47312,-74.32503000000001,937,13.3434
4,40.473200000000006,-74.32464,938,13.3775
4,40.47328,-74.32418000000001,939,13.4175
4,40.47334,-74.32391000000001,940,13.4412
4,40.473380000000006,-74.32375,941,13.4555
4,40.473400000000005,-74.32364000000001,942,13.4651
4,40.47345000000001,-74.32346000000001,943,13.4813
4,40.473690000000005,-74.32286,944,13.5386
4,40.473710000000004,-74.32281,945,13.5434
4,40.473870000000005,-74.32245,946,13.5787
4,40.47388,-74.32243000000001,947,13.5807
4,40.473940000000006,-74.32230000000001,948,13.5935
4,40.474180000000004,-74.32176000000001,949,13.6464
4,40.47421000000001,-74.32169,950,13.6532
4,40.47446,-74.32109000000001,951,13.7111
4,40.47449,-74.32097,952,13.7218
4,40.474520000000005,-74.32090000000001,953,13.7286
4,40.474540000000005,-74.32083,954,13.7349
4,40.474720000000005,-74.32043,955,13.7742
4,40.474970000000006,-74.31985,956,13.8306
4,40.47533000000001,-74.31903000000001,957,13.9107
4,40.475620000000006,-74.31841,958,13.9723
4,40.475910000000006,-74.31779,959,14.0338
4,40.47598,-74.31764000000001,960,14.0487
4,40.476040000000005,-74.31750000000001,961,14.0623
4,40.476220000000005,-74.31710000000001,962,14.1016
4,40.4763,-74.31694,963,14.1178
4,40.47641,-74.31668,964,14.143
4,40.476530000000004,-74.31641,965,14.1694
4,40.47701,-74.31527000000001,966,14.2796
4,40.477140000000006,-74.31497,967,14.3088
4,40.47728,-74.31464000000001,968,14.3408
4,40.47735,-74.31449,969,14.3557
4,40.47742,-74.31433000000001,970,14.3713
4,40.477470000000004,-74.3142,971,14.3836
4,40.47753,-74.31407,972,14.3965
4,40.4776,-74.3139,973,14.4128
4,40.47767,-74.31372,974,14.4299
4,40.47773,-74.31356000000001,975,14.445
4,40.47775,-74.31351000000001,976,14.4498
4,40.477900000000005,-74.31311000000001,977,14.4875
4,40.47807,-74.31277,978,14.5219
4,40.47816,-74.31259,979,14.5401
4,40.47818,-74.31255,980,14.5442
4,40.47822,-74.31246,981,14.553
4,40.478280000000005,-74.31237,982,14.5631
4,40.47834,-74.31227000000001,983,14.5739
4,40.47831,-74.31205,984,14.5928
4,40.47831,-74.31202,985,14.5953
4,40.478300000000004,-74.31200000000001,986,14.5974
4,40.47829,-74.31190000000001,987,14.6059
4,40.478280000000005,-74.31184,988,14.6111
4,40.478280000000005,-74.31178000000001,989,14.6162
4,40.478260000000006,-74.31163000000001,990,14.6291
4,40.47824000000001,-74.31149,991,14.6411
4,40.47822,-74.31135,992,14.6532
4,40.478190000000005,-74.31110000000001,993,14.6746
4,40.47816,-74.31088000000001,994,14.6935
4,40.478080000000006,-74.31038000000001,995,14.7367
4,40.478080000000006,-74.31034000000001,996,14.7401
4,40.478030000000004,-74.30998000000001,997,14.771
4,40.47798,-74.30968,998,14.797
4,40.47796,-74.30951,999,14.8115
4,40.47793,-74.30929,1000,14.8304
4,40.47793,-74.30926000000001,1001,14.833
4,40.477830000000004,-74.30860000000001,1002,14.8899
4,40.477810000000005,-74.30849,1003,14.8995
4,40.4778,-74.3084,1004,14.9072
4,40.47778,-74.30823000000001,1005,14.9217
4,40.47775,-74.30801000000001,1006,14.9406
4,40.47773,-74.30787000000001,1007,14.9527
4,40.477700000000006,-74.30766000000001,1008,14.9707
4,40.47764,-74.30727,1009,15.0044
4,40.477630000000005,-74.30724000000001,1010,15.0072
4,40.477630000000005,-74.30719,1011,15.0114
4,40.4776,-74.30698000000001,1012,15.0295
4,40.47753,-74.30648000000001,1013,15.0725
4,40.477500000000006,-74.30628,1014,15.0897
4,40.47746,-74.30601,1015,15.113
4,40.477430000000005,-74.30584,1016,15.1277
4,40.477410000000006,-74.30572000000001,1017,15.1381
4,40.477410000000006,-74.30569000000001,1018,15.1407
4,40.477360000000004,-74.30533000000001,1019,15.1716
4,40.47731,-74.30503,1020,15.1976
4,40.47728,-74.3048,1021,15.2173
4,40.47726,-74.30466000000001,1022,15.2294
4,40.47722,-74.30441,1023,15.251
4,40.4772,-74.30424000000001,1024,15.2655
4,40.477160000000005,-74.30399000000001,1025,15.2871
4,40.47715,-74.30388,1026,15.2965
4,40.4771,-74.30355,1027,15.325
4,40.477070000000005,-74.30338,1028,15.3397
4,40.477050000000006,-74.30325,1029,15.351
4,40.477050000000006,-74.30321,1030,15.3543
4,40.47704,-74.30311,1031,15.3629
4,40.47702,-74.30304000000001,1032,15.3692
4,40.47697,-74.30265,1033,15.4026
4,40.47692,-74.30234,1034,15.4294
4,40.4769,-74.3022,1035,15.4415
4,40.47688,-74.30203,1036,15.456
4,40.476850000000006,-74.30181,1037,15.475
4,40.47681,-74.30158,1038,15.4949
4,40.47677,-74.30127,1039,15.5215
4,40.47675,-74.30113,1040,15.5336
4,40.476710000000004,-74.30090000000001,1041,15.5535
4,40.476690000000005,-74.3007,1042,15.5706
4,40.47668,-74.30067000000001,1043,15.5733
4,40.47663,-74.30031000000001,1044,15.6043
4,40.476620000000004,-74.30025,1045,15.6095
4,40.47659,-74.30006,1046,15.6259
4,40.476510000000005,-74.29951000000001,1047,15.6733
4,40.47648,-74.29934,1048,15.688
4,40.47645,-74.29911000000001,1049,15.7078
4,40.47641,-74.29881,1050,15.7335
4,40.47636000000001,-74.29856000000001,1051,15.7554
4,40.47628,-74.29802000000001,1052,15.8019
4,40.47626,-74.29786,1053,15.8156
4,40.476200000000006,-74.29748000000001,1054,15.8485
4,40.47618000000001,-74.29735000000001,1055,15.8597
4,40.47617,-74.29725,1056,15.8682
4,40.47617,-74.29722000000001,1057,15.8708
4,40.47616,-74.29716,1058,15.876
4,40.47616,-74.29714000000001,1059,15.8776
4,40.476150000000004,-74.29712,1060,15.8797
4,40.476110000000006,-74.29682000000001,1061,15.9054
4,40.4761,-74.29676,1062,15.9106
4,40.47607,-74.29663000000001,1063,15.9221
4,40.47605,-74.29652,1064,15.9317
4,40.47603,-74.29639,1065,15.9429
4,40.476000000000006,-74.29624000000001,1066,15.956
4,40.47599,-74.29614000000001,1067,15.9646
4,40.47596,-74.29599,1068,15.9777
4,40.475910000000006,-74.29570000000001,1069,16.0028
4,40.475910000000006,-74.29568,1070,16.0045
4,40.47589000000001,-74.29560000000001,1071,16.0116
4,40.47589000000001,-74.29555,1072,16.0159
4,40.475880000000004,-74.2955,1073,16.0202
4,40.47587,-74.29545,1074,16.0246
4,40.475880000000004,-74.29538000000001,1075,16.0306
4,40.47589000000001,-74.29533,1076,16.035
4,40.47592,-74.29528,1077,16.0404
4,40.47594,-74.29524,1078,16.0445
4,40.47601,-74.29513,1079,16.0566
4,40.476060000000004,-74.29506,1080,16.0647
4,40.476200000000006,-74.29484000000001,1081,16.089
4,40.47632,-74.29465,1082,16.1099
4,40.47637,-74.29457000000001,1083,16.1186
4,40.476400000000005,-74.29453000000001,1084,16.1234
4,40.47643,-74.29448000000001,1085,16.1288
4,40.47654,-74.2943,1086,16.1483
4,40.47659,-74.29422000000001,1087,16.157
4,40.47661,-74.2942,1088,16.1598
4,40.47663,-74.29416,1089,16.1639
4,40.476800000000004,-74.29390000000001,1090,16.1929
4,40.476820000000004,-74.29387000000001,1091,16.1963
4,40.476850000000006,-74.29381000000001,1092,16.2023
4,40.476870000000005,-74.29377000000001,1093,16.2064
4,40.47688,-74.29375,1094,16.2084
4,40.476910000000004,-74.29372000000001,1095,16.2126
4,40.47699,-74.29361,1096,16.2255
4,40.47706,-74.29352,1097,16.2364
4,40.47706,-74.29351000000001,1098,16.2372
4,40.4771,-74.29346000000001,1099,16.2433
4,40.477180000000004,-74.29336,1100,16.2556
4,40.4772,-74.29334,1101,16.2584
4,40.47724,-74.2933,1102,16.264
4,40.47724,-74.29329000000001,1103,16.2648
4,40.477270000000004,-74.29326,1104,16.269
4,40.47729,-74.29323000000001,1105,16.2724
4,40.47733,-74.29319000000001,1106,16.278
4,40.47739,-74.29312,1107,16.2869
4,40.47755,-74.29296000000001,1108,16.3093
4,40.477560000000004,-74.29294,1109,16.3113
4,40.4778,-74.29271,1110,16.3443
4,40.47784,-74.29266000000001,1111,16.3505
4,40.47786000000001,-74.29264,1112,16.3533
4,40.47791,-74.29260000000001,1113,16.3598
4,40.47793,-74.29257000000001,1114,16.3631
4,40.478210000000004,-74.29229000000001,1115,16.4023
4,40.47827,-74.29222,1116,16.4112
4,40.478300000000004,-74.29220000000001,1117,16.4149
4,40.47842,-74.29207000000001,1118,16.4322
4,40.478570000000005,-74.29193000000001,1119,16.4527
4,40.4787,-74.29181000000001,1120,16.4703
4,40.47876,-74.29175000000001,1121,16.4787
4,40.47880000000001,-74.29172000000001,1122,16.4838
4,40.47887,-74.29165,1123,16.4936
4,40.47894,-74.29159,1124,16.5029
4,40.47916,-74.29137,1125,16.5336
4,40.47925,-74.29126000000001,1126,16.5473
4,40.47945,-74.29104000000001,1127,16.5763
4,40.47992,-74.29036,1128,16.654
4,40.48004,-74.29020000000001,1129,16.673
4,40.48017,-74.29003,1130,16.6934
4,40.48026,-74.28991,1131,16.7077
4,40.48042,-74.28970000000001,1132,16.7328
4,40.48053,-74.28956000000001,1133,16.7498
4,40.48058,-74.2895,1134,16.7574
4,40.480760000000004,-74.28929000000001,1135,16.7841
4,40.480790000000006,-74.28925000000001,1136,16.7889
4,40.480880000000006,-74.28915,1137,16.802
4,40.480920000000005,-74.2891,1138,16.8081
4,40.48095,-74.28906,1139,16.8129
4,40.48098,-74.28901,1140,16.8182
4,40.481030000000004,-74.28891,1141,16.8284
4,40.48134,-74.28825,1142,16.894
4,40.481370000000005,-74.28819,1143,16.9
4,40.4814,-74.28812,1144,16.9068
4,40.48142,-74.28795000000001,1145,16.9214
4,40.48138,-74.28784,1146,16.9317
4,40.481570000000005,-74.28771,1147,16.9555
4,40.48167,-74.28763000000001,1148,16.9685
4,40.481970000000004,-74.28739,1149,17.0076
4,40.48207,-74.28732000000001,1150,17.0202
4,40.482110000000006,-74.28729000000001,1151,17.0253
4,40.48212,-74.28728000000001,1152,17.0267
4,40.482130000000005,-74.28728000000001,1153,17.0278
4,40.48214,-74.28727,1154,17.0292
4,40.4823,-74.28714000000001,1155,17.0501
4,40.48259,-74.28692000000001,1156,17.0873
4,40.48279,-74.28676,1157,17.1134
4,40.483520000000006,-74.28620000000001,1158,17.2073
4,40.483830000000005,-74.28595,1159,17.2478
4,40.483920000000005,-74.28588,1160,17.2594
4,40.48398,-74.28584000000001,1161,17.2669
4,40.484,-74.28582,1162,17.2697
4,40.48405,-74.28578,1163,17.2762
4,40.48411,-74.28574,1164,17.2837
4,40.48507,-74.28499000000001,1165,17.4078
4,40.485170000000004,-74.28491000000001,1166,17.4209
4,40.48521,-74.28488,1167,17.426
4,40.48532,-74.28479,1168,17.4404
4,40.48603000000001,-74.28425,1169,17.5316
4,40.486160000000005,-74.28415000000001,1170,17.5483
4,40.48624,-74.28409,1171,17.5586
4,40.486290000000004,-74.28405000000001,1172,17.5651
4,40.48608,-74.28359,1173,17.6105
4,40.48603000000001,-74.28349,1174,17.6206
4,40.486000000000004,-74.28343000000001,1175,17.6267
4,40.48592,-74.28325000000001,1176,17.6443
4,40.48588,-74.28317000000001,1177,17.6524
4,40.48584,-74.28307000000001,1178,17.6619
4,40.4857,-74.28277,1179,17.6917
4,40.48568,-74.28271000000001,1180,17.6972
4,40.48565000000001,-74.28265,1181,17.7033
4,40.48552,-74.28237,1182,17.7311
4,40.48548,-74.28228,1183,17.7399
4,40.48543,-74.28219,1184,17.7493
4,40.485420000000005,-74.28217000000001,1185,17.7513
4,40.4853,-74.28191000000001,1186,17.7771
4,40.485260000000004,-74.28182000000001,1187,17.7859
4,40.48523,-74.28176,1188,17.7919
4,40.48521,-74.28173000000001,1189,17.7953
4,40.485130000000005,-74.28158,1190,17.8108
4,40.48512,-74.28156000000001,1191,17.8128
4,40.48509000000001,-74.28151000000001,1192,17.8182
4,40.48508,-74.28150000000001,1193,17.8196
4,40.48505,-74.28146000000001,1194,17.8244
4,40.48503,-74.28144,1195,17.8272
4,40.48499,-74.28141000000001,1196,17.8323
4,40.48492,-74.28135,1197,17.8416
4,40.484840000000005,-74.28128000000001,1198,17.8523
4,40.4848,-74.28125,1199,17.8574
4,40.484750000000005,-74.28121,1200,17.8639
4,40.48453000000001,-74.28104,1201,17.8923
4,40.484500000000004,-74.28102000000001,1202,17.896
4,40.48449,-74.28101000000001,1203,17.8974
4,40.48395,-74.28059,1204,17.9672
4,40.48386,-74.28051,1205,17.9792
4,40.48378,-74.28043000000001,1206,17.9904
4,40.48377,-74.28043000000001,1207,17.9915
4,40.483340000000005,-74.28009,1208,18.0473
4,40.483250000000005,-74.28002000000001,1209,18.059
4,40.48315,-74.27995,1210,18.0716
4,40.483050000000006,-74.27987,1211,18.0846
4,40.48304,-74.27986,1212,18.086
4,40.482960000000006,-74.27980000000001,1213,18.0962
4,40.482910000000004,-74.27976000000001,1214,18.1027
4,40.4827,-74.2796,1215,18.1297
4,40.48263,-74.27955,1216,18.1386
4,40.48256000000001,-74.27949000000001,1217,18.1479
4,40.482420000000005,-74.27939,1218,18.1656
4,40.482400000000005,-74.27937,1219,18.1684
4,40.482380000000006,-74.27935000000001,1220,18.1712
4,40.482240000000004,-74.27925,1221,18.1889
4,40.48223,-74.27924,1222,18.1903
4,40.48208,-74.27912,1223,18.2098
4,40.48198,-74.27905000000001,1224,18.2224
4,40.48189,-74.27898,1225,18.234
4,40.48143,-74.27862,1226,18.2936
4,40.48136,-74.27857,1227,18.3024
4,40.48129,-74.27852,1228,18.3113
4,40.480810000000005,-74.27814000000001,1229,18.3736
4,40.480720000000005,-74.27807,1230,18.3852
4,40.48062,-74.278,1231,18.3978
4,40.480140000000006,-74.27763,1232,18.4597
4,40.480070000000005,-74.27757000000001,1233,18.469
4,40.48001,-74.27752000000001,1234,18.4769
4,40.479780000000005,-74.27735000000001,1235,18.5062
4,40.479760000000006,-74.27733,1236,18.509
4,40.47973,-74.27731,1237,18.5127
4,40.479670000000006,-74.27726000000001,1238,18.5206
4,40.47952,-74.27715,1239,18.5397
4,40.47945,-74.27711000000001,1240,18.5482
4,40.47941,-74.27708000000001,1241,18.5533
4,40.47937,-74.27706,1242,18.5581
4,40.47921,-74.27694000000001,1243,18.5786
4,40.479200000000006,-74.27693000000001,1244,18.58
4,40.47909000000001,-74.27685000000001,1245,18.594
4,40.478880000000004,-74.27668000000001,1246,18.6214
4,40.47863,-74.27649000000001,1247,18.6535
4,40.4786,-74.27647,1248,18.6572
4,40.478320000000004,-74.27625,1249,18.6935
4,40.47825,-74.27621,1250,18.702
4,40.47814,-74.27613000000001,1251,18.716
4,40.47814,-74.27612,1252,18.7168
4,40.47805,-74.27606,1253,18.728
4,40.47809,-74.27597,1254,18.7369
4,40.47811,-74.27594,1255,18.7402
4,40.47814,-74.27586000000001,1256,18.7478
4,40.47824000000001,-74.27563,1257,18.7702
4,40.47825,-74.27560000000001,1258,18.773
4,40.47829,-74.27552,1259,18.7811
4,40.47831,-74.27545,1260,18.7874
4,40.47849,-74.27507,1261,18.8252
4,40.47851,-74.27504,1262,18.8286
4,40.478590000000004,-74.27485,1263,18.847
4,40.47871000000001,-74.27457000000001,1264,18.8742
4,40.47876,-74.27448000000001,1265,18.8836
4,40.47880000000001,-74.27438000000001,1266,18.8931
4,40.478910000000006,-74.27413,1267,18.9176
4,40.47896,-74.27401,1268,18.9291
4,40.479000000000006,-74.27392,1269,18.938
4,40.47919,-74.27351,1270,18.9786
4,40.47941,-74.27301,1271,19.0274
4,40.479490000000006,-74.27285,1272,19.0436
4,40.479510000000005,-74.2728,1273,19.0484
4,40.47964,-74.27251000000001,1274,19.0769
4,40.479710000000004,-74.27236,1275,19.0918
4,40.479760000000006,-74.27229000000001,1276,19.0999
4,40.479780000000005,-74.27226,1277,19.1033
4,40.479780000000005,-74.27225,1278,19.1041
4,40.47981,-74.27221,1279,19.1088
4,40.47988,-74.27214000000001,1280,19.1186
4,40.479890000000005,-74.27212,1281,19.1206
4,40.4799,-74.27212,1282,19.1218
4,40.480000000000004,-74.27203,1283,19.1352
4,40.480070000000005,-74.272,1284,19.1434
4,40.480090000000004,-74.27199,1285,19.1458
4,40.48011,-74.27198,1286,19.1482
4,40.480140000000006,-74.27197000000001,1287,19.1516
4,40.4802,-74.27196,1288,19.1583
4,40.48022,-74.27195,1289,19.1607
4,40.48026,-74.27194,1290,19.1653
4,40.480320000000006,-74.27193000000001,1291,19.172
4,40.4804,-74.27192000000001,1292,19.1809
4,40.48046,-74.27192000000001,1293,19.1876
4,40.480560000000004,-74.27194,1294,19.1988
4,40.48058,-74.27194,1295,19.2011
4,40.48059000000001,-74.27194,1296,19.2022
4,40.48064,-74.27196,1297,19.208
4,40.48066,-74.27197000000001,1298,19.2104
4,40.48077000000001,-74.27202000000001,1299,19.2233
4,40.48078,-74.27203,1300,19.2247
4,40.4808,-74.27204,1301,19.2271
4,40.48082,-74.27206000000001,1302,19.2299
4,40.48087,-74.27208,1303,19.2357
4,40.48091,-74.27211000000001,1304,19.2408
4,40.480940000000004,-74.27213,1305,19.2445
4,40.48113,-74.27227,1306,19.2688
4,40.4812,-74.27233000000001,1307,19.2781
4,40.48149,-74.27256000000001,1308,19.3157
4,40.48158,-74.27263,1309,19.3273
4,40.48192,-74.27289,1310,19.3711
4,40.482110000000006,-74.27303,1311,19.3953
4,40.48218000000001,-74.27308000000001,1312,19.4042
4,40.482200000000006,-74.2731,1313,19.407
4,40.482350000000004,-74.27321,1314,19.4261
4,40.48268,-74.27348,1315,19.4693
4,40.4827,-74.27349000000001,1316,19.4716
4,40.48272,-74.27352,1317,19.475
4,40.482760000000006,-74.27357,1318,19.4812
4,40.482800000000005,-74.27362000000001,1319,19.4873
4,40.482820000000004,-74.27365,1320,19.4907
4,40.482850000000006,-74.27369,1321,19.4954
4,40.482910000000004,-74.27378,1322,19.5055
4,40.48295,-74.27388,1323,19.5151
4,40.482980000000005,-74.27394000000001,1324,19.5212
4,40.48299,-74.27399000000001,1325,19.5255
4,40.48299,-74.274,1326,19.5264
4,40.483000000000004,-74.27401,1327,19.5278
4,40.48301,-74.27406,1328,19.5322
4,40.48302,-74.27409,1329,19.5349
4,40.48303000000001,-74.27418,1330,19.5426
4,40.48304,-74.27424,1331,19.5478
4,40.483050000000006,-74.27432,1332,19.5547
4,40.483050000000006,-74.27435000000001,1333,19.5572
4,40.483050000000006,-74.2744,1334,19.5614
4,40.483050000000006,-74.27445,1335,19.5657
4,40.483050000000006,-74.27446,1336,19.5665
4,40.48306,-74.27456000000001,1337,19.5751
4,40.48306,-74.27461000000001,1338,19.5793
4,40.48306,-74.27463,1339,19.581
4,40.483050000000006,-74.27467,1340,19.5845
4,40.483050000000006,-74.27475000000001,1341,19.5913
4,40.48304,-74.27483000000001,1342,19.5982
4,40.48303000000001,-74.27498,1343,19.6109
4,40.48303000000001,-74.27508,1344,19.6194
4,40.48304,-74.27519000000001,1345,19.6287
4,40.48306,-74.27533000000001,1346,19.6408
4,40.48308,-74.27541000000001,1347,19.6479
4,40.483090000000004,-74.27545,1348,19.6515
4,40.48311,-74.27550000000001,1349,19.6562
4,40.48313,-74.27556000000001,1350,19.6618
4,40.48315,-74.27559000000001,1351,19.6651
4,40.483160000000005,-74.27561,1352,19.6672
4,40.483180000000004,-74.27565000000001,1353,19.6712
4,40.4833,-74.27584,1354,19.6921
4,40.48331,-74.27586000000001,1355,19.6941
4,40.48333,-74.27589,1356,19.6975
4,40.483380000000004,-74.27596000000001,1357,19.7056
4,40.48333,-74.27608000000001,1358,19.7172
4,40.48333,-74.27609000000001,1359,19.718
4,40.483250000000005,-74.27625,1360,19.7342
4,40.483250000000005,-74.27626000000001,1361,19.7351
4,40.48324,-74.27627000000001,1362,19.7365
4,40.48321000000001,-74.27635000000001,1363,19.744
4,40.483200000000004,-74.27637,1364,19.746
4,40.48308,-74.27663000000001,1365,19.7718
4,40.48292,-74.277,1366,19.8077
4,40.48288,-74.27708000000001,1367,19.8158
4,40.482870000000005,-74.27711000000001,1368,19.8186
4,40.48284,-74.27716000000001,1369,19.824
4,40.48283,-74.27720000000001,1370,19.8276
4,40.48279,-74.27729000000001,1371,19.8364
4,40.482760000000006,-74.27735000000001,1372,19.8425
4,40.482730000000004,-74.27741,1373,19.8485
4,40.4825,-74.27794,1374,19.9001
4,40.48248,-74.27796000000001,1375,19.9029
4,40.48246,-74.27802000000001,1376,19.9085
4,40.48243,-74.27808,1377,19.9145
4,40.48241,-74.27813,1378,19.9193
4,40.48241,-74.27814000000001,1379,19.9202
4,40.48239,-74.27818,1380,19.9242
4,40.48237,-74.27821,1381,19.9276
4,40.48236,-74.27824000000001,1382,19.9303
4,40.482310000000005,-74.27835,1383,19.9412
4,40.48228,-74.2784,1384,19.9466
4,40.482260000000004,-74.27846000000001,1385,19.9521
4,40.48225,-74.27846000000001,1386,19.9532
4,40.482240000000004,-74.27849,1387,19.956
4,40.482240000000004,-74.27850000000001,1388,19.9568
4,40.48223,-74.27852,1389,19.9589
4,40.482220000000005,-74.27855000000001,1390,19.9616
4,40.482060000000004,-74.27890000000001,1391,19.9962
4,40.48198,-74.27905000000001,1392,20.0117
4,40.48208,-74.27912,1393,20.0243
4,40.48223,-74.27924,1394,20.0438
4,40.482240000000004,-74.27925,1395,20.0452
4,40.482380000000006,-74.27935000000001,1396,20.0629
4,40.482400000000005,-74.27937,1397,20.0657
4,40.482420000000005,-74.27939,1398,20.0685
4,40.48256000000001,-74.27949000000001,1399,20.0862
4,40.48263,-74.27955,1400,20.0955
4,40.4827,-74.2796,1401,20.1044
4,40.482910000000004,-74.27976000000001,1402,20.1313
4,40.482960000000006,-74.27980000000001,1403,20.1379
4,40.48304,-74.27986,1404,20.1481
4,40.483050000000006,-74.27987,1405,20.1495
4,40.48315,-74.27995,1406,20.1625
4,40.483250000000005,-74.28002000000001,1407,20.1751
4,40.483340000000005,-74.28009,1408,20.1867
4,40.48377,-74.28043000000001,1409,20.2425
4,40.48378,-74.28043000000001,1410,20.2436
4,40.48386,-74.28051,1411,20.2548
4,40.48395,-74.28059,1412,20.2669
4,40.48449,-74.28101000000001,1413,20.3367
4,40.484500000000004,-74.28102000000001,1414,20.3381
4,40.48453000000001,-74.28104,1415,20.3418
4,40.48463,-74.28112,1416,20.3548
4,40.48467,-74.28115000000001,1417,20.3599
4,40.484750000000005,-74.28121,1418,20.3702
4,40.4848,-74.28125,1419,20.3767
4,40.484840000000005,-74.28128000000001,1420,20.3818
4,40.48492,-74.28135,1421,20.3925
4,40.48499,-74.28141000000001,1422,20.4018
4,40.48503,-74.28144,1423,20.4069
4,40.48505,-74.28146000000001,1424,20.4097
4,40.48508,-74.28150000000001,1425,20.4145
4,40.48509000000001,-74.28151000000001,1426,20.4158
4,40.48512,-74.28156000000001,1427,20.4212
4,40.485130000000005,-74.28158,1428,20.4233
4,40.48521,-74.28173000000001,1429,20.4388
4,40.48523,-74.28176,1430,20.4421
4,40.485260000000004,-74.28182000000001,1431,20.4482
4,40.4853,-74.28191000000001,1432,20.457
4,40.485420000000005,-74.28217000000001,1433,20.4827
4,40.48543,-74.28219,1434,20.4848
4,40.48548,-74.28228,1435,20.4942
4,40.48552,-74.28237,1436,20.503
4,40.48565000000001,-74.28265,1437,20.5307
4,40.48568,-74.28271000000001,1438,20.5368
4,40.4857,-74.28277,1439,20.5424
4,40.48584,-74.28307000000001,1440,20.5721
4,40.48588,-74.28317000000001,1441,20.5817
4,40.48592,-74.28325000000001,1442,20.5898
4,40.486000000000004,-74.28343000000001,1443,20.6074
4,40.48603000000001,-74.28349,1444,20.6135
4,40.48608,-74.28359,1445,20.6236
4,40.486290000000004,-74.28405000000001,1446,20.669
4,40.486580000000004,-74.28389,1447,20.7039
4,40.48662,-74.28386,1448,20.7091
4,40.486630000000005,-74.28385,1449,20.7105
4,40.486880000000006,-74.28366000000001,1450,20.7426
4,40.487010000000005,-74.28357000000001,1451,20.7589
4,40.487120000000004,-74.28348000000001,1452,20.7733
4,40.48722,-74.28342,1453,20.7855
4,40.48733,-74.28335000000001,1454,20.7991
4,40.48745,-74.28330000000001,1455,20.8131
4,40.48754,-74.28327,1456,20.8234
4,40.487640000000006,-74.28324,1457,20.8348
4,40.48772,-74.28323,1458,20.8438
4,40.487790000000004,-74.28323,1459,20.8516
4,40.48783,-74.28323,1460,20.856
4,40.487880000000004,-74.28324,1461,20.8616
4,40.487930000000006,-74.28325000000001,1462,20.8673
4,40.48799,-74.28327,1463,20.8741
4,40.48800000000001,-74.28327,1464,20.8753
4,40.488020000000006,-74.28328,1465,20.8776
4,40.488130000000005,-74.28332,1466,20.8903
4,40.488240000000005,-74.28337,1467,20.9033
4,40.48875,-74.28361000000001,1468,20.9635
4,40.489050000000006,-74.28376,1469,20.9992
4,40.48908,-74.28377,1470,21.0026
4,40.48915,-74.2838,1471,21.0108
4,40.489230000000006,-74.28384000000001,1472,21.0203
4,40.489340000000006,-74.28391,1473,21.0339
4,40.48941000000001,-74.28396000000001,1474,21.0428
4,40.48946,-74.28399,1475,21.0489
4,40.489520000000006,-74.28404,1476,21.0568
4,40.489580000000004,-74.28410000000001,1477,21.0652
4,40.48964,-74.28417,1478,21.0741
4,40.489700000000006,-74.28425,1479,21.0836
4,40.48971,-74.28426,1480,21.085
4,40.48975,-74.28431,1481,21.0911
4,40.48977,-74.28435,1482,21.0952
4,40.489830000000005,-74.28446000000001,1483,21.1066
4,40.4898,-74.28456,1484,21.1157
4,40.489760000000004,-74.28459000000001,1485,21.1208
4,40.48975,-74.28459000000001,1486,21.1219
4,40.48968,-74.28464000000001,1487,21.1308
4,40.48966,-74.28465,1488,21.1332
4,40.489560000000004,-74.28472000000001,1489,21.1458
4,40.48951,-74.28472000000001,1490,21.1513
4,40.489430000000006,-74.28471,1491,21.1603
4,40.48942,-74.28471,1492,21.1614
4,40.489340000000006,-74.28471,1493,21.1703
4,40.48933,-74.28471,1494,21.1714
4,40.489250000000006,-74.28469000000001,1495,21.1804
4,40.489180000000005,-74.28464000000001,1496,21.1893
4,40.489140000000006,-74.28462,1497,21.1941
4,40.489110000000004,-74.28460000000001,1498,21.1978
4,40.489090000000004,-74.28459000000001,1499,21.2002
4,40.48906,-74.28456,1500,21.2044
4,40.489020000000004,-74.28454,1501,21.2091
4,40.488980000000005,-74.28450000000001,1502,21.2147
4,40.48895,-74.28447000000001,1503,21.2189
4,40.48894000000001,-74.28445,1504,21.2209
4,40.488890000000005,-74.28437000000001,1505,21.2297
4,40.48888,-74.28436,1506,21.2311
4,40.48881,-74.28424000000001,1507,21.2439
4,40.488780000000006,-74.28418,1508,21.2499
4,40.48874,-74.28407,1509,21.2603
4,40.48868,-74.28393000000001,1510,21.2738
4,40.488670000000006,-74.28389,1511,21.2774
4,40.488550000000004,-74.28355,1512,21.3091
4,40.48852,-74.28346,1513,21.3174
4,40.48847000000001,-74.28333,1514,21.3297
4,40.48828,-74.28277,1515,21.3816
4,40.488240000000005,-74.28264,1516,21.3935
4,40.48814,-74.28227000000001,1517,21.4267
4,40.4881,-74.28206,1518,21.445
4,40.488080000000004,-74.28191000000001,1519,21.4578
4,40.488110000000006,-74.28174,1520,21.4726
4,40.48812,-74.28167,1521,21.4786
4,40.48812,-74.28155000000001,1522,21.4888
4,40.48812,-74.2814,1523,21.5015
4,40.488110000000006,-74.28117,1524,21.5209
4,40.488110000000006,-74.28106000000001,1525,21.5302
4,40.488040000000005,-74.28108,1526,21.5382
4,40.488020000000006,-74.28108,1527,21.5404
4,40.48800000000001,-74.28108,1528,21.5427
4,40.48799,-74.28108,1529,21.5438
4,40.48794,-74.28106000000001,1530,21.5496
4,40.4879,-74.28104,1531,21.5543
4,40.487860000000005,-74.28101000000001,1532,21.5595
4,40.487820000000006,-74.28098,1533,21.5646
4,40.48778,-74.28092000000001,1534,21.5713
4,40.487700000000004,-74.28065000000001,1535,21.5958
4,40.48765,-74.28043000000001,1536,21.6153
4,40.487640000000006,-74.2804,1537,21.618
4,40.48758,-74.28022,1538,21.6346
4,40.48753000000001,-74.28012000000001,1539,21.6448
4,40.48749,-74.28006,1540,21.6515
4,40.48744000000001,-74.27999000000001,1541,21.6596
4,40.4874,-74.27994000000001,1542,21.6658
4,40.487350000000006,-74.27990000000001,1543,21.6723
4,40.48707,-74.27969,1544,21.7081
4,40.48700607594304,-74.27979010244623,1545,21.7192
4,40.48693085121475,-74.27979040287455,1546,21.7275
4,40.486888159865806,-74.27971655952456,1547,21.7354
4,40.48686976508384,-74.27963266927541,1548,21.7428
4,40.48689888948229,-74.27956589067696,1549,21.7493
4,40.48693679139444,-74.2795316406097,1550,21.7544
4,40.48700237326596,-74.27952890770058,1551,21.7617
4,40.48704653400353,-74.27956186462187,1552,21.7673
4,40.487063689320635,-74.27963756753809,1553,21.774
4,40.48706319897147,-74.27969145802044,1554,21.7786
4,40.48738573356961,-74.27992866206527,1555,21.8197
4,40.487603688006224,-74.27937579106978,1556,21.8723
4,40.48763723612992,-74.27927443449346,1557,21.8817
4,40.48762705304769,-74.27918246771053,1558,21.8895
4,40.487734892973215,-74.27894491451427,1559,21.9129
4,40.487800816641204,-74.27869526275305,1560,21.9353
4,40.48780565727007,-74.27819097426229,1561,21.9779
4,40.48805907128464,-74.27694211743145,1562,22.0872
4,40.488060000000004,-74.27694000000001,1563,22.0874
4,40.48807,-74.27690000000001,1564,22.091
4,40.48812,-74.27653000000001,1565,22.1228
4,40.488130000000005,-74.27649000000001,1566,22.1263
4,40.48814,-74.27643,1567,22.1315
4,40.48814,-74.27640000000001,1568,22.1341
4,40.488150000000005,-74.27629,1569,22.1434
4,40.48818,-74.27608000000001,1570,22.1615
4,40.48819,-74.27600000000001,1571,22.1684
4,40.488200000000006,-74.27597,1572,22.1711
4,40.488200000000006,-74.27595000000001,1573,22.1728
4,40.48827,-74.27582000000001,1574,22.1863
4,40.4883,-74.27575,1575,22.1931
4,40.48832,-74.27571,1576,22.1971
4,40.488325652832096,-74.27571013956323,1577,22.1978
4,40.48839495368857,-74.27554797976383,1578,22.2135
4,40.48848912942001,-74.27528576641606,1579,22.238
4,40.488712380370444,-74.27457250865709,1580,22.3032
4,40.48889484074928,-74.27431887772052,1581,22.3328
4,40.48906082378702,-74.27381228966729,1582,22.3794
4,40.489125218313454,-74.27364132250746,1583,22.3956
4,40.48917378412631,-74.27360965558995,1584,22.4016
4,40.48927480703901,-74.27366988317641,1585,22.4139
4,40.4893374257519,-74.27371374535055,1586,22.4218
4,40.4893960813579,-74.27376479818145,1587,22.4296
4,40.48940883310147,-74.27380217806814,1588,22.4331
4,40.48928343211705,-74.27413941512862,1589,22.4648
4,40.48969677974982,-74.27447488418046,1590,22.5188
4,40.49063899262471,-74.2757385386394,1591,22.6685
5,40.49081034,-74.275845827,0,0.0
5,40.49059819556612,-74.27572780980334,1,0.0256
5,40.489710157725796,-74.27448756493816,2,0.1697
5,40.48927948180462,-74.27414778293442,3,0.2255
5,40.48916005673078,-74.27442920281952,4,0.2528
5,40.48890281856087,-74.2743129950263,5,0.283
5,40.488727919375236,-74.27457957144347,6,0.3128
5,40.48849894127075,-74.27529175991162,7,0.3782
5,40.488320620536804,-74.2757053797866,8,0.4184
5,40.488192211316644,-74.27597933385711,9,0.4456
5,40.48813390038185,-74.27644102653873,10,0.4852
5,40.48806815284982,-74.27691824341453,11,0.5262
5,40.48794176858875,-74.27744917088164,12,0.5732
5,40.487813464458974,-74.27816627309399,13,0.6355
5,40.48780321639285,-74.27870347476326,14,0.681
5,40.48773476818032,-74.27894627492921,15,0.7029
5,40.48763560211726,-74.27919130976305,16,0.7264
5,40.48761548884409,-74.27935776659973,17,0.7406
5,40.48739224407762,-74.2799305634423,18,0.795
5,40.48758105648739,-74.28022646037348,19,0.8277
5,40.48777300917501,-74.28088327674448,20,0.8872
5,40.48781104596771,-74.28096904966236,21,0.8956
5,40.4879777521183,-74.28107687527266,22,0.9163
5,40.488108506229324,-74.28107232836648,23,0.9308
5,40.48811205659526,-74.281219183468,24,0.9432
5,40.48812386158551,-74.28156771667597,25,0.9727
5,40.48811819530979,-74.2817226739743,26,0.9859
5,40.48807948371874,-74.28191059179734,27,1.0023
5,40.48813094180945,-74.28221667276324,28,1.0288
5,40.48820861618185,-74.28247984251055,29,1.0527
5,40.4884575370202,-74.28328103506577,30,1.1259
5,40.48845,-74.28328,31,1.1267
5,40.48847000000001,-74.28333,32,1.1315
5,40.48852,-74.28346,33,1.1438
5,40.488550000000004,-74.28355,34,1.1521
5,40.488670000000006,-74.28389,35,1.1838
5,40.48868,-74.28393000000001,36,1.1874
5,40.48874,-74.28407,37,1.201
5,40.488780000000006,-74.28418,38,1.2113
5,40.48881,-74.28424000000001,39,1.2174
5,40.48888,-74.28436,40,1.2302
5,40.488890000000005,-74.28437000000001,41,1.2316
5,40.48894000000001,-74.28445,42,1.2403
5,40.48895,-74.28447000000001,43,1.2423
5,40.488980000000005,-74.28450000000001,44,1.2465
5,40.489020000000004,-74.28454,45,1.2521
5,40.48906,-74.28456,46,1.2569
5,40.489090000000004,-74.28459000000001,47,1.2611
5,40.489110000000004,-74.28460000000001,48,1.2635
5,40.489140000000006,-74.28462,49,1.2672
5,40.489180000000005,-74.28464000000001,50,1.272
5,40.489250000000006,-74.28469000000001,51,1.2808
5,40.48933,-74.28471,52,1.2899
5,40.489340000000006,-74.28471,53,1.291
5,40.48942,-74.28471,54,1.2999
5,40.489430000000006,-74.28471,55,1.301
5,40.48951,-74.28472000000001,56,1.3099
5,40.489560000000004,-74.28472000000001,57,1.3155
5,40.48966,-74.28465,58,1.3281
5,40.48968,-74.28464000000001,59,1.3305
5,40.48975,-74.28459000000001,60,1.3393
5,40.489760000000004,-74.28459000000001,61,1.3404
5,40.4898,-74.28456,62,1.3455
5,40.48975,-74.28447000000001,63,1.355
5,40.48969,-74.28439,64,1.3645
5,40.48968,-74.28437000000001,65,1.3665
5,40.48966,-74.28434,66,1.3699
5,40.489580000000004,-74.28423000000001,67,1.3827
5,40.48955,-74.28419000000001,68,1.3875
5,40.48953,-74.28416,69,1.3909
5,40.489520000000006,-74.28415000000001,70,1.3923
5,40.489470000000004,-74.28411000000001,71,1.3988
5,40.48939,-74.28405000000001,72,1.409
5,40.489340000000006,-74.28401000000001,73,1.4155
5,40.489270000000005,-74.28397000000001,74,1.424
5,40.48922,-74.28394,75,1.4301
5,40.489200000000004,-74.28393000000001,76,1.4325
5,40.48912,-74.28389,77,1.442
5,40.489050000000006,-74.28385,78,1.4505
5,40.48903000000001,-74.28385,79,1.4527
5,40.48872,-74.28369,80,1.4898
5,40.488530000000004,-74.28359,81,1.5125
5,40.488220000000005,-74.28343000000001,82,1.5496
5,40.488130000000005,-74.28339000000001,83,1.5601
5,40.488040000000005,-74.28336,84,1.5704
5,40.488020000000006,-74.28335000000001,85,1.5728
5,40.48801,-74.28335000000001,86,1.5739
5,40.48800000000001,-74.28335000000001,87,1.575
5,40.487950000000005,-74.28334000000001,88,1.5807
5,40.487860000000005,-74.28332,89,1.5908
5,40.48776,-74.28332,90,1.6019
5,40.48767,-74.28332,91,1.6119
5,40.487570000000005,-74.28334000000001,92,1.6232
5,40.48747,-74.28337,93,1.6346
5,40.487370000000006,-74.28342,94,1.6465
5,40.48729,-74.28347000000001,95,1.6563
5,40.48718,-74.28354,96,1.6699
5,40.487080000000006,-74.28362,97,1.6829
5,40.48697000000001,-74.28370000000001,98,1.6969
5,40.48686,-74.28378000000001,99,1.7109
5,40.4866,-74.28398,100,1.7444
5,40.48659000000001,-74.28398,101,1.7455
5,40.486540000000005,-74.28402000000001,102,1.752
5,40.486450000000005,-74.28409,103,1.7636
5,40.48633,-74.28417,104,1.7786
5,40.48621,-74.28424000000001,105,1.7932
5,40.486180000000004,-74.28426,106,1.7969
5,40.48612000000001,-74.2843,107,1.8044
5,40.48603000000001,-74.28438000000001,108,1.8165
5,40.485800000000005,-74.28455000000001,109,1.8458
5,40.485760000000006,-74.28458,110,1.851
5,40.48572,-74.28461,111,1.8561
5,40.48547000000001,-74.2848,112,1.8882
5,40.48518000000001,-74.28503,113,1.9259
5,40.4851,-74.28508000000001,114,1.9357
5,40.484970000000004,-74.28517000000001,115,1.952
5,40.484030000000004,-74.28591,116,2.0739
5,40.48387,-74.28603000000001,117,2.0944
5,40.483670000000004,-74.28619,118,2.1204
5,40.48355,-74.28628,119,2.1357
5,40.48266,-74.28697000000001,120,2.2506
5,40.48263,-74.28699,121,2.2544
5,40.48243,-74.28715000000001,122,2.2804
5,40.482330000000005,-74.28723000000001,123,2.2934
5,40.48219,-74.28733000000001,124,2.3111
5,40.48217,-74.28735,125,2.3139
5,40.48205,-74.28745,126,2.3297
5,40.48176,-74.28767,127,2.367
5,40.481570000000005,-74.28782000000001,128,2.3916
5,40.48152,-74.28792,129,2.4017
5,40.48149,-74.28799000000001,130,2.4085
5,40.481480000000005,-74.28801,131,2.4105
5,40.48147,-74.28804000000001,132,2.4133
5,40.4814,-74.28812,133,2.4236
5,40.481370000000005,-74.28819,134,2.4304
5,40.48134,-74.28825,135,2.4365
5,40.481030000000004,-74.28891,136,2.5021
5,40.48098,-74.28901,137,2.5122
5,40.48095,-74.28906,138,2.5176
5,40.480920000000005,-74.2891,139,2.5224
5,40.480880000000006,-74.28915,140,2.5285
5,40.48082,-74.28922,141,2.5374
5,40.48082,-74.28921000000001,142,2.5383
5,40.48082,-74.28922,143,2.5391
5,40.480790000000006,-74.28925000000001,144,2.5433
5,40.480760000000004,-74.28929000000001,145,2.548
5,40.48058,-74.2895,146,2.5748
5,40.48053,-74.28956000000001,147,2.5823
5,40.48042,-74.28970000000001,148,2.5993
5,40.480340000000005,-74.2898,149,2.6116
5,40.48017,-74.29003,150,2.6387
5,40.48004,-74.29020000000001,151,2.6591
5,40.47992,-74.29036,152,2.6781
5,40.479800000000004,-74.29054000000001,153,2.6984
5,40.47945,-74.29104000000001,154,2.7559
5,40.47925,-74.29126000000001,155,2.7849
5,40.47916,-74.29137,156,2.7985
5,40.47894,-74.29159,157,2.8293
5,40.47887,-74.29165,158,2.8385
5,40.47880000000001,-74.29172000000001,159,2.8483
5,40.47876,-74.29175000000001,160,2.8534
5,40.4787,-74.29181000000001,161,2.8618
5,40.478570000000005,-74.29193000000001,162,2.8795
5,40.47842,-74.29207000000001,163,2.8999
5,40.478300000000004,-74.29220000000001,164,2.9172
5,40.47827,-74.29222,165,2.921
5,40.478210000000004,-74.29229000000001,166,2.9299
5,40.47793,-74.29257000000001,167,2.969
5,40.47791,-74.29260000000001,168,2.9724
5,40.47786000000001,-74.29264,169,2.9789
5,40.47784,-74.29266000000001,170,2.9817
5,40.4778,-74.29271,171,2.9878
5,40.477560000000004,-74.29294,172,3.0209
5,40.47755,-74.29296000000001,173,3.0229
5,40.47739,-74.29312,174,3.0452
5,40.47733,-74.29319000000001,175,3.0542
5,40.47729,-74.29323000000001,176,3.0597
5,40.477270000000004,-74.29326,177,3.0631
5,40.47724,-74.29329000000001,178,3.0673
5,40.47724,-74.2933,179,3.0682
5,40.4772,-74.29334,180,3.0737
5,40.477180000000004,-74.29336,181,3.0765
5,40.4771,-74.29346000000001,182,3.0888
5,40.47706,-74.29351000000001,183,3.095
5,40.47706,-74.29352,184,3.0958
5,40.47699,-74.29361,185,3.1067
5,40.476910000000004,-74.29372000000001,186,3.1196
5,40.47688,-74.29375,187,3.1238
5,40.476870000000005,-74.29377000000001,188,3.1258
5,40.476850000000006,-74.29381000000001,189,3.1298
5,40.476820000000004,-74.29387000000001,190,3.1359
5,40.476800000000004,-74.29390000000001,191,3.1393
5,40.47663,-74.29416,192,3.1683
5,40.47661,-74.2942,193,3.1723
5,40.47659,-74.29422000000001,194,3.1751
5,40.47654,-74.2943,195,3.1839
5,40.47643,-74.29448000000001,196,3.2034
5,40.476400000000005,-74.29453000000001,197,3.2088
5,40.47637,-74.29457000000001,198,3.2135
5,40.47632,-74.29465,199,3.2223
5,40.476200000000006,-74.29484000000001,200,3.2432
5,40.476060000000004,-74.29506,201,3.2674
5,40.47601,-74.29513,202,3.2756
5,40.47594,-74.29524,203,3.2877
5,40.47592,-74.29528,204,3.2918
5,40.47589000000001,-74.29533,205,3.2971
5,40.475880000000004,-74.29538000000001,206,3.3015
5,40.47587,-74.29545,207,3.3075
5,40.475880000000004,-74.2955,208,3.3119
5,40.47589000000001,-74.29555,209,3.3163
5,40.47589000000001,-74.29560000000001,210,3.3205
5,40.475910000000006,-74.29568,211,3.3276
5,40.475910000000006,-74.29570000000001,212,3.3293
5,40.47596,-74.29599,213,3.3545
5,40.47599,-74.29614000000001,214,3.3676
5,40.476000000000006,-74.29624000000001,215,3.3761
5,40.47603,-74.29639,216,3.3893
5,40.47605,-74.29652,217,3.4005
5,40.47607,-74.29663000000001,218,3.41
5,40.47596,-74.29659000000001,219,3.4227
5,40.475820000000006,-74.29661,220,3.4384
5,40.47565,-74.29666,221,3.4578
5,40.475500000000004,-74.2967,222,3.4748
5,40.475350000000006,-74.29678000000001,223,3.4928
5,40.475260000000006,-74.29685,224,3.5044
5,40.47498,-74.29705000000001,225,3.5398
5,40.47482,-74.29717000000001,226,3.5603
5,40.474700000000006,-74.29727000000001,227,3.5761
5,40.474650000000004,-74.29732,228,3.5831
5,40.474610000000006,-74.29735000000001,229,3.5882
5,40.47449,-74.29747,230,3.605
5,40.47442,-74.29755,231,3.6153
5,40.474380000000004,-74.29759,232,3.6209
5,40.474320000000006,-74.29765,233,3.6293
5,40.47428,-74.2977,234,3.6354
5,40.47421000000001,-74.29779,235,3.6463
5,40.474070000000005,-74.29796,236,3.6675
5,40.47395,-74.29813,237,3.6871
5,40.4739,-74.29819,238,3.6946
5,40.47382,-74.29831,239,3.7081
5,40.47377,-74.29838000000001,240,3.7163
5,40.47373,-74.29843000000001,241,3.7224
5,40.47366,-74.29853,242,3.7339
5,40.473530000000004,-74.29871,243,3.7549
5,40.47348,-74.29877,244,3.7624
5,40.47341,-74.29886,245,3.7733
5,40.473400000000005,-74.29888000000001,246,3.7753
5,40.47337,-74.29891,247,3.7795
5,40.47336000000001,-74.29892000000001,248,3.7809
5,40.47327000000001,-74.29904,249,3.7952
5,40.473220000000005,-74.29909,250,3.8022
5,40.473180000000006,-74.29913,251,3.8077
5,40.47283,-74.29957,252,3.8616
5,40.47263,-74.29981000000001,253,3.8917
5,40.472550000000005,-74.29991000000001,254,3.904
5,40.47234,-74.30016,255,3.9355
5,40.47202,-74.30055,256,3.984
5,40.472010000000004,-74.30056,257,3.9854
5,40.47198,-74.3006,258,3.9902
5,40.471900000000005,-74.3007,259,4.0024
5,40.47182,-74.30079,260,4.0141
5,40.47178,-74.30084000000001,261,4.0203
5,40.47169,-74.30095,262,4.0339
5,40.471630000000005,-74.30103000000001,263,4.0434
5,40.47153,-74.30116000000001,264,4.0591
5,40.47148000000001,-74.30124,265,4.0678
5,40.47142,-74.30132,266,4.0773
5,40.47108,-74.30187000000001,267,4.1373
5,40.47101000000001,-74.30199,268,4.1501
5,40.470960000000005,-74.30207,269,4.1588
5,40.47073,-74.30244,270,4.1993
5,40.47064,-74.30258,271,4.2148
5,40.470620000000004,-74.30261,272,4.2181
5,40.470560000000006,-74.30272000000001,273,4.2296
5,40.4705,-74.3028,274,4.2391
5,40.47045000000001,-74.30288,275,4.2479
5,40.470380000000006,-74.30300000000001,276,4.2606
5,40.47035,-74.30304000000001,277,4.2654
5,40.47035,-74.30306,278,4.2671
5,40.470180000000006,-74.30332,279,4.2961
5,40.47014,-74.30338,280,4.3028
5,40.47012,-74.30341,281,4.3062
5,40.470110000000005,-74.30343,282,4.3082
5,40.47005,-74.30352,283,4.3184
5,40.46998000000001,-74.30362000000001,284,4.3299
5,40.469840000000005,-74.30383,285,4.3535
5,40.46979,-74.30391,286,4.3622
5,40.469730000000006,-74.30399000000001,287,4.3717
5,40.46938,-74.30449,288,4.4292
5,40.46932,-74.30457000000001,289,4.4387
5,40.469260000000006,-74.30464,290,4.4476
5,40.46907,-74.30492000000001,291,4.4794
5,40.469010000000004,-74.305,292,4.4889
5,40.46896,-74.30507,293,4.497
5,40.468900000000005,-74.30515000000001,294,4.5065
5,40.468900000000005,-74.30516,295,4.5074
5,40.468880000000006,-74.30518000000001,296,4.5101
5,40.46885,-74.30523000000001,297,4.5155
5,40.468810000000005,-74.30528000000001,298,4.5217
5,40.468790000000006,-74.30531,299,4.525
5,40.468740000000004,-74.30537000000001,300,4.5326
5,40.468700000000005,-74.30544,301,4.54
5,40.468590000000006,-74.30560000000001,302,4.5582
5,40.46857000000001,-74.30563000000001,303,4.5616
5,40.46849,-74.30575,304,4.5751
5,40.46831,-74.30601,305,4.6048
5,40.46829,-74.30604000000001,306,4.6082
5,40.46822,-74.30615,307,4.6203
5,40.468180000000004,-74.3062,308,4.6265
5,40.46817,-74.30623,309,4.6293
5,40.46810000000001,-74.30633,310,4.6407
5,40.46808,-74.30637,311,4.6448
5,40.46806,-74.30639000000001,312,4.6476
5,40.468030000000006,-74.30645000000001,313,4.6537
5,40.46793,-74.3066,314,4.6705
5,40.46761,-74.30713,315,4.7278
5,40.467560000000006,-74.30720000000001,316,4.7359
5,40.4675,-74.30730000000001,317,4.7467
5,40.46728,-74.30766000000001,318,4.7857
5,40.46712,-74.30793000000001,319,4.8147
5,40.46707000000001,-74.30801000000001,320,4.8234
5,40.466770000000004,-74.30849,321,4.876
5,40.466640000000005,-74.30872000000001,322,4.9002
5,40.46634,-74.30921000000001,323,4.9534
5,40.46625,-74.30937,324,4.9703
5,40.466150000000006,-74.30954000000001,325,4.9885
5,40.46614,-74.30955,326,4.9898
5,40.46602,-74.30977,327,5.0127
5,40.466,-74.30980000000001,328,5.0161
5,40.465920000000004,-74.31001,329,5.036
5,40.465900000000005,-74.31006000000001,330,5.0408
5,40.46589,-74.31008,331,5.0428
5,40.465830000000004,-74.31026,332,5.0594
5,40.465810000000005,-74.31033000000001,333,5.0657
5,40.465770000000006,-74.31048000000001,334,5.0792
5,40.465700000000005,-74.31072,335,5.1009
5,40.46569,-74.31076,336,5.1045
5,40.46566000000001,-74.31088000000001,337,5.1152
5,40.46553,-74.31134,338,5.1567
5,40.465500000000006,-74.31146000000001,339,5.1674
5,40.46548000000001,-74.31152,340,5.1729
5,40.465450000000004,-74.31159000000001,341,5.1797
5,40.465430000000005,-74.31191000000001,342,5.2069
5,40.46542,-74.31194,343,5.2096
5,40.4654,-74.31201,344,5.216
5,40.465390000000006,-74.31205,345,5.2195
5,40.465360000000004,-74.31214,346,5.2278
5,40.465340000000005,-74.31221000000001,347,5.2342
5,40.4652,-74.31267000000001,348,5.2761
5,40.465180000000004,-74.31276000000001,349,5.284
5,40.46499,-74.31343000000001,350,5.3445
5,40.464960000000005,-74.31352000000001,351,5.3528
5,40.46493,-74.31361000000001,352,5.3611
5,40.464920000000006,-74.31365000000001,353,5.3647
5,40.4649,-74.31371,354,5.3702
5,40.464850000000006,-74.31388000000001,355,5.3857
5,40.46484,-74.31393,356,5.39
5,40.464830000000006,-74.31396000000001,357,5.3928
5,40.46482,-74.31401000000001,358,5.3972
5,40.464800000000004,-74.31408,359,5.4035
5,40.464690000000004,-74.31447,360,5.4387
5,40.46463000000001,-74.31471,361,5.4601
5,40.464490000000005,-74.31522000000001,362,5.5059
5,40.46444,-74.31542,363,5.5237
5,40.464380000000006,-74.31569,364,5.5475
5,40.46435,-74.31583,365,5.5598
5,40.464330000000004,-74.31593000000001,366,5.5686
5,40.464270000000006,-74.31626,367,5.5973
5,40.464220000000005,-74.31656000000001,368,5.6233
5,40.464150000000004,-74.31697000000001,369,5.6588
5,40.464020000000005,-74.31772000000001,370,5.7239
5,40.46399,-74.31790000000001,371,5.7395
5,40.46396,-74.31803000000001,372,5.751
5,40.46388,-74.31849000000001,373,5.7909
5,40.463840000000005,-74.31872,374,5.8109
5,40.46381,-74.31887,375,5.824
5,40.46369000000001,-74.31959,376,5.8863
5,40.463640000000005,-74.31985,377,5.909
5,40.463620000000006,-74.31995,378,5.9178
5,40.46354,-74.3204,379,5.9569
5,40.46352,-74.32054000000001,380,5.9689
5,40.46347,-74.3208,381,5.9916
5,40.46345,-74.32090000000001,382,6.0003
5,40.46343,-74.32101,383,6.0099
5,40.463280000000005,-74.32181,384,6.0796
5,40.463280000000005,-74.32186,385,6.0839
5,40.46311,-74.32281,386,6.1664
5,40.46303,-74.32322,387,6.2022
5,40.46302,-74.32334,388,6.2124
5,40.46298,-74.32350000000001,389,6.2267
5,40.46291,-74.32392,390,6.2631
5,40.46276,-74.32476000000001,391,6.3361
5,40.46275,-74.32482,392,6.3412
5,40.46273,-74.32492,393,6.35
5,40.46264,-74.32545,394,6.3959
5,40.46256,-74.32588000000001,395,6.4334
5,40.462540000000004,-74.32598,396,6.4421
5,40.46253,-74.32619000000001,397,6.4599
5,40.462480000000006,-74.32657,398,6.4926
5,40.46246,-74.32668000000001,399,6.5021
5,40.46244,-74.32683,400,6.515
5,40.462410000000006,-74.32700000000001,401,6.5298
5,40.46238,-74.32718000000001,402,6.5454
5,40.462360000000004,-74.32728,403,6.5541
5,40.46235,-74.32735000000001,404,6.5601
5,40.46231,-74.32756,405,6.5785
5,40.46231,-74.3276,406,6.5818
5,40.462270000000004,-74.32780000000001,407,6.5993
5,40.462250000000004,-74.32794000000001,408,6.6114
5,40.46222,-74.32808,409,6.6237
5,40.462160000000004,-74.32837,410,6.6491
5,40.462070000000004,-74.3289,411,6.6951
5,40.46202,-74.32898,412,6.7038
5,40.46201000000001,-74.32899,413,6.7052
5,40.46199,-74.32907,414,6.7123
5,40.461980000000004,-74.32915000000001,415,6.7192
5,40.461960000000005,-74.32924000000001,416,6.7271
5,40.461940000000006,-74.32934,417,6.7359
5,40.46193,-74.32941000000001,418,6.7419
5,40.461890000000004,-74.32966,419,6.7635
5,40.46188,-74.32973000000001,420,6.7695
5,40.461870000000005,-74.32983,421,6.7781
5,40.46186,-74.32987,422,6.7816
5,40.46182,-74.33008000000001,423,6.7999
5,40.46179,-74.33018000000001,424,6.809
5,40.46177,-74.33028,425,6.8178
5,40.461760000000005,-74.33032,426,6.8213
5,40.461760000000005,-74.33036000000001,427,6.8247
5,40.46175,-74.33039000000001,428,6.8275
5,40.46173,-74.3305,429,6.8371
5,40.46173,-74.33053000000001,430,6.8396
5,40.46159,-74.33128,431,6.9049
5,40.461560000000006,-74.3314,432,6.9156
5,40.46154000000001,-74.33152000000001,433,6.926
5,40.461510000000004,-74.33172,434,6.9433
5,40.46148,-74.33187000000001,435,6.9564
5,40.46146,-74.33196000000001,436,6.9643
5,40.461400000000005,-74.33231,437,6.9947
5,40.461400000000005,-74.33233000000001,438,6.9964
5,40.461360000000006,-74.33253,439,7.0139
5,40.46134,-74.33266,440,7.0251
5,40.46134,-74.33267000000001,441,7.0259
5,40.46134,-74.3327,442,7.0285
5,40.46134,-74.33271,443,7.0293
5,40.461330000000004,-74.33272000000001,444,7.0307
5,40.4613,-74.33292,445,7.048
5,40.461290000000005,-74.33298,446,7.0532
5,40.461290000000005,-74.33299000000001,447,7.054
5,40.46126,-74.33325,448,7.0763
5,40.461220000000004,-74.33356,449,7.1029
5,40.46121,-74.33363,450,7.1089
5,40.461200000000005,-74.33370000000001,451,7.1149
5,40.46114,-74.33415000000001,452,7.1536
5,40.46112,-74.33425000000001,453,7.1623
5,40.461110000000005,-74.33432,454,7.1683
5,40.461110000000005,-74.33434000000001,455,7.17
5,40.4611,-74.33448,456,7.1819
5,40.46108,-74.33472,457,7.2023
5,40.46107000000001,-74.33487000000001,458,7.2151
5,40.46107000000001,-74.33495,459,7.2219
5,40.46106,-74.33502,460,7.2279
5,40.46106,-74.33505000000001,461,7.2304
5,40.46105,-74.33518000000001,462,7.2415
5,40.461040000000004,-74.33534,463,7.2551
5,40.46103,-74.33537000000001,464,7.2578
5,40.46103,-74.33538,465,7.2587
5,40.46103,-74.33548,466,7.2671
5,40.461020000000005,-74.33558000000001,467,7.2757
5,40.461020000000005,-74.3356,468,7.2774
5,40.46101,-74.3357,469,7.2859
5,40.46101,-74.33574,470,7.2893
5,40.46101,-74.33575,471,7.2901
5,40.461000000000006,-74.33582000000001,472,7.2961
5,40.461000000000006,-74.33589,473,7.3021
5,40.46097,-74.33629,474,7.3361
5,40.46096,-74.33639000000001,475,7.3446
5,40.46096,-74.33642,476,7.3471
5,40.46096,-74.33646,477,7.3505
5,40.46096,-74.33648000000001,478,7.3522
5,40.460950000000004,-74.33656,479,7.3591
5,40.460950000000004,-74.33659,480,7.3616
5,40.460950000000004,-74.33663,481,7.365
5,40.460950000000004,-74.33666000000001,482,7.3675
5,40.46094,-74.33673,483,7.3736
5,40.460930000000005,-74.33695,484,7.3922
5,40.46092,-74.33703000000001,485,7.3991
5,40.46092,-74.33708,486,7.4033
5,40.46092,-74.33712000000001,487,7.4067
5,40.46092,-74.33715000000001,488,7.4092
5,40.460910000000005,-74.33726,489,7.4186
5,40.4609,-74.3374,490,7.4305
5,40.460890000000006,-74.33757,491,7.4449
5,40.46088,-74.33766,492,7.4526
5,40.46088,-74.33774000000001,493,7.4594
5,40.46087,-74.3378,494,7.4646
5,40.460860000000004,-74.33792000000001,495,7.4748
5,40.46085,-74.33815000000001,496,7.4943
5,40.460840000000005,-74.33824,497,7.502
5,40.460820000000005,-74.33852,498,7.5258
5,40.460820000000005,-74.33855000000001,499,7.5283
5,40.46079,-74.33892,500,7.5598
5,40.46078000000001,-74.33909000000001,501,7.5742
5,40.460750000000004,-74.33954,502,7.6124
5,40.46074,-74.33970000000001,503,7.626
5,40.460730000000005,-74.33981,504,7.6354
5,40.460730000000005,-74.33984000000001,505,7.6379
5,40.46072,-74.33994000000001,506,7.6464
5,40.460710000000006,-74.34005,507,7.6558
5,40.460710000000006,-74.34007000000001,508,7.6575
5,40.460660000000004,-74.34048,509,7.6926
5,40.460660000000004,-74.34059,510,7.7019
5,40.46063,-74.34072,511,7.7134
5,40.46059,-74.34104,512,7.7409
5,40.4605,-74.34167000000001,513,7.7951
5,40.460480000000004,-74.34177000000001,514,7.8039
5,40.46047,-74.34188,515,7.8132
5,40.46043,-74.34209000000001,516,7.8315
5,40.460420000000006,-74.34216,517,7.8376
5,40.46041,-74.34223,518,7.8436
5,40.46036,-74.34254,519,7.8704
5,40.46036,-74.34255,520,7.8712
5,40.46034,-74.34264,521,7.8792
5,40.460330000000006,-74.34275000000001,522,7.8885
5,40.460330000000006,-74.34276000000001,523,7.8894
5,40.46029,-74.34296,524,7.9069
5,40.460280000000004,-74.34303000000001,525,7.9129
5,40.46027,-74.34306000000001,526,7.9157
5,40.46025,-74.34320000000001,527,7.9277
5,40.46023,-74.34327,528,7.9341
5,40.460190000000004,-74.34355000000001,529,7.9582
5,40.460170000000005,-74.34366,530,7.9677
5,40.46005,-74.34429,531,8.0227
5,40.46003,-74.34443,532,8.0347
5,40.46,-74.34457,533,8.047
5,40.459880000000005,-74.34515,534,8.0979
5,40.45985,-74.34525000000001,535,8.107
5,40.459810000000004,-74.34548000000001,536,8.1269
5,40.45973,-74.34585000000001,537,8.1595
5,40.45969,-74.34609,538,8.1803
5,40.45965,-74.34626,539,8.1953
5,40.45957000000001,-74.34663,540,8.2279
5,40.45949,-74.34700000000001,541,8.2604
5,40.459410000000005,-74.34737000000001,542,8.293
5,40.4594,-74.34742,543,8.2973
5,40.45938,-74.34752,544,8.3061
5,40.45937,-74.34755000000001,545,8.3088
5,40.459250000000004,-74.34814,546,8.3605
5,40.45922,-74.34825000000001,547,8.3704
5,40.459210000000006,-74.34830000000001,548,8.3748
5,40.45919000000001,-74.34841,549,8.3843
5,40.45915,-74.34859,550,8.4002
5,40.459140000000005,-74.34864,551,8.4046
5,40.45913,-74.34867000000001,552,8.4074
5,40.45911,-74.34880000000001,553,8.4186
5,40.45908,-74.34893000000001,554,8.4301
5,40.45908,-74.34894000000001,555,8.4309
5,40.459050000000005,-74.34905,556,8.4408
5,40.45904,-74.3491,557,8.4452
5,40.45904,-74.34912,558,8.4469
5,40.458980000000004,-74.34939,559,8.4707
5,40.45895,-74.34956000000001,560,8.4854
5,40.45877,-74.35042,561,8.5609
5,40.458760000000005,-74.35047,562,8.5653
5,40.458760000000005,-74.35049000000001,563,8.567
5,40.45875,-74.35053,564,8.5705
5,40.458740000000006,-74.35058000000001,565,8.5749
5,40.45872000000001,-74.35065,566,8.5812
5,40.45871,-74.35073000000001,567,8.5881
5,40.45868,-74.35088,568,8.6012
5,40.458670000000005,-74.35092,569,8.6048
5,40.45866,-74.35095000000001,570,8.6075
5,40.45866,-74.35098,571,8.6101
5,40.458650000000006,-74.35099000000001,572,8.6115
5,40.458650000000006,-74.35102,573,8.614
5,40.45863000000001,-74.3511,574,8.6211
5,40.45861,-74.35121000000001,575,8.6307
5,40.458600000000004,-74.35125000000001,576,8.6343
5,40.458560000000006,-74.35142,577,8.6493
5,40.45855,-74.35148000000001,578,8.6545
5,40.45852,-74.35163,579,8.6676
5,40.45834000000001,-74.35247000000001,580,8.7415
5,40.458330000000004,-74.35255000000001,581,8.7483
5,40.45832,-74.35260000000001,582,8.7527
5,40.458310000000004,-74.35264000000001,583,8.7563
5,40.45828,-74.35277,584,8.7678
5,40.45841,-74.35282000000001,585,8.7828
5,40.458450000000006,-74.35283000000001,586,8.7873
5,40.45868,-74.35291000000001,587,8.8138
5,40.458780000000004,-74.35295,588,8.8254
5,40.458800000000004,-74.35296000000001,589,8.8278
5,40.458850000000005,-74.35298,590,8.8336
5,40.458960000000005,-74.35301000000001,591,8.8461
5,40.45911,-74.35306,592,8.8633
5,40.45919000000001,-74.35310000000001,593,8.8728
5,40.4592,-74.35310000000001,594,8.8739
5,40.459270000000004,-74.35313000000001,595,8.8821
5,40.45949,-74.35317,596,8.9068
5,40.459700000000005,-74.35319000000001,597,8.9302
5,40.460330000000006,-74.35316,598,9.0003
5,40.46043,-74.35315,599,9.0115
5,40.460570000000004,-74.35314000000001,600,9.0271
5,40.46079,-74.35313000000001,601,9.0516
5,40.46085,-74.35313000000001,602,9.0582
5,40.46087,-74.35313000000001,603,9.0605
5,40.460890000000006,-74.35313000000001,604,9.0627
5,40.460910000000005,-74.35312,605,9.0651
5,40.46092,-74.35312,606,9.0662
5,40.46123,-74.35311,607,9.1006
5,40.46128,-74.35310000000001,608,9.1063
5,40.461800000000004,-74.35307,609,9.1641
5,40.46201000000001,-74.35306,610,9.1875
5,40.46228,-74.35305000000001,611,9.2175
5,40.46264,-74.35303,612,9.2576
5,40.46266000000001,-74.35296000000001,613,9.2639
5,40.46271,-74.35291000000001,614,9.2709
5,40.462740000000004,-74.35289,615,9.2747
5,40.46276,-74.35288000000001,616,9.277
5,40.462810000000005,-74.35287000000001,617,9.2827
5,40.46282,-74.35278000000001,618,9.2904
5,40.462830000000004,-74.35273000000001,619,9.2947
5,40.462860000000006,-74.35262,620,9.3046
5,40.46287,-74.35257,621,9.309
5,40.46289,-74.35253,622,9.313
5,40.462900000000005,-74.3525,623,9.3158
5,40.462950000000006,-74.3524,624,9.3259
5,40.462990000000005,-74.35233000000001,625,9.3333
5,40.46304000000001,-74.35227,626,9.3409
5,40.46314,-74.35218,627,9.3544
5,40.4632,-74.35214,628,9.3618
5,40.46327,-74.35211000000001,629,9.37
5,40.46329,-74.35210000000001,630,9.3724
5,40.46338,-74.35207000000001,631,9.3827
5,40.463460000000005,-74.35206000000001,632,9.3917
5,40.46354,-74.35205,633,9.4006
5,40.463570000000004,-74.35205,634,9.4039
5,40.463620000000006,-74.35206000000001,635,9.4096
5,40.46363,-74.35206000000001,636,9.4107
5,40.46369000000001,-74.35208,637,9.4175
5,40.46378,-74.35208,638,9.4275
5,40.46381,-74.35207000000001,639,9.431
5,40.463840000000005,-74.35207000000001,640,9.4343
5,40.463860000000004,-74.35206000000001,641,9.4367
5,40.46387,-74.35206000000001,642,9.4378
5,40.463890000000006,-74.35205,643,9.4402
5,40.46392,-74.35204,644,9.4436
5,40.463950000000004,-74.35202000000001,645,9.4474
5,40.464000000000006,-74.35199,646,9.4535
5,40.46405,-74.35195,647,9.46
5,40.4641,-74.3519,648,9.467
5,40.46416000000001,-74.35182,649,9.4765
5,40.464180000000006,-74.35180000000001,650,9.4793
5,40.46425,-74.35170000000001,651,9.4908
5,40.46428,-74.35166000000001,652,9.4955
5,40.464290000000005,-74.35164,653,9.4976
5,40.4643,-74.35162000000001,654,9.4996
5,40.46441,-74.35143000000001,655,9.5198
5,40.464600000000004,-74.35116000000001,656,9.5509
5,40.46464,-74.35111,657,9.557
5,40.464710000000004,-74.35102,658,9.5679
5,40.464780000000005,-74.35095000000001,659,9.5777
5,40.46486,-74.35087,660,9.5889
5,40.464940000000006,-74.3508,661,9.5996
5,40.464980000000004,-74.35076000000001,662,9.6052
5,40.465050000000005,-74.35071,663,9.614
5,40.46508,-74.35069,664,9.6178
5,40.465090000000004,-74.35068000000001,665,9.6192
5,40.46515,-74.35065,666,9.6263
5,40.465340000000005,-74.35056,667,9.6487
5,40.465430000000005,-74.35053,668,9.6591
5,40.46553,-74.35050000000001,669,9.6705
5,40.4656,-74.35049000000001,670,9.6783
5,40.46571,-74.35048,671,9.6906
5,40.465830000000004,-74.35048,672,9.7039
5,40.466080000000005,-74.35050000000001,673,9.7318
5,40.46689000000001,-74.35068000000001,674,9.8231
5,40.46701,-74.35071,675,9.8367
5,40.46712,-74.35075,676,9.8494
5,40.467130000000004,-74.35075,677,9.8505
5,40.46716,-74.35075,678,9.8538
5,40.467180000000006,-74.35076000000001,679,9.8562
5,40.46719,-74.35076000000001,680,9.8573
5,40.467200000000005,-74.35076000000001,681,9.8584
5,40.46726,-74.35078,682,9.8653
5,40.46734,-74.3508,683,9.8744
5,40.467380000000006,-74.3508,684,9.8788
5,40.467490000000005,-74.35083,685,9.8913
5,40.46752,-74.35084,686,9.8948
5,40.467530000000004,-74.35084,687,9.8959
5,40.46755,-74.35084,688,9.8981
5,40.467560000000006,-74.35085000000001,689,9.8995
5,40.46759,-74.35085000000001,690,9.9028
5,40.46766,-74.35088,691,9.911
5,40.467870000000005,-74.35096,692,9.9353
5,40.468030000000006,-74.35106,693,9.955
5,40.468050000000005,-74.35108000000001,694,9.9578
5,40.46806,-74.35108000000001,695,9.9589
5,40.46810000000001,-74.35111,696,9.9641
5,40.468160000000005,-74.35116000000001,697,9.972
5,40.468210000000006,-74.35119,698,9.9781
5,40.468270000000004,-74.35124,699,9.986
5,40.46828,-74.35125000000001,700,9.9874
5,40.468300000000006,-74.35128,701,9.9907
5,40.468340000000005,-74.35131000000001,702,9.9959
5,40.46838,-74.35135000000001,703,10.0014
5,40.468410000000006,-74.35139000000001,704,10.0062
5,40.46847,-74.35146,705,10.0151
5,40.46848000000001,-74.35148000000001,706,10.0171
5,40.468560000000004,-74.35158000000001,707,10.0294
5,40.46862,-74.35166000000001,708,10.0389
5,40.46867,-74.35174,709,10.0477
5,40.46871,-74.35179000000001,710,10.0538
5,40.468790000000006,-74.35196,711,10.0707
5,40.46887,-74.35213,712,10.0876
5,40.468880000000006,-74.35215000000001,713,10.0897
5,40.468880000000006,-74.35217,714,10.0914
5,40.46889,-74.35219000000001,715,10.0934
5,40.468900000000005,-74.35222,716,10.0961
5,40.46895000000001,-74.35236,717,10.1092
5,40.468970000000006,-74.35241,718,10.114
5,40.46904000000001,-74.35262,719,10.1334
5,40.46905,-74.35267,720,10.1378
5,40.46911,-74.35284,721,10.1536
5,40.469150000000006,-74.35295,722,10.1639
5,40.46927,-74.35325,723,10.1926
5,40.469280000000005,-74.35326,724,10.194
5,40.46931,-74.35332000000001,725,10.2001
5,40.46938,-74.35345000000001,726,10.2136
5,40.46942000000001,-74.35354000000001,727,10.2224
5,40.469480000000004,-74.35365,728,10.2338
5,40.469640000000005,-74.35399000000001,729,10.2676
5,40.469660000000005,-74.35405,730,10.2732
5,40.46967,-74.35405,731,10.2743
5,40.469710000000006,-74.35421000000001,732,10.2885
5,40.46974,-74.35441,733,10.3058
5,40.46974,-74.35451,734,10.3143
5,40.46974,-74.35454,735,10.3168
5,40.46974,-74.35459,736,10.321
5,40.46972,-74.35474,737,10.3339
5,40.469710000000006,-74.35479000000001,738,10.3383
5,40.46969,-74.3549,739,10.3478
5,40.46967,-74.35496,740,10.3534
5,40.469660000000005,-74.35497000000001,741,10.3548
5,40.469570000000004,-74.35528000000001,742,10.3829
5,40.469550000000005,-74.35533000000001,743,10.3876
5,40.46952,-74.35541,744,10.3952
5,40.469460000000005,-74.35563,745,10.4149
5,40.46943,-74.35578000000001,746,10.4281
5,40.46943,-74.35586,747,10.4348
5,40.46943,-74.35594,748,10.4416
5,40.469460000000005,-74.35608,749,10.4539
5,40.46947,-74.35613000000001,750,10.4583
5,40.46949,-74.35619000000001,751,10.4638
5,40.46951000000001,-74.35625,752,10.4694
5,40.46954,-74.3563,753,10.4747
5,40.469570000000004,-74.35636000000001,754,10.4808
5,40.469620000000006,-74.35643,755,10.4889
5,40.46967,-74.35647,756,10.4955
5,40.46972,-74.35651,757,10.502
5,40.469770000000004,-74.35654000000001,758,10.5081
5,40.469820000000006,-74.35656,759,10.5139
5,40.46987,-74.35658000000001,760,10.5197
5,40.469950000000004,-74.3566,761,10.5288
5,40.4701,-74.35661,762,10.5455
5,40.47012,-74.35661,763,10.5477
5,40.47014,-74.35661,764,10.5499
5,40.47025,-74.35662,765,10.5622
5,40.470690000000005,-74.35665,766,10.6112
5,40.470780000000005,-74.35666,767,10.6212
5,40.47079,-74.35666,768,10.6223
5,40.47082,-74.35666,769,10.6256
5,40.47084,-74.35666,770,10.6279
5,40.470960000000005,-74.35666,771,10.6412
5,40.47097,-74.3566,772,10.6464
5,40.47097,-74.35652,773,10.6532
5,40.470980000000004,-74.35646000000001,774,10.6584
5,40.47099,-74.35642,775,10.6619
5,40.47102,-74.35611,776,10.6884
5,40.471030000000006,-74.35604000000001,777,10.6944
5,40.47104,-74.35602,778,10.6964
5,40.47104,-74.35600000000001,779,10.6981
5,40.471050000000005,-74.35594,780,10.7033
5,40.471050000000005,-74.35586,781,10.7101
5,40.47106,-74.3558,782,10.7153
5,40.47106,-74.35575,783,10.7195
5,40.471070000000005,-74.35567,784,10.7264
5,40.47108,-74.3555,785,10.7408
5,40.471090000000004,-74.35543000000001,786,10.7468
5,40.4711,-74.35521,787,10.7654
5,40.4711,-74.35513,788,10.7722
5,40.471120000000006,-74.35480000000001,789,10.8002
5,40.47113,-74.35443000000001,790,10.8315
5,40.47113,-74.35425000000001,791,10.8468
5,40.47113,-74.35413000000001,792,10.8569
5,40.471140000000005,-74.35374,793,10.8899
5,40.47115,-74.35307,794,10.9466
5,40.471160000000005,-74.35227,795,11.0143
5,40.471160000000005,-74.3519,796,11.0456
5,40.47117,-74.35176000000001,797,11.0575
5,40.47117,-74.35172,798,11.0609
5,40.47117,-74.35146,799,11.0829
5,40.47117,-74.35142,800,11.0862
5,40.47117,-74.35132,801,11.0947
5,40.471180000000004,-74.35086000000001,802,11.1336
5,40.471180000000004,-74.35072000000001,803,11.1455
5,40.471180000000004,-74.35057,804,11.1582
5,40.471180000000004,-74.35054000000001,805,11.1607
5,40.4712,-74.35018000000001,806,11.1912
5,40.47122,-74.34977,807,11.226
5,40.47124,-74.3494,808,11.2574
5,40.471250000000005,-74.3493,809,11.2659
5,40.471250000000005,-74.34913,810,11.2803
5,40.47126,-74.34906000000001,811,11.2863
5,40.471270000000004,-74.34882,812,11.3066
5,40.47128,-74.34863,813,11.3227
5,40.47128,-74.34855,814,11.3295
5,40.47128,-74.34839000000001,815,11.343
5,40.47129,-74.34830000000001,816,11.3507
5,40.47129,-74.34808000000001,817,11.3693
5,40.47130000000001,-74.34788,818,11.3863
5,40.47130000000001,-74.34784,819,11.3897
5,40.47130000000001,-74.3476,820,11.41
5,40.47130000000001,-74.34754000000001,821,11.4151
5,40.47131,-74.34737000000001,822,11.4295
5,40.47131,-74.34716,823,11.4472
5,40.471320000000006,-74.34674000000001,824,11.4828
5,40.47133,-74.34652000000001,825,11.5014
5,40.47133,-74.34613,826,11.5344
5,40.47133,-74.34612,827,11.5353
5,40.471340000000005,-74.34594000000001,828,11.5505
5,40.471340000000005,-74.34587,829,11.5565
5,40.47133,-74.34583,830,11.56
5,40.47133,-74.34578,831,11.5643
5,40.471340000000005,-74.34567000000001,832,11.5736
5,40.47135,-74.34533,833,11.6024
5,40.471360000000004,-74.34477000000001,834,11.6498
5,40.47137,-74.34449000000001,835,11.6735
5,40.47138,-74.34438,836,11.6829
5,40.47139000000001,-74.3443,837,11.6897
5,40.4714,-74.34421,838,11.6974
5,40.471430000000005,-74.34404,839,11.7122
5,40.471450000000004,-74.34391000000001,840,11.7234
5,40.47149,-74.34366,841,11.745
5,40.471500000000006,-74.34358,842,11.7519
5,40.471520000000005,-74.34344,843,11.7639
5,40.47153,-74.34336,844,11.7708
5,40.471560000000004,-74.34321,845,11.7839
5,40.47166,-74.34254,846,11.8417
5,40.471790000000006,-74.34165,847,11.9183
5,40.471810000000005,-74.34154000000001,848,11.9279
5,40.471900000000005,-74.34094,849,11.9796
5,40.47191,-74.34087000000001,850,11.9856
5,40.471920000000004,-74.34077,851,11.9942
5,40.471940000000004,-74.34066,852,12.0037
5,40.471940000000004,-74.34061000000001,853,12.008
5,40.471990000000005,-74.3403,854,12.0348
5,40.471990000000005,-74.34028,855,12.0365
5,40.472,-74.34023,856,12.0408
5,40.47205,-74.33982,857,12.076
5,40.472060000000006,-74.33972,858,12.0845
5,40.47207,-74.33962000000001,859,12.093
5,40.47207,-74.33961000000001,860,12.0939
5,40.472100000000005,-74.33937,861,12.1144
5,40.47211,-74.33930000000001,862,12.1205
5,40.472120000000004,-74.33924,863,12.1257
5,40.47216,-74.33893,864,12.1522
5,40.47216,-74.33889,865,12.1556
5,40.472170000000006,-74.33879,866,12.1642
5,40.472190000000005,-74.33869,867,12.1729
5,40.472190000000005,-74.33865,868,12.1763
5,40.4722,-74.33856,869,12.184
5,40.47234,-74.33738000000001,870,12.285
5,40.472350000000006,-74.3373,871,12.2919
5,40.472350000000006,-74.33729000000001,872,12.2927
5,40.472350000000006,-74.33728,873,12.2935
5,40.47236,-74.33720000000001,874,12.3004
5,40.47238,-74.3371,875,12.3092
5,40.47243,-74.33673,876,12.3409
5,40.47245,-74.33657000000001,877,12.3547
5,40.47251,-74.33611,878,12.3941
5,40.472530000000006,-74.33600000000001,879,12.4037
5,40.47254,-74.33590000000001,880,12.4122
5,40.47256,-74.33579,881,12.4218
5,40.47256,-74.33575,882,12.4252
5,40.472570000000005,-74.33569,883,12.4304
5,40.47258,-74.33566,884,12.4331
5,40.47261,-74.33552,885,12.4455
5,40.47261,-74.33549000000001,886,12.448
5,40.472620000000006,-74.33541000000001,887,12.4548
5,40.472640000000006,-74.33521,888,12.4719
5,40.47265,-74.33511,889,12.4804
5,40.472660000000005,-74.33501000000001,890,12.489
5,40.47269,-74.33479000000001,891,12.5079
5,40.472710000000006,-74.33470000000001,892,12.5158
5,40.472710000000006,-74.33466,893,12.5192
5,40.47279,-74.33414,894,12.5641
5,40.47283,-74.3339,895,12.5849
5,40.47287,-74.33368,896,12.604
5,40.47289000000001,-74.33356,897,12.6144
5,40.472930000000005,-74.33332,898,12.6352
5,40.472930000000005,-74.33329,899,12.6377
5,40.473000000000006,-74.3328,900,12.6799
5,40.47307,-74.33236000000001,901,12.7179
5,40.473090000000006,-74.33213,902,12.7375
5,40.473090000000006,-74.33185,903,12.7612
5,40.4731,-74.33151000000001,904,12.7899
5,40.473090000000006,-74.33138000000001,905,12.801
5,40.473090000000006,-74.33125000000001,906,12.812
5,40.473090000000006,-74.33115000000001,907,12.8204
5,40.47308,-74.33107000000001,908,12.8273
5,40.47307,-74.33091,909,12.8409
5,40.47307,-74.33084000000001,910,12.8468
5,40.47303,-74.33036000000001,911,12.8877
5,40.47296,-74.3298,912,12.9357
5,40.47294,-74.32955000000001,913,12.9569
5,40.47294,-74.32954000000001,914,12.9578
5,40.47289000000001,-74.32908,915,12.9971
5,40.47287,-74.32884,916,13.0175
5,40.47285,-74.32869000000001,917,13.0304
5,40.47285,-74.32867,918,13.0321
5,40.47283,-74.32849,919,13.0474
5,40.472820000000006,-74.32833000000001,920,13.061
5,40.472820000000006,-74.32825000000001,921,13.0678
5,40.47281,-74.32815000000001,922,13.0763
5,40.47281,-74.32805,923,13.0848
5,40.47281,-74.32797000000001,924,13.0915
5,40.47281,-74.32788000000001,925,13.0992
5,40.472860000000004,-74.32715,926,13.1612
5,40.4729,-74.3266,927,13.2079
5,40.472910000000006,-74.32654000000001,928,13.2131
5,40.472910000000006,-74.32651000000001,929,13.2156
5,40.472910000000006,-74.32649,930,13.2173
5,40.472930000000005,-74.32624000000001,931,13.2386
5,40.47294,-74.32608,932,13.2522
5,40.47296,-74.32589,933,13.2684
5,40.47298000000001,-74.32572,934,13.2829
5,40.473000000000006,-74.32563,935,13.2909
5,40.473020000000005,-74.3255,936,13.3021
5,40.47312,-74.32503000000001,937,13.3434
5,40.473200000000006,-74.32464,938,13.3775
5,40.47328,-74.32418000000001,939,13.4175
5,40.47334,-74.32391000000001,940,13.4412
5,40.473380000000006,-74.32375,941,13.4555
5,40.473400000000005,-74.32364000000001,942,13.4651
5,40.47345000000001,-74.32346000000001,943,13.4813
5,40.473690000000005,-74.32286,944,13.5386
5,40.473710000000004,-74.32281,945,13.5434
5,40.473870000000005,-74.32245,946,13.5787
5,40.47388,-74.32243000000001,947,13.5807
5,40.473940000000006,-74.32230000000001,948,13.5935
5,40.474180000000004,-74.32176000000001,949,13.6464
5,40.47421000000001,-74.32169,950,13.6532
5,40.47446,-74.32109000000001,951,13.7111
5,40.47449,-74.32097,952,13.7218
5,40.474520000000005,-74.32090000000001,953,13.7286
5,40.474540000000005,-74.32083,954,13.7349
5,40.474720000000005,-74.32043,955,13.7742
5,40.474970000000006,-74.31985,956,13.8306
5,40.47533000000001,-74.31903000000001,957,13.9107
5,40.475620000000006,-74.31841,958,13.9723
5,40.475910000000006,-74.31779,959,14.0338
5,40.47598,-74.31764000000001,960,14.0487
5,40.476040000000005,-74.31750000000001,961,14.0623
5,40.476220000000005,-74.31710000000001,962,14.1016
5,40.4763,-74.31694,963,14.1178
5,40.47641,-74.31668,964,14.143
5,40.476530000000004,-74.31641,965,14.1694
5,40.47701,-74.31527000000001,966,14.2796
5,40.477140000000006,-74.31497,967,14.3088
5,40.47728,-74.31464000000001,968,14.3408
5,40.47735,-74.31449,969,14.3557
5,40.47742,-74.31433000000001,970,14.3713
5,40.477470000000004,-74.3142,971,14.3836
5,40.47753,-74.31407,972,14.3965
5,40.4776,-74.3139,973,14.4128
5,40.47767,-74.31372,974,14.4299
5,40.47773,-74.31356000000001,975,14.445
5,40.47775,-74.31351000000001,976,14.4498
5,40.477900000000005,-74.31311000000001,977,14.4875
5,40.47807,-74.31277,978,14.5219
5,40.47816,-74.31259,979,14.5401
5,40.47818,-74.31255,980,14.5442
5,40.47822,-74.31246,981,14.553
5,40.478280000000005,-74.31237,982,14.5631
5,40.47834,-74.31227000000001,983,14.5739
5,40.47831,-74.31205,984,14.5928
5,40.47831,-74.31202,985,14.5953
5,40.478300000000004,-74.31200000000001,986,14.5974
5,40.47829,-74.31190000000001,987,14.6059
5,40.478280000000005,-74.31184,988,14.6111
5,40.478280000000005,-74.31178000000001,989,14.6162
5,40.478260000000006,-74.31163000000001,990,14.6291
5,40.47824000000001,-74.31149,991,14.6411
5,40.47822,-74.31135,992,14.6532
5,40.478190000000005,-74.31110000000001,993,14.6746
5,40.47816,-74.31088000000001,994,14.6935
5,40.478080000000006,-74.31038000000001,995,14.7367
5,40.478080000000006,-74.31034000000001,996,14.7401
5,40.478030000000004,-74.30998000000001,997,14.771
5,40.47798,-74.30968,998,14.797
5,40.47796,-74.30951,999,14.8115
5,40.47793,-74.30929,1000,14.8304
5,40.47793,-74.30926000000001,1001,14.833
5,40.477830000000004,-74.30860000000001,1002,14.8899
5,40.477810000000005,-74.30849,1003,14.8995
5,40.4778,-74.3084,1004,14.9072
5,40.47778,-74.30823000000001,1005,14.9217
5,40.47775,-74.30801000000001,1006,14.9406
5,40.47773,-74.30787000000001,1007,14.9527
5,40.477700000000006,-74.30766000000001,1008,14.9707
5,40.47764,-74.30727,1009,15.0044
5,40.477630000000005,-74.30724000000001,1010,15.0072
5,40.477630000000005,-74.30719,1011,15.0114
5,40.4776,-74.30698000000001,1012,15.0295
5,40.47753,-74.30648000000001,1013,15.0725
5,40.477500000000006,-74.30628,1014,15.0897
5,40.47746,-74.30601,1015,15.113
5,40.477430000000005,-74.30584,1016,15.1277
5,40.477410000000006,-74.30572000000001,1017,15.1381
5,40.477410000000006,-74.30569000000001,1018,15.1407
5,40.477360000000004,-74.30533000000001,1019,15.1716
5,40.47731,-74.30503,1020,15.1976
5,40.47728,-74.3048,1021,15.2173
5,40.47726,-74.30466000000001,1022,15.2294
5,40.47722,-74.30441,1023,15.251
5,40.4772,-74.30424000000001,1024,15.2655
5,40.477160000000005,-74.30399000000001,1025,15.2871
5,40.47715,-74.30388,1026,15.2965
5,40.4771,-74.30355,1027,15.325
5,40.477070000000005,-74.30338,1028,15.3397
5,40.477050000000006,-74.30325,1029,15.351
5,40.477050000000006,-74.30321,1030,15.3543
5,40.47704,-74.30311,1031,15.3629
5,40.47702,-74.30304000000001,1032,15.3692
5,40.47697,-74.30265,1033,15.4026
5,40.47692,-74.30234,1034,15.4294
5,40.4769,-74.3022,1035,15.4415
5,40.47688,-74.30203,1036,15.456
5,40.476850000000006,-74.30181,1037,15.475
5,40.47681,-74.30158,1038,15.4949
5,40.47677,-74.30127,1039,15.5215
5,40.47675,-74.30113,1040,15.5336
5,40.476710000000004,-74.30090000000001,1041,15.5535
5,40.476690000000005,-74.3007,1042,15.5706
5,40.47668,-74.30067000000001,1043,15.5733
5,40.47663,-74.30031000000001,1044,15.6043
5,40.476620000000004,-74.30025,1045,15.6095
5,40.47659,-74.30006,1046,15.6259
5,40.476510000000005,-74.29951000000001,1047,15.6733
5,40.47648,-74.29934,1048,15.688
5,40.47645,-74.29911000000001,1049,15.7078
5,40.47641,-74.29881,1050,15.7335
5,40.47636000000001,-74.29856000000001,1051,15.7554
5,40.47628,-74.29802000000001,1052,15.8019
5,40.47626,-74.29786,1053,15.8156
5,40.476200000000006,-74.29748000000001,1054,15.8485
5,40.47618000000001,-74.29735000000001,1055,15.8597
5,40.47617,-74.29725,1056,15.8682
5,40.47617,-74.29722000000001,1057,15.8708
5,40.47616,-74.29716,1058,15.876
5,40.47616,-74.29714000000001,1059,15.8776
5,40.476150000000004,-74.29712,1060,15.8797
5,40.476110000000006,-74.29682000000001,1061,15.9054
5,40.4761,-74.29676,1062,15.9106
5,40.47607,-74.29663000000001,1063,15.9221
5,40.47605,-74.29652,1064,15.9317
5,40.47603,-74.29639,1065,15.9429
5,40.476000000000006,-74.29624000000001,1066,15.956
5,40.47599,-74.29614000000001,1067,15.9646
5,40.47596,-74.29599,1068,15.9777
5,40.475910000000006,-74.29570000000001,1069,16.0028
5,40.475910000000006,-74.29568,1070,16.0045
5,40.47589000000001,-74.29560000000001,1071,16.0116
5,40.47589000000001,-74.29555,1072,16.0159
5,40.475880000000004,-74.2955,1073,16.0202
5,40.47587,-74.29545,1074,16.0246
5,40.475880000000004,-74.29538000000001,1075,16.0306
5,40.47589000000001,-74.29533,1076,16.035
5,40.47592,-74.29528,1077,16.0404
5,40.47594,-74.29524,1078,16.0445
5,40.47601,-74.29513,1079,16.0566
5,40.476060000000004,-74.29506,1080,16.0647
5,40.476200000000006,-74.29484000000001,1081,16.089
5,40.47632,-74.29465,1082,16.1099
5,40.47637,-74.29457000000001,1083,16.1186
5,40.476400000000005,-74.29453000000001,1084,16.1234
5,40.47643,-74.29448000000001,1085,16.1288
5,40.47654,-74.2943,1086,16.1483
5,40.47659,-74.29422000000001,1087,16.157
5,40.47661,-74.2942,1088,16.1598
5,40.47663,-74.29416,1089,16.1639
5,40.476800000000004,-74.29390000000001,1090,16.1929
5,40.476820000000004,-74.29387000000001,1091,16.1963
5,40.476850000000006,-74.29381000000001,1092,16.2023
5,40.476870000000005,-74.29377000000001,1093,16.2064
5,40.47688,-74.29375,1094,16.2084
5,40.476910000000004,-74.29372000000001,1095,16.2126
5,40.47699,-74.29361,1096,16.2255
5,40.47706,-74.29352,1097,16.2364
5,40.47706,-74.29351000000001,1098,16.2372
5,40.4771,-74.29346000000001,1099,16.2433
5,40.477180000000004,-74.29336,1100,16.2556
5,40.4772,-74.29334,1101,16.2584
5,40.47724,-74.2933,1102,16.264
5,40.47724,-74.29329000000001,1103,16.2648
5,40.477270000000004,-74.29326,1104,16.269
5,40.47729,-74.29323000000001,1105,16.2724
5,40.47733,-74.29319000000001,1106,16.278
5,40.47739,-74.29312,1107,16.2869
5,40.47755,-74.29296000000001,1108,16.3093
5,40.477560000000004,-74.29294,1109,16.3113
5,40.4778,-74.29271,1110,16.3443
5,40.47784,-74.29266000000001,1111,16.3505
5,40.47786000000001,-74.29264,1112,16.3533
5,40.47791,-74.29260000000001,1113,16.3598
5,40.47793,-74.29257000000001,1114,16.3631
5,40.478210000000004,-74.29229000000001,1115,16.4023
5,40.47827,-74.29222,1116,16.4112
5,40.478300000000004,-74.29220000000001,1117,16.4149
5,40.47842,-74.29207000000001,1118,16.4322
5,40.478570000000005,-74.29193000000001,1119,16.4527
5,40.4787,-74.29181000000001,1120,16.4703
5,40.47876,-74.29175000000001,1121,16.4787
5,40.47880000000001,-74.29172000000001,1122,16.4838
5,40.47887,-74.29165,1123,16.4936
5,40.47894,-74.29159,1124,16.5029
5,40.47916,-74.29137,1125,16.5336
5,40.47925,-74.29126000000001,1126,16.5473
5,40.47945,-74.29104000000001,1127,16.5763
5,40.47992,-74.29036,1128,16.654
5,40.48004,-74.29020000000001,1129,16.673
5,40.48017,-74.29003,1130,16.6934
5,40.48026,-74.28991,1131,16.7077
5,40.48042,-74.28970000000001,1132,16.7328
5,40.48053,-74.28956000000001,1133,16.7498
5,40.48058,-74.2895,1134,16.7574
5,40.480760000000004,-74.28929000000001,1135,16.7841
5,40.480790000000006,-74.28925000000001,1136,16.7889
5,40.480880000000006,-74.28915,1137,16.802
5,40.480920000000005,-74.2891,1138,16.8081
5,40.48095,-74.28906,1139,16.8129
5,40.48098,-74.28901,1140,16.8182
5,40.481030000000004,-74.28891,1141,16.8284
5,40.48134,-74.28825,1142,16.894
5,40.481370000000005,-74.28819,1143,16.9
5,40.4814,-74.28812,1144,16.9068
5,40.48142,-74.28795000000001,1145,16.9214
5,40.48138,-74.28784,1146,16.9317
5,40.481570000000005,-74.28771,1147,16.9555
5,40.48167,-74.28763000000001,1148,16.9685
5,40.481970000000004,-74.28739,1149,17.0076
5,40.48207,-74.28732000000001,1150,17.0202
5,40.482110000000006,-74.28729000000001,1151,17.0253
5,40.48212,-74.28728000000001,1152,17.0267
5,40.482130000000005,-74.28728000000001,1153,17.0278
5,40.48214,-74.28727,1154,17.0292
5,40.4823,-74.28714000000001,1155,17.0501
5,40.48259,-74.28692000000001,1156,17.0873
5,40.48279,-74.28676,1157,17.1134
5,40.483520000000006,-74.28620000000001,1158,17.2073
5,40.483830000000005,-74.28595,1159,17.2478
5,40.483920000000005,-74.28588,1160,17.2594
5,40.48398,-74.28584000000001,1161,17.2669
5,40.484,-74.28582,1162,17.2697
5,40.48405,-74.28578,1163,17.2762
5,40.48411,-74.28574,1164,17.2837
5,40.48507,-74.28499000000001,1165,17.4078
5,40.485170000000004,-74.28491000000001,1166,17.4209
5,40.48521,-74.28488,1167,17.426
5,40.48532,-74.28479,1168,17.4404
5,40.48603000000001,-74.28425,1169,17.5316
5,40.486160000000005,-74.28415000000001,1170,17.5483
5,40.48624,-74.28409,1171,17.5586
5,40.486290000000004,-74.28405000000001,1172,17.5651
5,40.48608,-74.28359,1173,17.6105
5,40.48603000000001,-74.28349,1174,17.6206
5,40.486000000000004,-74.28343000000001,1175,17.6267
5,40.48592,-74.28325000000001,1176,17.6443
5,40.48588,-74.28317000000001,1177,17.6524
5,40.48584,-74.28307000000001,1178,17.6619
5,40.4857,-74.28277,1179,17.6917
5,40.48568,-74.28271000000001,1180,17.6972
5,40.48565000000001,-74.28265,1181,17.7033
5,40.48552,-74.28237,1182,17.7311
5,40.48548,-74.28228,1183,17.7399
5,40.48543,-74.28219,1184,17.7493
5,40.485420000000005,-74.28217000000001,1185,17.7513
5,40.4853,-74.28191000000001,1186,17.7771
5,40.485260000000004,-74.28182000000001,1187,17.7859
5,40.48523,-74.28176,1188,17.7919
5,40.48521,-74.28173000000001,1189,17.7953
5,40.485130000000005,-74.28158,1190,17.8108
5,40.48512,-74.28156000000001,1191,17.8128
5,40.48509000000001,-74.28151000000001,1192,17.8182
5,40.48508,-74.28150000000001,1193,17.8196
5,40.48505,-74.28146000000001,1194,17.8244
5,40.48503,-74.28144,1195,17.8272
5,40.48499,-74.28141000000001,1196,17.8323
5,40.48492,-74.28135,1197,17.8416
5,40.484840000000005,-74.28128000000001,1198,17.8523
5,40.4848,-74.28125,1199,17.8574
5,40.484750000000005,-74.28121,1200,17.8639
5,40.48453000000001,-74.28104,1201,17.8923
5,40.484500000000004,-74.28102000000001,1202,17.896
5,40.48449,-74.28101000000001,1203,17.8974
5,40.48395,-74.28059,1204,17.9672
5,40.48386,-74.28051,1205,17.9792
5,40.48378,-74.28043000000001,1206,17.9904
5,40.48377,-74.28043000000001,1207,17.9915
5,40.483340000000005,-74.28009,1208,18.0473
5,40.483250000000005,-74.28002000000001,1209,18.059
5,40.48315,-74.27995,1210,18.0716
5,40.483050000000006,-74.27987,1211,18.0846
5,40.48304,-74.27986,1212,18.086
5,40.482960000000006,-74.27980000000001,1213,18.0962
5,40.482910000000004,-74.27976000000001,1214,18.1027
5,40.4827,-74.2796,1215,18.1297
5,40.48263,-74.27955,1216,18.1386
5,40.48256000000001,-74.27949000000001,1217,18.1479
5,40.482420000000005,-74.27939,1218,18.1656
5,40.482400000000005,-74.27937,1219,18.1684
5,40.482380000000006,-74.27935000000001,1220,18.1712
5,40.482240000000004,-74.27925,1221,18.1889
5,40.48223,-74.27924,1222,18.1903
5,40.48208,-74.27912,1223,18.2098
5,40.48198,-74.27905000000001,1224,18.2224
5,40.48189,-74.27898,1225,18.234
5,40.48143,-74.27862,1226,18.2936
5,40.48136,-74.27857,1227,18.3024
5,40.48129,-74.27852,1228,18.3113
5,40.480810000000005,-74.27814000000001,1229,18.3736
5,40.480720000000005,-74.27807,1230,18.3852
5,40.48062,-74.278,1231,18.3978
5,40.480140000000006,-74.27763,1232,18.4597
5,40.480070000000005,-74.27757000000001,1233,18.469
5,40.48001,-74.27752000000001,1234,18.4769
5,40.479780000000005,-74.27735000000001,1235,18.5062
5,40.479760000000006,-74.27733,1236,18.509
5,40.47973,-74.27731,1237,18.5127
5,40.479670000000006,-74.27726000000001,1238,18.5206
5,40.47952,-74.27715,1239,18.5397
5,40.47945,-74.27711000000001,1240,18.5482
5,40.47941,-74.27708000000001,1241,18.5533
5,40.47937,-74.27706,1242,18.5581
5,40.47921,-74.27694000000001,1243,18.5786
5,40.479200000000006,-74.27693000000001,1244,18.58
5,40.47909000000001,-74.27685000000001,1245,18.594
5,40.478880000000004,-74.27668000000001,1246,18.6214
5,40.47863,-74.27649000000001,1247,18.6535
5,40.4786,-74.27647,1248,18.6572
5,40.478320000000004,-74.27625,1249,18.6935
5,40.47825,-74.27621,1250,18.702
5,40.47814,-74.27613000000001,1251,18.716
5,40.47814,-74.27612,1252,18.7168
5,40.47805,-74.27606,1253,18.728
5,40.47809,-74.27597,1254,18.7369
5,40.47811,-74.27594,1255,18.7402
5,40.47814,-74.27586000000001,1256,18.7478
5,40.47824000000001,-74.27563,1257,18.7702
5,40.47825,-74.27560000000001,1258,18.773
5,40.47829,-74.27552,1259,18.7811
5,40.47831,-74.27545,1260,18.7874
5,40.47849,-74.27507,1261,18.8252
5,40.47851,-74.27504,1262,18.8286
5,40.478590000000004,-74.27485,1263,18.847
5,40.47871000000001,-74.27457000000001,1264,18.8742
5,40.47876,-74.27448000000001,1265,18.8836
5,40.47880000000001,-74.27438000000001,1266,18.8931
5,40.478910000000006,-74.27413,1267,18.9176
5,40.47896,-74.27401,1268,18.9291
5,40.479000000000006,-74.27392,1269,18.938
5,40.47919,-74.27351,1270,18.9786
5,40.47941,-74.27301,1271,19.0274
5,40.479490000000006,-74.27285,1272,19.0436
5,40.479510000000005,-74.2728,1273,19.0484
5,40.47964,-74.27251000000001,1274,19.0769
5,40.479710000000004,-74.27236,1275,19.0918
5,40.479760000000006,-74.27229000000001,1276,19.0999
5,40.479780000000005,-74.27226,1277,19.1033
5,40.479780000000005,-74.27225,1278,19.1041
5,40.47981,-74.27221,1279,19.1088
5,40.47988,-74.27214000000001,1280,19.1186
5,40.479890000000005,-74.27212,1281,19.1206
5,40.4799,-74.27212,1282,19.1218
5,40.480000000000004,-74.27203,1283,19.1352
5,40.480070000000005,-74.272,1284,19.1434
5,40.480090000000004,-74.27199,1285,19.1458
5,40.48011,-74.27198,1286,19.1482
5,40.480140000000006,-74.27197000000001,1287,19.1516
5,40.4802,-74.27196,1288,19.1583
5,40.48022,-74.27195,1289,19.1607
5,40.48026,-74.27194,1290,19.1653
5,40.480320000000006,-74.27193000000001,1291,19.172
5,40.4804,-74.27192000000001,1292,19.1809
5,40.48046,-74.27192000000001,1293,19.1876
5,40.480560000000004,-74.27194,1294,19.1988
5,40.48058,-74.27194,1295,19.2011
5,40.48059000000001,-74.27194,1296,19.2022
5,40.48064,-74.27196,1297,19.208
5,40.48066,-74.27197000000001,1298,19.2104
5,40.48077000000001,-74.27202000000001,1299,19.2233
5,40.48078,-74.27203,1300,19.2247
5,40.4808,-74.27204,1301,19.2271
5,40.48082,-74.27206000000001,1302,19.2299
5,40.48087,-74.27208,1303,19.2357
5,40.48091,-74.27211000000001,1304,19.2408
5,40.480940000000004,-74.27213,1305,19.2445
5,40.48113,-74.27227,1306,19.2688
5,40.4812,-74.27233000000001,1307,19.2781
5,40.48149,-74.27256000000001,1308,19.3157
5,40.48158,-74.27263,1309,19.3273
5,40.48192,-74.27289,1310,19.3711
5,40.482110000000006,-74.27303,1311,19.3953
5,40.48218000000001,-74.27308000000001,1312,19.4042
5,40.482200000000006,-74.2731,1313,19.407
5,40.482350000000004,-74.27321,1314,19.4261
5,40.48268,-74.27348,1315,19.4693
5,40.4827,-74.27349000000001,1316,19.4716
5,40.48272,-74.27352,1317,19.475
5,40.482760000000006,-74.27357,1318,19.4812
5,40.482800000000005,-74.27362000000001,1319,19.4873
5,40.482820000000004,-74.27365,1320,19.4907
5,40.482850000000006,-74.27369,1321,19.4954
5,40.482910000000004,-74.27378,1322,19.5055
5,40.48295,-74.27388,1323,19.5151
5,40.482980000000005,-74.27394000000001,1324,19.5212
5,40.48299,-74.27399000000001,1325,19.5255
5,40.48299,-74.274,1326,19.5264
5,40.483000000000004,-74.27401,1327,19.5278
5,40.48301,-74.27406,1328,19.5322
5,40.48302,-74.27409,1329,19.5349
5,40.48303000000001,-74.27418,1330,19.5426
5,40.48304,-74.27424,1331,19.5478
5,40.483050000000006,-74.27432,1332,19.5547
5,40.483050000000006,-74.27435000000001,1333,19.5572
5,40.483050000000006,-74.2744,1334,19.5614
5,40.483050000000006,-74.27445,1335,19.5657
5,40.483050000000006,-74.27446,1336,19.5665
5,40.48306,-74.27456000000001,1337,19.5751
5,40.48306,-74.27461000000001,1338,19.5793
5,40.48306,-74.27463,1339,19.581
5,40.483050000000006,-74.27467,1340,19.5845
5,40.483050000000006,-74.27475000000001,1341,19.5913
5,40.48304,-74.27483000000001,1342,19.5982
5,40.48303000000001,-74.27498,1343,19.6109
5,40.48303000000001,-74.27508,1344,19.6194
5,40.48304,-74.27519000000001,1345,19.6287
5,40.48306,-74.27533000000001,1346,19.6408
5,40.48308,-74.27541000000001,1347,19.6479
5,40.483090000000004,-74.27545,1348,19.6515
5,40.48311,-74.27550000000001,1349,19.6562
5,40.48313,-74.27556000000001,1350,19.6618
5,40.48315,-74.27559000000001,1351,19.6651
5,40.483160000000005,-74.27561,1352,19.6672
5,40.483180000000004,-74.27565000000001,1353,19.6712
5,40.4833,-74.27584,1354,19.6921
5,40.48331,-74.27586000000001,1355,19.6941
5,40.48333,-74.27589,1356,19.6975
5,40.483380000000004,-74.27596000000001,1357,19.7056
5,40.48333,-74.27608000000001,1358,19.7172
5,40.48333,-74.27609000000001,1359,19.718
5,40.483250000000005,-74.27625,1360,19.7342
5,40.483250000000005,-74.27626000000001,1361,19.7351
5,40.48324,-74.27627000000001,1362,19.7365
5,40.48321000000001,-74.27635000000001,1363,19.744
5,40.483200000000004,-74.27637,1364,19.746
5,40.48308,-74.27663000000001,1365,19.7718
5,40.48292,-74.277,1366,19.8077
5,40.48288,-74.27708000000001,1367,19.8158
5,40.482870000000005,-74.27711000000001,1368,19.8186
5,40.48284,-74.27716000000001,1369,19.824
5,40.48283,-74.27720000000001,1370,19.8276
5,40.48279,-74.27729000000001,1371,19.8364
5,40.482760000000006,-74.27735000000001,1372,19.8425
5,40.482730000000004,-74.27741,1373,19.8485
5,40.4825,-74.27794,1374,19.9001
5,40.48248,-74.27796000000001,1375,19.9029
5,40.48246,-74.27802000000001,1376,19.9085
5,40.48243,-74.27808,1377,19.9145
5,40.48241,-74.27813,1378,19.9193
5,40.48241,-74.27814000000001,1379,19.9202
5,40.48239,-74.27818,1380,19.9242
5,40.48237,-74.27821,1381,19.9276
5,40.48236,-74.27824000000001,1382,19.9303
5,40.482310000000005,-74.27835,1383,19.9412
5,40.48228,-74.2784,1384,19.9466
5,40.482260000000004,-74.27846000000001,1385,19.9521
5,40.48225,-74.27846000000001,1386,19.9532
5,40.482240000000004,-74.27849,1387,19.956
5,40.482240000000004,-74.27850000000001,1388,19.9568
5,40.48223,-74.27852,1389,19.9589
5,40.482220000000005,-74.27855000000001,1390,19.9616
5,40.482060000000004,-74.27890000000001,1391,19.9962
5,40.48198,-74.27905000000001,1392,20.0117
5,40.48208,-74.27912,1393,20.0243
5,40.48223,-74.27924,1394,20.0438
5,40.482240000000004,-74.27925,1395,20.0452
5,40.482380000000006,-74.27935000000001,1396,20.0629
5,40.482400000000005,-74.27937,1397,20.0657
5,40.482420000000005,-74.27939,1398,20.0685
5,40.48256000000001,-74.27949000000001,1399,20.0862
5,40.48263,-74.27955,1400,20.0955
5,40.4827,-74.2796,1401,20.1044
5,40.482910000000004,-74.27976000000001,1402,20.1313
5,40.482960000000006,-74.27980000000001,1403,20.1379
5,40.48304,-74.27986,1404,20.1481
5,40.483050000000006,-74.27987,1405,20.1495
5,40.48315,-74.27995,1406,20.1625
5,40.483250000000005,-74.28002000000001,1407,20.1751
5,40.483340000000005,-74.28009,1408,20.1867
5,40.48377,-74.28043000000001,1409,20.2425
5,40.48378,-74.28043000000001,1410,20.2436
5,40.48386,-74.28051,1411,20.2548
5,40.48395,-74.28059,1412,20.2669
5,40.48449,-74.28101000000001,1413,20.3367
5,40.484500000000004,-74.28102000000001,1414,20.3381
5,40.48453000000001,-74.28104,1415,20.3418
5,40.48463,-74.28112,1416,20.3548
5,40.48467,-74.28115000000001,1417,20.3599
5,40.484750000000005,-74.28121,1418,20.3702
5,40.4848,-74.28125,1419,20.3767
5,40.484840000000005,-74.28128000000001,1420,20.3818
5,40.48492,-74.28135,1421,20.3925
5,40.48499,-74.28141000000001,1422,20.4018
5,40.48503,-74.28144,1423,20.4069
5,40.48505,-74.28146000000001,1424,20.4097
5,40.48508,-74.28150000000001,1425,20.4145
5,40.48509000000001,-74.28151000000001,1426,20.4158
5,40.48512,-74.28156000000001,1427,20.4212
5,40.485130000000005,-74.28158,1428,20.4233
5,40.48521,-74.28173000000001,1429,20.4388
5,40.48523,-74.28176,1430,20.4421
5,40.485260000000004,-74.28182000000001,1431,20.4482
5,40.4853,-74.28191000000001,1432,20.457
5,40.485420000000005,-74.28217000000001,1433,20.4827
5,40.48543,-74.28219,1434,20.4848
5,40.48548,-74.28228,1435,20.4942
5,40.48552,-74.28237,1436,20.503
5,40.48565000000001,-74.28265,1437,20.5307
5,40.48568,-74.28271000000001,1438,20.5368
5,40.4857,-74.28277,1439,20.5424
5,40.48584,-74.28307000000001,1440,20.5721
5,40.48588,-74.28317000000001,1441,20.5817
5,40.48592,-74.28325000000001,1442,20.5898
5,40.486000000000004,-74.28343000000001,1443,20.6074
5,40.48603000000001,-74.28349,1444,20.6135
5,40.48608,-74.28359,1445,20.6236
5,40.486290000000004,-74.28405000000001,1446,20.669
5,40.486580000000004,-74.28389,1447,20.7039
5,40.48662,-74.28386,1448,20.7091
5,40.486630000000005,-74.28385,1449,20.7105
5,40.486880000000006,-74.28366000000001,1450,20.7426
5,40.487010000000005,-74.28357000000001,1451,20.7589
5,40.487120000000004,-74.28348000000001,1452,20.7733
5,40.48722,-74.28342,1453,20.7855
5,40.48733,-74.28335000000001,1454,20.7991
5,40.48745,-74.28330000000001,1455,20.8131
5,40.48754,-74.28327,1456,20.8234
5,40.487640000000006,-74.28324,1457,20.8348
5,40.48772,-74.28323,1458,20.8438
5,40.487790000000004,-74.28323,1459,20.8516
5,40.48783,-74.28323,1460,20.856
5,40.487880000000004,-74.28324,1461,20.8616
5,40.487930000000006,-74.28325000000001,1462,20.8673
5,40.48799,-74.28327,1463,20.8741
5,40.48800000000001,-74.28327,1464,20.8753
5,40.488020000000006,-74.28328,1465,20.8776
5,40.488130000000005,-74.28332,1466,20.8903
5,40.488240000000005,-74.28337,1467,20.9033
5,40.48875,-74.28361000000001,1468,20.9635
5,40.489050000000006,-74.28376,1469,20.9992
5,40.48908,-74.28377,1470,21.0026
5,40.48915,-74.2838,1471,21.0108
5,40.489230000000006,-74.28384000000001,1472,21.0203
5,40.489340000000006,-74.28391,1473,21.0339
5,40.48941000000001,-74.28396000000001,1474,21.0428
5,40.48946,-74.28399,1475,21.0489
5,40.489520000000006,-74.28404,1476,21.0568
5,40.489580000000004,-74.28410000000001,1477,21.0652
5,40.48964,-74.28417,1478,21.0741
5,40.489700000000006,-74.28425,1479,21.0836
5,40.48971,-74.28426,1480,21.085
5,40.48975,-74.28431,1481,21.0911
5,40.48977,-74.28435,1482,21.0952
5,40.489830000000005,-74.28446000000001,1483,21.1066
5,40.4898,-74.28456,1484,21.1157
5,40.489760000000004,-74.28459000000001,1485,21.1208
5,40.48975,-74.28459000000001,1486,21.1219
5,40.48968,-74.28464000000001,1487,21.1308
5,40.48966,-74.28465,1488,21.1332
5,40.489560000000004,-74.28472000000001,1489,21.1458
5,40.48951,-74.28472000000001,1490,21.1513
5,40.489430000000006,-74.28471,1491,21.1603
5,40.48942,-74.28471,1492,21.1614
5,40.489340000000006,-74.28471,1493,21.1703
5,40.48933,-74.28471,1494,21.1714
5,40.489250000000006,-74.28469000000001,1495,21.1804
5,40.489180000000005,-74.28464000000001,1496,21.1893
5,40.489140000000006,-74.28462,1497,21.1941
5,40.489110000000004,-74.28460000000001,1498,21.1978
5,40.489090000000004,-74.28459000000001,1499,21.2002
5,40.48906,-74.28456,1500,21.2044
5,40.489020000000004,-74.28454,1501,21.2091
5,40.488980000000005,-74.28450000000001,1502,21.2147
5,40.48895,-74.28447000000001,1503,21.2189
5,40.48894000000001,-74.28445,1504,21.2209
5,40.488890000000005,-74.28437000000001,1505,21.2297
5,40.48888,-74.28436,1506,21.2311
5,40.48881,-74.28424000000001,1507,21.2439
5,40.488780000000006,-74.28418,1508,21.2499
5,40.48874,-74.28407,1509,21.2603
5,40.48868,-74.28393000000001,1510,21.2738
5,40.488670000000006,-74.28389,1511,21.2774
5,40.488550000000004,-74.28355,1512,21.3091
5,40.48852,-74.28346,1513,21.3174
5,40.48847000000001,-74.28333,1514,21.3297
5,40.48828,-74.28277,1515,21.3816
5,40.488240000000005,-74.28264,1516,21.3935
5,40.48814,-74.28227000000001,1517,21.4267
5,40.4881,-74.28206,1518,21.445
5,40.488080000000004,-74.28191000000001,1519,21.4578
5,40.488110000000006,-74.28174,1520,21.4726
5,40.48812,-74.28167,1521,21.4786
5,40.48812,-74.28155000000001,1522,21.4888
5,40.48812,-74.2814,1523,21.5015
5,40.488110000000006,-74.28117,1524,21.5209
5,40.488110000000006,-74.28106000000001,1525,21.5302
5,40.488040000000005,-74.28108,1526,21.5382
5,40.488020000000006,-74.28108,1527,21.5404
5,40.48800000000001,-74.28108,1528,21.5427
5,40.48799,-74.28108,1529,21.5438
5,40.48794,-74.28106000000001,1530,21.5496
5,40.4879,-74.28104,1531,21.5543
5,40.487860000000005,-74.28101000000001,1532,21.5595
5,40.487820000000006,-74.28098,1533,21.5646
5,40.48778,-74.28092000000001,1534,21.5713
5,40.487700000000004,-74.28065000000001,1535,21.5958
5,40.48765,-74.28043000000001,1536,21.6153
5,40.487640000000006,-74.2804,1537,21.618
5,40.48758,-74.28022,1538,21.6346
5,40.48753000000001,-74.28012000000001,1539,21.6448
5,40.48749,-74.28006,1540,21.6515
5,40.48744000000001,-74.27999000000001,1541,21.6596
5,40.4874,-74.27994000000001,1542,21.6658
5,40.487350000000006,-74.27990000000001,1543,21.6723
5,40.48707,-74.27969,1544,21.7081
5,40.48700607594304,-74.27979010244623,1545,21.7192
5,40.48693085121475,-74.27979040287455,1546,21.7275
6,40.48624,-74.28409,0,0.0
6,40.47825,-74.27621,1,1.1106
6,40.47814,-74.27613000000001,2,1.1246
6,40.47814,-74.27612,3,1.1255
6,40.47805,-74.27606,4,1.1367
6,40.47809,-74.27597,5,1.1455
6,40.47811,-74.27594,6,1.1489
6,40.47814,-74.27586000000001,7,1.1564
6,40.47824000000001,-74.27563,8,1.1788
6,40.47825,-74.27560000000001,9,1.1816
6,40.47829,-74.27552,10,1.1897
6,40.47831,-74.27545,11,1.196
6,40.47849,-74.27507,12,1.2339
6,40.47851,-74.27504,13,1.2373
6,40.478590000000004,-74.27485,14,1.2556
6,40.47871000000001,-74.27457000000001,15,1.2828
6,40.47876,-74.27448000000001,16,1.2922
6,40.47880000000001,-74.27438000000001,17,1.3018
6,40.478910000000006,-74.27413,18,1.3262
6,40.47896,-74.27401,19,1.3378
6,40.479000000000006,-74.27392,20,1.3466
6,40.47919,-74.27351,21,1.3872
6,40.47941,-74.27301,22,1.4361
6,40.479490000000006,-74.27285,23,1.4523
6,40.479510000000005,-74.2728,24,1.457
6,40.47964,-74.27251000000001,25,1.4855
6,40.479710000000004,-74.27236,26,1.5004
6,40.479760000000006,-74.27229000000001,27,1.5085
6,40.479780000000005,-74.27226,28,1.5119
6,40.479780000000005,-74.27225,29,1.5127
6,40.47981,-74.27221,30,1.5175
6,40.47988,-74.27214000000001,31,1.5273
6,40.479890000000005,-74.27212,32,1.5293
6,40.4799,-74.27212,33,1.5304
6,40.480000000000004,-74.27203,34,1.5439
6,40.480070000000005,-74.272,35,1.5521
6,40.480090000000004,-74.27199,36,1.5544
6,40.48011,-74.27198,37,1.5568
6,40.480140000000006,-74.27197000000001,38,1.5603
6,40.4802,-74.27196,39,1.567
6,40.48022,-74.27195,40,1.5694
6,40.48026,-74.27194,41,1.5739
6,40.480320000000006,-74.27193000000001,42,1.5806
6,40.4804,-74.27192000000001,43,1.5896
6,40.48046,-74.27192000000001,44,1.5962
6,40.480560000000004,-74.27194,45,1.6075
6,40.48058,-74.27194,46,1.6097
6,40.48059000000001,-74.27194,47,1.6108
6,40.48064,-74.27196,48,1.6166
6,40.48066,-74.27197000000001,49,1.619
6,40.48077000000001,-74.27202000000001,50,1.6319
6,40.48078,-74.27203,51,1.6333
6,40.4808,-74.27204,52,1.6357
6,40.48082,-74.27206000000001,53,1.6385
6,40.48087,-74.27208,54,1.6443
6,40.48091,-74.27211000000001,55,1.6494
6,40.480940000000004,-74.27213,56,1.6532
6,40.48113,-74.27227,57,1.6774
6,40.4812,-74.27233000000001,58,1.6867
6,40.48149,-74.27256000000001,59,1.7244
6,40.48158,-74.27263,60,1.736
6,40.48192,-74.27289,61,1.7797
6,40.482110000000006,-74.27303,62,1.8039
6,40.48218000000001,-74.27308000000001,63,1.8128
6,40.482200000000006,-74.2731,64,1.8156
6,40.482350000000004,-74.27321,65,1.8347
6,40.48268,-74.27348,66,1.8779
6,40.4827,-74.27349000000001,67,1.8803
6,40.48272,-74.27352,68,1.8837
6,40.482760000000006,-74.27357,69,1.8898
6,40.482800000000005,-74.27362000000001,70,1.8959
6,40.482820000000004,-74.27365,71,1.8993
6,40.482850000000006,-74.27369,72,1.9041
6,40.482910000000004,-74.27378,73,1.9142
6,40.48295,-74.27388,74,1.9237
6,40.482980000000005,-74.27394000000001,75,1.9298
6,40.48299,-74.27399000000001,76,1.9342
6,40.48299,-74.274,77,1.935
6,40.483000000000004,-74.27401,78,1.9364
6,40.48301,-74.27406,79,1.9408
6,40.48302,-74.27409,80,1.9436
6,40.48303000000001,-74.27418,81,1.9513
6,40.48304,-74.27424,82,1.9565
6,40.483050000000006,-74.27432,83,1.9633
6,40.483050000000006,-74.27435000000001,84,1.9659
6,40.483050000000006,-74.2744,85,1.9701
6,40.483050000000006,-74.27445,86,1.9743
6,40.483050000000006,-74.27446,87,1.9752
6,40.48306,-74.27456000000001,88,1.9837
6,40.48306,-74.27461000000001,89,1.9879
6,40.48306,-74.27463,90,1.9896
6,40.483050000000006,-74.27467,91,1.9932
6,40.483050000000006,-74.27475000000001,92,1.9999
6,40.48304,-74.27483000000001,93,2.0068
6,40.48303000000001,-74.27498,94,2.0195
6,40.48303000000001,-74.27508,95,2.028
6,40.48304,-74.27519000000001,96,2.0374
6,40.48306,-74.27533000000001,97,2.0494
6,40.48308,-74.27541000000001,98,2.0565
6,40.483090000000004,-74.27545,99,2.0601
6,40.48311,-74.27550000000001,100,2.0649
6,40.48313,-74.27556000000001,101,2.0704
6,40.48315,-74.27559000000001,102,2.0738
6,40.483160000000005,-74.27561,103,2.0758
6,40.483180000000004,-74.27565000000001,104,2.0799
6,40.4833,-74.27584,105,2.1007
6,40.48331,-74.27586000000001,106,2.1028
6,40.48333,-74.27589,107,2.1061
6,40.483380000000004,-74.27596000000001,108,2.1143
6,40.48333,-74.27608000000001,109,2.1258
6,40.48333,-74.27609000000001,110,2.1267
6,40.483250000000005,-74.27625,111,2.1429
6,40.483250000000005,-74.27626000000001,112,2.1437
6,40.48324,-74.27627000000001,113,2.1451
6,40.48321000000001,-74.27635000000001,114,2.1526
6,40.483200000000004,-74.27637,115,2.1547
6,40.48308,-74.27663000000001,116,2.1804
6,40.48292,-74.277,117,2.2164
6,40.48288,-74.27708000000001,118,2.2245
6,40.482870000000005,-74.27711000000001,119,2.2273
6,40.48284,-74.27716000000001,120,2.2326
6,40.48283,-74.27720000000001,121,2.2362
6,40.48279,-74.27729000000001,122,2.245
6,40.482760000000006,-74.27735000000001,123,2.2511
6,40.482730000000004,-74.27741,124,2.2572
6,40.4825,-74.27794,125,2.3088
6,40.48248,-74.27796000000001,126,2.3116
6,40.48246,-74.27802000000001,127,2.3171
6,40.48243,-74.27808,128,2.3232
6,40.48241,-74.27813,129,2.328
6,40.48241,-74.27814000000001,130,2.3288
6,40.48239,-74.27818,131,2.3328
6,40.48237,-74.27821,132,2.3362
6,40.48236,-74.27824000000001,133,2.339
6,40.482310000000005,-74.27835,134,2.3498
6,40.48228,-74.2784,135,2.3552
6,40.482260000000004,-74.27846000000001,136,2.3608
6,40.48225,-74.27846000000001,137,2.3619
6,40.482240000000004,-74.27849,138,2.3646
6,40.482240000000004,-74.27850000000001,139,2.3655
6,40.48223,-74.27852,140,2.3675
6,40.482220000000005,-74.27855000000001,141,2.3703
6,40.482060000000004,-74.27890000000001,142,2.4048
6,40.48198,-74.27905000000001,143,2.4203
6,40.48208,-74.27912,144,2.4329
6,40.48223,-74.27924,145,2.4524
6,40.482240000000004,-74.27925,146,2.4538
6,40.482380000000006,-74.27935000000001,147,2.4715
6,40.482400000000005,-74.27937,148,2.4743
6,40.482420000000005,-74.27939,149,2.4771
6,40.48256000000001,-74.27949000000001,150,2.4948
6,40.48263,-74.27955,151,2.5041
6,40.4827,-74.2796,152,2.513
6,40.482910000000004,-74.27976000000001,153,2.54
6,40.482960000000006,-74.27980000000001,154,2.5465
6,40.48304,-74.27986,155,2.5567
6,40.483050000000006,-74.27987,156,2.5581
6,40.48315,-74.27995,157,2.5711
6,40.483250000000005,-74.28002000000001,158,2.5837
6,40.483340000000005,-74.28009,159,2.5954
6,40.48377,-74.28043000000001,160,2.6512
6,40.48378,-74.28043000000001,161,2.6523
6,40.48386,-74.28051,162,2.6635
6,40.48395,-74.28059,163,2.6755
6,40.48449,-74.28101000000001,164,2.7453
6,40.484500000000004,-74.28102000000001,165,2.7467
6,40.48453000000001,-74.28104,166,2.7504
6,40.48463,-74.28112,167,2.7635
6,40.48467,-74.28115000000001,168,2.7686
6,40.484750000000005,-74.28121,169,2.7788
6,40.4848,-74.28125,170,2.7853
6,40.484840000000005,-74.28128000000001,171,2.7904
6,40.48492,-74.28135,172,2.8011
6,40.48499,-74.28141000000001,173,2.8104
6,40.48503,-74.28144,174,2.8155
6,40.48505,-74.28146000000001,175,2.8183
6,40.48508,-74.28150000000001,176,2.8231
6,40.48509000000001,-74.28151000000001,177,2.8245
6,40.48512,-74.28156000000001,178,2.8299
6,40.485130000000005,-74.28158,179,2.8319
6,40.48521,-74.28173000000001,180,2.8474
6,40.48523,-74.28176,181,2.8508
6,40.485260000000004,-74.28182000000001,182,2.8568
6,40.4853,-74.28191000000001,183,2.8657
6,40.485420000000005,-74.28217000000001,184,2.8914
6,40.48543,-74.28219,185,2.8934
6,40.48548,-74.28228,186,2.9028
6,40.48552,-74.28237,187,2.9116
6,40.48565000000001,-74.28265,188,2.9394
6,40.48568,-74.28271000000001,189,2.9455
6,40.4857,-74.28277,190,2.951
6,40.48584,-74.28307000000001,191,2.9808
6,40.48588,-74.28317000000001,192,2.9903
6,40.48592,-74.28325000000001,193,2.9984
6,40.486000000000004,-74.28343000000001,194,3.016
6,40.48603000000001,-74.28349,195,3.0221
6,40.48608,-74.28359,196,3.0322
6,40.486290000000004,-74.28405000000001,197,3.0776
6,40.486580000000004,-74.28389,198,3.1126
6,40.48662,-74.28386,199,3.1177
6,40.486630000000005,-74.28385,200,3.1191
6,40.486880000000006,-74.28366000000001,201,3.1512
6,40.487010000000005,-74.28357000000001,202,3.1675
6,40.487120000000004,-74.28348000000001,203,3.1819
6,40.48722,-74.28342,204,3.1942
6,40.48733,-74.28335000000001,205,3.2078
6,40.48745,-74.28330000000001,206,3.2218
6,40.48754,-74.28327,207,3.2321
6,40.487640000000006,-74.28324,208,3.2435
6,40.48772,-74.28323,209,3.2524
6,40.487790000000004,-74.28323,210,3.2602
6,40.48783,-74.28323,211,3.2647
6,40.487880000000004,-74.28324,212,3.2703
6,40.487930000000006,-74.28325000000001,213,3.2759
6,40.48799,-74.28327,214,3.2828
6,40.48800000000001,-74.28327,215,3.2839
6,40.488020000000006,-74.28328,216,3.2863
6,40.488130000000005,-74.28332,217,3.299
6,40.488240000000005,-74.28337,218,3.3119
6,40.48875,-74.28361000000001,219,3.3721
6,40.489050000000006,-74.28376,220,3.4078
6,40.48908,-74.28377,221,3.4113
6,40.48915,-74.2838,222,3.4195
6,40.489230000000006,-74.28384000000001,223,3.429
6,40.489340000000006,-74.28391,224,3.4426
6,40.48941000000001,-74.28396000000001,225,3.4514
6,40.48946,-74.28399,226,3.4575
6,40.489520000000006,-74.28404,227,3.4654
6,40.489580000000004,-74.28410000000001,228,3.4738
6,40.48964,-74.28417,229,3.4827
6,40.489700000000006,-74.28425,230,3.4922
6,40.48971,-74.28426,231,3.4936
6,40.48975,-74.28431,232,3.4998
6,40.48977,-74.28435,233,3.5038
6,40.489830000000005,-74.28446000000001,234,3.5153
6,40.4898,-74.28456,235,3.5243
6,40.489760000000004,-74.28459000000001,236,3.5295
6,40.48975,-74.28459000000001,237,3.5306
6,40.48968,-74.28464000000001,238,3.5394
6,40.48966,-74.28465,239,3.5418
6,40.489560000000004,-74.28472000000001,240,3.5544
6,40.48951,-74.28472000000001,241,3.56
6,40.489430000000006,-74.28471,242,3.5689
6,40.48942,-74.28471,243,3.57
6,40.489340000000006,-74.28471,244,3.5789
6,40.48933,-74.28471,245,3.58
6,40.489250000000006,-74.28469000000001,246,3.5891
6,40.489180000000005,-74.28464000000001,247,3.5979
6,40.489140000000006,-74.28462,248,3.6027
6,40.489110000000004,-74.28460000000001,249,3.6064
6,40.489090000000004,-74.28459000000001,250,3.6088
6,40.48906,-74.28456,251,3.613
6,40.489020000000004,-74.28454,252,3.6178
6,40.488980000000005,-74.28450000000001,253,3.6234
6,40.48895,-74.28447000000001,254,3.6275
6,40.48894000000001,-74.28445,255,3.6296
6,40.488890000000005,-74.28437000000001,256,3.6383
6,40.48888,-74.28436,257,3.6397
6,40.48881,-74.28424000000001,258,3.6525
6,40.488780000000006,-74.28418,259,3.6586
6,40.48874,-74.28407,260,3.6689
6,40.48868,-74.28393000000001,261,3.6825
6,40.488670000000006,-74.28389,262,3.686
6,40.488550000000004,-74.28355,263,3.7177
6,40.48852,-74.28346,264,3.7261
6,40.48847000000001,-74.28333,265,3.7384
6,40.48828,-74.28277,266,3.7902
6,40.488240000000005,-74.28264,267,3.8021
6,40.48814,-74.28227000000001,268,3.8353
6,40.4881,-74.28206,269,3.8536
6,40.488080000000004,-74.28191000000001,270,3.8665
6,40.488110000000006,-74.28174,271,3.8812
6,40.48812,-74.28167,272,3.8873
6,40.48812,-74.28155000000001,273,3.8974
6,40.48812,-74.2814,274,3.9101
6,40.488110000000006,-74.28117,275,3.9296
6,40.488110000000006,-74.28106000000001,276,3.9389
6,40.488040000000005,-74.28108,277,3.9468
6,40.488020000000006,-74.28108,278,3.9491
6,40.48800000000001,-74.28108,279,3.9513
6,40.48799,-74.28108,280,3.9524
6,40.48794,-74.28106000000001,281,3.9582
6,40.4879,-74.28104,282,3.963
6,40.487860000000005,-74.28101000000001,283,3.9681
6,40.487820000000006,-74.28098,284,3.9732
6,40.48778,-74.28092000000001,285,3.98
6,40.487700000000004,-74.28065000000001,286,4.0045
6,40.48765,-74.28043000000001,287,4.0239
6,40.487640000000006,-74.2804,288,4.0267
6,40.48758,-74.28022,289,4.0433
6,40.48753000000001,-74.28012000000001,290,4.0534
6,40.48749,-74.28006,291,4.0601
6,40.48744000000001,-74.27999000000001,292,4.0683
6,40.4874,-74.27994000000001,293,4.0744
6,40.487350000000006,-74.27990000000001,294,4.0809
6,40.48707,-74.27969,295,4.1168
6,40.48700607594304,-74.27979010244623,296,4.1278
6,40.48693085121475,-74.27979040287455,297,4.1362
6,40.486888159865806,-74.27971655952456,298,4.144
6,40.48686976508384,-74.27963266927541,299,4.1514
6,40.48689888948229,-74.27956589067696,300,4.1579
6,40.48693679139444,-74.2795316406097,301,4.163
6,40.48700237326596,-74.27952890770058,302,4.1703
6,40.48704653400353,-74.27956186462187,303,4.176
6,40.487063689320635,-74.27963756753809,304,4.1827
6,40.48706319897147,-74.27969145802044,305,4.1872
6,40.48738573356961,-74.27992866206527,306,4.2283
6,40.487603688006224,-74.27937579106978,307,4.281
6,40.48763723612992,-74.27927443449346,308,4.2903
6,40.48762705304769,-74.27918246771053,309,4.2982
6,40.487734892973215,-74.27894491451427,310,4.3216
6,40.487800816641204,-74.27869526275305,311,4.3439
6,40.48780565727007,-74.27819097426229,312,4.3866
6,40.48805907128464,-74.27694211743145,313,4.4959
6,40.488060000000004,-74.27694000000001,314,4.4961
6,40.48807,-74.27690000000001,315,4.4996
6,40.48812,-74.27653000000001,316,4.5314
6,40.488130000000005,-74.27649000000001,317,4.535
6,40.48814,-74.27643,318,4.5402
6,40.48814,-74.27640000000001,319,4.5427
6,40.488150000000005,-74.27629,320,4.5521
6,40.48818,-74.27608000000001,321,4.5701
6,40.48819,-74.27600000000001,322,4.577
6,40.488200000000006,-74.27597,323,4.5798
6,40.488200000000006,-74.27595000000001,324,4.5815
6,40.48827,-74.27582000000001,325,4.5949
6,40.4883,-74.27575,326,4.6017
6,40.48832,-74.27571,327,4.6058
6,40.488325652832096,-74.27571013956323,328,4.6064
6,40.48839495368857,-74.27554797976383,329,4.6221
6,40.48848912942001,-74.27528576641606,330,4.6467
6,40.488712380370444,-74.27457250865709,331,4.7119
6,40.48889484074928,-74.27431887772052,332,4.7414
6,40.48906082378702,-74.27381228966729,333,4.7881
6,40.489125218313454,-74.27364132250746,334,4.8042
6,40.48917378412631,-74.27360965558995,335,4.8102
6,40.48927480703901,-74.27366988317641,336,4.8226
6,40.4893374257519,-74.27371374535055,337,4.8304
6,40.4893960813579,-74.27376479818145,338,4.8383
6,40.48940883310147,-74.27380217806814,339,4.8417
6,40.48928343211705,-74.27413941512862,340,4.8735
6,40.48969677974982,-74.27447488418046,341,4.9275
6,40.49063899262471,-74.2757385386394,342,5.0771
7,40.49081034,-74.275845827,0,0.0
7,40.49059819556612,-74.27572780980334,1,0.0256
7,40.489710157725796,-74.27448756493816,2,0.1697
7,40.48927948180462,-74.27414778293442,3,0.2255
7,40.48916005673078,-74.27442920281952,4,0.2528
7,40.48890281856087,-74.2743129950263,5,0.283
7,40.488727919375236,-74.27457957144347,6,0.3128
7,40.48849894127075,-74.27529175991162,7,0.3782
7,40.488320620536804,-74.2757053797866,8,0.4184
7,40.488192211316644,-74.27597933385711,9,0.4456
7,40.48813390038185,-74.27644102653873,10,0.4852
7,40.48806815284982,-74.27691824341453,11,0.5262
7,40.48794176858875,-74.27744917088164,12,0.5732
7,40.487813464458974,-74.27816627309399,13,0.6355
7,40.48780321639285,-74.27870347476326,14,0.681
7,40.48773476818032,-74.27894627492921,15,0.7029
7,40.48763560211726,-74.27919130976305,16,0.7264
7,40.48761548884409,-74.27935776659973,17,0.7406
7,40.48739224407762,-74.2799305634423,18,0.795
7,40.48758105648739,-74.28022646037348,19,0.8277
7,40.48777300917501,-74.28088327674448,20,0.8872
7,40.48781104596771,-74.28096904966236,21,0.8956
7,40.4879777521183,-74.28107687527266,22,0.9163
7,40.488108506229324,-74.28107232836648,23,0.9308
7,40.48811205659526,-74.281219183468,24,0.9432
7,40.48812386158551,-74.28156771667597,25,0.9727
7,40.48811819530979,-74.2817226739743,26,0.9859
7,40.48807948371874,-74.28191059179734,27,1.0023
7,40.48813094180945,-74.28221667276324,28,1.0288
7,40.48820861618185,-74.28247984251055,29,1.0527
7,40.4884575370202,-74.28328103506577,30,1.1259
7,40.48845,-74.28328,31,1.1267
7,40.48847000000001,-74.28333,32,1.1315
7,40.48852,-74.28346,33,1.1438
7,40.488550000000004,-74.28355,34,1.1521
7,40.488670000000006,-74.28389,35,1.1838
7,40.48868,-74.28393000000001,36,1.1874
7,40.48874,-74.28407,37,1.201
7,40.488780000000006,-74.28418,38,1.2113
7,40.48881,-74.28424000000001,39,1.2174
7,40.48888,-74.28436,40,1.2302
7,40.488890000000005,-74.28437000000001,41,1.2316
7,40.48894000000001,-74.28445,42,1.2403
7,40.48895,-74.28447000000001,43,1.2423
7,40.488980000000005,-74.28450000000001,44,1.2465
7,40.489020000000004,-74.28454,45,1.2521
7,40.48906,-74.28456,46,1.2569
7,40.489090000000004,-74.28459000000001,47,1.2611
7,40.489110000000004,-74.28460000000001,48,1.2635
7,40.489140000000006,-74.28462,49,1.2672
7,40.489180000000005,-74.28464000000001,50,1.272
7,40.489250000000006,-74.28469000000001,51,1.2808
7,40.48933,-74.28471,52,1.2899
7,40.489340000000006,-74.28471,53,1.291
7,40.48942,-74.28471,54,1.2999
7,40.489430000000006,-74.28471,55,1.301
7,40.48951,-74.28472000000001,56,1.3099
7,40.489560000000004,-74.28472000000001,57,1.3155
7,40.48966,-74.28465,58,1.3281
7,40.48968,-74.28464000000001,59,1.3305
7,40.48975,-74.28459000000001,60,1.3393
7,40.489760000000004,-74.28459000000001,61,1.3404
7,40.4898,-74.28456,62,1.3455
7,40.48975,-74.28447000000001,63,1.355
7,40.48969,-74.28439,64,1.3645
7,40.48968,-74.28437000000001,65,1.3665
7,40.48966,-74.28434,66,1.3699
7,40.489580000000004,-74.28423000000001,67,1.3827
7,40.48955,-74.28419000000001,68,1.3875
7,40.48953,-74.28416,69,1.3909
7,40.489520000000006,-74.28415000000001,70,1.3923
7,40.489470000000004,-74.28411000000001,71,1.3988
7,40.48939,-74.28405000000001,72,1.409
7,40.489340000000006,-74.28401000000001,73,1.4155
7,40.489270000000005,-74.28397000000001,74,1.424
7,40.48922,-74.28394,75,1.4301
7,40.489200000000004,-74.28393000000001,76,1.4325
7,40.48912,-74.28389,77,1.442
7,40.489050000000006,-74.28385,78,1.4505
7,40.48903000000001,-74.28385,79,1.4527
7,40.48872,-74.28369,80,1.4898
7,40.488530000000004,-74.28359,81,1.5125
7,40.488220000000005,-74.28343000000001,82,1.5496
7,40.488130000000005,-74.28339000000001,83,1.5601
7,40.488040000000005,-74.28336,84,1.5704
7,40.488020000000006,-74.28335000000001,85,1.5728
7,40.48801,-74.28335000000001,86,1.5739
7,40.48800000000001,-74.28335000000001,87,1.575
7,40.487950000000005,-74.28334000000001,88,1.5807
7,40.487860000000005,-74.28332,89,1.5908
7,40.48776,-74.28332,90,1.6019
7,40.48767,-74.28332,91,1.6119
7,40.487570000000005,-74.28334000000001,92,1.6232
7,40.48747,-74.28337,93,1.6346
7,40.487370000000006,-74.28342,94,1.6465
7,40.48729,-74.28347000000001,95,1.6563
7,40.48718,-74.28354,96,1.6699
7,40.487080000000006,-74.28362,97,1.6829
7,40.48697000000001,-74.28370000000001,98,1.6969
7,40.48686,-74.28378000000001,99,1.7109
7,40.4866,-74.28398,100,1.7444
7,40.48659000000001,-74.28398,101,1.7455
7,40.486540000000005,-74.28402000000001,102,1.752
7,40.486450000000005,-74.28409,103,1.7636
7,40.48633,-74.28417,104,1.7786
7,40.48621,-74.28424000000001,105,1.7932
7,40.486180000000004,-74.28426,106,1.7969
7,40.48612000000001,-74.2843,107,1.8044
7,40.48603000000001,-74.28438000000001,108,1.8165
7,40.485800000000005,-74.28455000000001,109,1.8458
7,40.485760000000006,-74.28458,110,1.851
7,40.48572,-74.28461,111,1.8561
7,40.48547000000001,-74.2848,112,1.8882
7,40.48518000000001,-74.28503,113,1.9259
7,40.4851,-74.28508000000001,114,1.9357
7,40.484970000000004,-74.28517000000001,115,1.952
7,40.484030000000004,-74.28591,116,2.0739
7,40.48387,-74.28603000000001,117,2.0944
7,40.483670000000004,-74.28619,118,2.1204
7,40.48355,-74.28628,119,2.1357
7,40.48266,-74.28697000000001,120,2.2506
7,40.48263,-74.28699,121,2.2544
7,40.48243,-74.28715000000001,122,2.2804
7,40.482330000000005,-74.28723000000001,123,2.2934
7,40.48219,-74.28733000000001,124,2.3111
7,40.48217,-74.28735,125,2.3139
7,40.48205,-74.28745,126,2.3297
7,40.48176,-74.28767,127,2.367
7,40.481570000000005,-74.28782000000001,128,2.3916
7,40.48152,-74.28792,129,2.4017
7,40.48149,-74.28799000000001,130,2.4085
7,40.481480000000005,-74.28801,131,2.4105
7,40.48147,-74.28804000000001,132,2.4133
7,40.4814,-74.28812,133,2.4236
7,40.481370000000005,-74.28819,134,2.4304
7,40.48134,-74.28825,135,2.4365
7,40.481030000000004,-74.28891,136,2.5021
7,40.48098,-74.28901,137,2.5122
7,40.48095,-74.28906,138,2.5176
7,40.480920000000005,-74.2891,139,2.5224
7,40.480880000000006,-74.28915,140,2.5285
7,40.48082,-74.28922,141,2.5374
7,40.48082,-74.28921000000001,142,2.5383
7,40.48082,-74.28922,143,2.5391
7,40.480790000000006,-74.28925000000001,144,2.5433
7,40.480760000000004,-74.28929000000001,145,2.548
7,40.48058,-74.2895,146,2.5748
7,40.48053,-74.28956000000001,147,2.5823
7,40.48042,-74.28970000000001,148,2.5993
7,40.480340000000005,-74.2898,149,2.6116
7,40.48017,-74.29003,150,2.6387
7,40.48004,-74.29020000000001,151,2.6591
7,40.47992,-74.29036,152,2.6781
7,40.479800000000004,-74.29054000000001,153,2.6984
7,40.47945,-74.29104000000001,154,2.7559
7,40.47925,-74.29126000000001,155,2.7849
7,40.47916,-74.29137,156,2.7985
7,40.47894,-74.29159,157,2.8293
7,40.47887,-74.29165,158,2.8385
7,40.47880000000001,-74.29172000000001,159,2.8483
7,40.47876,-74.29175000000001,160,2.8534
7,40.4787,-74.29181000000001,161,2.8618
7,40.478570000000005,-74.29193000000001,162,2.8795
7,40.47842,-74.29207000000001,163,2.8999
7,40.478300000000004,-74.29220000000001,164,2.9172
7,40.47827,-74.29222,165,2.921
7,40.478210000000004,-74.29229000000001,166,2.9299
7,40.47793,-74.29257000000001,167,2.969
7,40.47791,-74.29260000000001,168,2.9724
7,40.47786000000001,-74.29264,169,2.9789
7,40.47784,-74.29266000000001,170,2.9817
7,40.4778,-74.29271,171,2.9878
7,40.477560000000004,-74.29294,172,3.0209
7,40.47755,-74.29296000000001,173,3.0229
7,40.47739,-74.29312,174,3.0452
7,40.47733,-74.29319000000001,175,3.0542
7,40.47729,-74.29323000000001,176,3.0597
7,40.477270000000004,-74.29326,177,3.0631
7,40.47724,-74.29329000000001,178,3.0673
7,40.47724,-74.2933,179,3.0682
7,40.4772,-74.29334,180,3.0737
7,40.477180000000004,-74.29336,181,3.0765
7,40.4771,-74.29346000000001,182,3.0888
7,40.47706,-74.29351000000001,183,3.095
7,40.47706,-74.29352,184,3.0958
7,40.47699,-74.29361,185,3.1067
7,40.476910000000004,-74.29372000000001,186,3.1196
7,40.47688,-74.29375,187,3.1238
7,40.476870000000005,-74.29377000000001,188,3.1258
7,40.476850000000006,-74.29381000000001,189,3.1298
7,40.476820000000004,-74.29387000000001,190,3.1359
7,40.476800000000004,-74.29390000000001,191,3.1393
7,40.47663,-74.29416,192,3.1683
7,40.47661,-74.2942,193,3.1723
7,40.47659,-74.29422000000001,194,3.1751
7,40.47654,-74.2943,195,3.1839
7,40.47643,-74.29448000000001,196,3.2034
7,40.476400000000005,-74.29453000000001,197,3.2088
7,40.47637,-74.29457000000001,198,3.2135
7,40.47632,-74.29465,199,3.2223
7,40.476200000000006,-74.29484000000001,200,3.2432
7,40.476060000000004,-74.29506,201,3.2674
7,40.47601,-74.29513,202,3.2756
7,40.47594,-74.29524,203,3.2877
7,40.47592,-74.29528,204,3.2918
7,40.47589000000001,-74.29533,205,3.2971
7,40.475880000000004,-74.29538000000001,206,3.3015
7,40.47587,-74.29545,207,3.3075
7,40.475880000000004,-74.2955,208,3.3119
7,40.47589000000001,-74.29555,209,3.3163
7,40.47589000000001,-74.29560000000001,210,3.3205
7,40.475910000000006,-74.29568,211,3.3276
7,40.475910000000006,-74.29570000000001,212,3.3293
7,40.47596,-74.29599,213,3.3545
7,40.47599,-74.29614000000001,214,3.3676
7,40.476000000000006,-74.29624000000001,215,3.3761
7,40.47603,-74.29639,216,3.3893
7,40.47605,-74.29652,217,3.4005
7,40.47607,-74.29663000000001,218,3.41
7,40.47596,-74.29659000000001,219,3.4227
7,40.475820000000006,-74.29661,220,3.4384
7,40.47565,-74.29666,221,3.4578
7,40.475500000000004,-74.2967,222,3.4748
7,40.475350000000006,-74.29678000000001,223,3.4928
7,40.475260000000006,-74.29685,224,3.5044
7,40.47498,-74.29705000000001,225,3.5398
7,40.47482,-74.29717000000001,226,3.5603
7,40.474700000000006,-74.29727000000001,227,3.5761
7,40.474650000000004,-74.29732,228,3.5831
7,40.474610000000006,-74.29735000000001,229,3.5882
7,40.47449,-74.29747,230,3.605
7,40.47442,-74.29755,231,3.6153
7,40.474380000000004,-74.29759,232,3.6209
7,40.474320000000006,-74.29765,233,3.6293
7,40.47428,-74.2977,234,3.6354
7,40.47421000000001,-74.29779,235,3.6463
7,40.474070000000005,-74.29796,236,3.6675
7,40.47395,-74.29813,237,3.6871
7,40.4739,-74.29819,238,3.6946
7,40.47382,-74.29831,239,3.7081
7,40.47377,-74.29838000000001,240,3.7163
7,40.47373,-74.29843000000001,241,3.7224
7,40.47366,-74.29853,242,3.7339
7,40.473530000000004,-74.29871,243,3.7549
7,40.47348,-74.29877,244,3.7624
7,40.47341,-74.29886,245,3.7733
7,40.473400000000005,-74.29888000000001,246,3.7753
7,40.47337,-74.29891,247,3.7795
7,40.47336000000001,-74.29892000000001,248,3.7809
7,40.47327000000001,-74.29904,249,3.7952
7,40.473220000000005,-74.29909,250,3.8022
7,40.473180000000006,-74.29913,251,3.8077
7,40.47283,-74.29957,252,3.8616
7,40.47263,-74.29981000000001,253,3.8917
7,40.472550000000005,-74.29991000000001,254,3.904
7,40.47234,-74.30016,255,3.9355
7,40.47202,-74.30055,256,3.984
7,40.472010000000004,-74.30056,257,3.9854
7,40.47198,-74.3006,258,3.9902
7,40.471900000000005,-74.3007,259,4.0024
7,40.47182,-74.30079,260,4.0141
7,40.47178,-74.30084000000001,261,4.0203
7,40.47169,-74.30095,262,4.0339
7,40.471630000000005,-74.30103000000001,263,4.0434
7,40.47153,-74.30116000000001,264,4.0591
7,40.47148000000001,-74.30124,265,4.0678
7,40.47142,-74.30132,266,4.0773
7,40.47108,-74.30187000000001,267,4.1373
7,40.47101000000001,-74.30199,268,4.1501
7,40.470960000000005,-74.30207,269,4.1588
7,40.47073,-74.30244,270,4.1993
7,40.47064,-74.30258,271,4.2148
7,40.470620000000004,-74.30261,272,4.2181
7,40.470560000000006,-74.30272000000001,273,4.2296
7,40.4705,-74.3028,274,4.2391
7,40.47045000000001,-74.30288,275,4.2479
7,40.470380000000006,-74.30300000000001,276,4.2606
7,40.47035,-74.30304000000001,277,4.2654
7,40.47035,-74.30306,278,4.2671
7,40.470180000000006,-74.30332,279,4.2961
7,40.47014,-74.30338,280,4.3028
7,40.47012,-74.30341,281,4.3062
7,40.470110000000005,-74.30343,282,4.3082
7,40.47005,-74.30352,283,4.3184
7,40.46998000000001,-74.30362000000001,284,4.3299
7,40.469840000000005,-74.30383,285,4.3535
7,40.46979,-74.30391,286,4.3622
7,40.469730000000006,-74.30399000000001,287,4.3717
7,40.46938,-74.30449,288,4.4292
7,40.46932,-74.30457000000001,289,4.4387
7,40.469260000000006,-74.30464,290,4.4476
7,40.46907,-74.30492000000001,291,4.4794
7,40.469010000000004,-74.305,292,4.4889
7,40.46896,-74.30507,293,4.497
7,40.468900000000005,-74.30515000000001,294,4.5065
7,40.468900000000005,-74.30516,295,4.5074
7,40.468880000000006,-74.30518000000001,296,4.5101
7,40.46885,-74.30523000000001,297,4.5155
7,40.468810000000005,-74.30528000000001,298,4.5217
7,40.468790000000006,-74.30531,299,4.525
7,40.468740000000004,-74.30537000000001,300,4.5326
7,40.468700000000005,-74.30544,301,4.54
7,40.468590000000006,-74.30560000000001,302,4.5582
7,40.46857000000001,-74.30563000000001,303,4.5616
7,40.46849,-74.30575,304,4.5751
7,40.46831,-74.30601,305,4.6048
7,40.46829,-74.30604000000001,306,4.6082
7,40.46822,-74.30615,307,4.6203
7,40.468180000000004,-74.3062,308,4.6265
7,40.46817,-74.30623,309,4.6293
7,40.46810000000001,-74.30633,310,4.6407
7,40.46808,-74.30637,311,4.6448
7,40.46806,-74.30639000000001,312,4.6476
7,40.468030000000006,-74.30645000000001,313,4.6537
7,40.46793,-74.3066,314,4.6705
7,40.46761,-74.30713,315,4.7278
7,40.467560000000006,-74.30720000000001,316,4.7359
7,40.4675,-74.30730000000001,317,4.7467
7,40.46728,-74.30766000000001,318,4.7857
7,40.46712,-74.30793000000001,319,4.8147
7,40.46707000000001,-74.30801000000001,320,4.8234
7,40.466770000000004,-74.30849,321,4.876
7,40.466640000000005,-74.30872000000001,322,4.9002
7,40.46634,-74.30921000000001,323,4.9534
7,40.46625,-74.30937,324,4.9703
7,40.466150000000006,-74.30954000000001,325,4.9885
7,40.46614,-74.30955,326,4.9898
7,40.46602,-74.30977,327,5.0127
7,40.466,-74.30980000000001,328,5.0161
7,40.465920000000004,-74.31001,329,5.036
7,40.465900000000005,-74.31006000000001,330,5.0408
7,40.46589,-74.31008,331,5.0428
7,40.465830000000004,-74.31026,332,5.0594
7,40.465810000000005,-74.31033000000001,333,5.0657
7,40.465770000000006,-74.31048000000001,334,5.0792
7,40.465700000000005,-74.31072,335,5.1009
7,40.46569,-74.31076,336,5.1045
7,40.46566000000001,-74.31088000000001,337,5.1152
7,40.46553,-74.31134,338,5.1567
7,40.465500000000006,-74.31146000000001,339,5.1674
7,40.46548000000001,-74.31152,340,5.1729
7,40.465450000000004,-74.31159000000001,341,5.1797
7,40.465430000000005,-74.31191000000001,342,5.2069
7,40.46542,-74.31194,343,5.2096
7,40.4654,-74.31201,344,5.216
7,40.465390000000006,-74.31205,345,5.2195
7,40.465360000000004,-74.31214,346,5.2278
7,40.465340000000005,-74.31221000000001,347,5.2342
7,40.4652,-74.31267000000001,348,5.2761
7,40.465180000000004,-74.31276000000001,349,5.284
7,40.46499,-74.31343000000001,350,5.3445
7,40.464960000000005,-74.31352000000001,351,5.3528
7,40.46493,-74.31361000000001,352,5.3611
7,40.464920000000006,-74.31365000000001,353,5.3647
7,40.4649,-74.31371,354,5.3702
7,40.464850000000006,-74.31388000000001,355,5.3857
7,40.46484,-74.31393,356,5.39
7,40.464830000000006,-74.31396000000001,357,5.3928
7,40.46482,-74.31401000000001,358,5.3972
7,40.464800000000004,-74.31408,359,5.4035
7,40.464690000000004,-74.31447,360,5.4387
7,40.46463000000001,-74.31471,361,5.4601
7,40.464490000000005,-74.31522000000001,362,5.5059
7,40.46444,-74.31542,363,5.5237
7,40.464380000000006,-74.31569,364,5.5475
7,40.46435,-74.31583,365,5.5598
7,40.464330000000004,-74.31593000000001,366,5.5686
7,40.464270000000006,-74.31626,367,5.5973
7,40.464220000000005,-74.31656000000001,368,5.6233
7,40.464150000000004,-74.31697000000001,369,5.6588
7,40.464020000000005,-74.31772000000001,370,5.7239
7,40.46399,-74.31790000000001,371,5.7395
7,40.46396,-74.31803000000001,372,5.751
7,40.46388,-74.31849000000001,373,5.7909
7,40.463840000000005,-74.31872,374,5.8109
7,40.46381,-74.31887,375,5.824
7,40.46369000000001,-74.31959,376,5.8863
7,40.463640000000005,-74.31985,377,5.909
7,40.463620000000006,-74.31995,378,5.9178
7,40.46354,-74.3204,379,5.9569
7,40.46352,-74.32054000000001,380,5.9689
7,40.46347,-74.3208,381,5.9916
7,40.46345,-74.32090000000001,382,6.0003
7,40.46343,-74.32101,383,6.0099
7,40.463280000000005,-74.32181,384,6.0796
7,40.463280000000005,-74.32186,385,6.0839
7,40.46311,-74.32281,386,6.1664
7,40.46303,-74.32322,387,6.2022
7,40.46302,-74.32334,388,6.2124
7,40.46298,-74.32350000000001,389,6.2267
7,40.46291,-74.32392,390,6.2631
7,40.46276,-74.32476000000001,391,6.3361
7,40.46275,-74.32482,392,6.3412
7,40.46273,-74.32492,393,6.35
7,40.46264,-74.32545,394,6.3959
7,40.46256,-74.32588000000001,395,6.4334
7,40.462540000000004,-74.32598,396,6.4421
7,40.46253,-74.32619000000001,397,6.4599
7,40.462480000000006,-74.32657,398,6.4926
7,40.46246,-74.32668000000001,399,6.5021
7,40.46244,-74.32683,400,6.515
7,40.462410000000006,-74.32700000000001,401,6.5298
7,40.46238,-74.32718000000001,402,6.5454
7,40.462360000000004,-74.32728,403,6.5541
7,40.46235,-74.32735000000001,404,6.5601
7,40.46231,-74.32756,405,6.5785
7,40.46231,-74.3276,406,6.5818
7,40.462270000000004,-74.32780000000001,407,6.5993
7,40.462250000000004,-74.32794000000001,408,6.6114
7,40.46222,-74.32808,409,6.6237
7,40.462160000000004,-74.32837,410,6.6491
7,40.462070000000004,-74.3289,411,6.6951
7,40.46202,-74.32898,412,6.7038
7,40.46201000000001,-74.32899,413,6.7052
7,40.46199,-74.32907,414,6.7123
7,40.461980000000004,-74.32915000000001,415,6.7192
7,40.461960000000005,-74.32924000000001,416,6.7271
7,40.461940000000006,-74.32934,417,6.7359
7,40.46193,-74.32941000000001,418,6.7419
7,40.461890000000004,-74.32966,419,6.7635
7,40.46188,-74.32973000000001,420,6.7695
7,40.461870000000005,-74.32983,421,6.7781
7,40.46186,-74.32987,422,6.7816
7,40.46182,-74.33008000000001,423,6.7999
7,40.46179,-74.33018000000001,424,6.809
7,40.46177,-74.33028,425,6.8178
7,40.461760000000005,-74.33032,426,6.8213
7,40.461760000000005,-74.33036000000001,427,6.8247
7,40.46175,-74.33039000000001,428,6.8275
7,40.46173,-74.3305,429,6.8371
7,40.46173,-74.33053000000001,430,6.8396
7,40.46159,-74.33128,431,6.9049
7,40.461560000000006,-74.3314,432,6.9156
7,40.46154000000001,-74.33152000000001,433,6.926
7,40.461510000000004,-74.33172,434,6.9433
7,40.46148,-74.33187000000001,435,6.9564
7,40.46146,-74.33196000000001,436,6.9643
7,40.461400000000005,-74.33231,437,6.9947
7,40.461400000000005,-74.33233000000001,438,6.9964
7,40.461360000000006,-74.33253,439,7.0139
7,40.46134,-74.33266,440,7.0251
7,40.46134,-74.33267000000001,441,7.0259
7,40.46134,-74.3327,442,7.0285
7,40.46134,-74.33271,443,7.0293
7,40.461330000000004,-74.33272000000001,444,7.0307
7,40.4613,-74.33292,445,7.048
7,40.461290000000005,-74.33298,446,7.0532
7,40.461290000000005,-74.33299000000001,447,7.054
7,40.46126,-74.33325,448,7.0763
7,40.461220000000004,-74.33356,449,7.1029
7,40.46121,-74.33363,450,7.1089
7,40.461200000000005,-74.33370000000001,451,7.1149
7,40.46114,-74.33415000000001,452,7.1536
7,40.46112,-74.33425000000001,453,7.1623
7,40.461110000000005,-74.33432,454,7.1683
7,40.461110000000005,-74.33434000000001,455,7.17
7,40.4611,-74.33448,456,7.1819
7,40.46108,-74.33472,457,7.2023
7,40.46107000000001,-74.33487000000001,458,7.2151
7,40.46107000000001,-74.33495,459,7.2219
7,40.46106,-74.33502,460,7.2279
7,40.46106,-74.33505000000001,461,7.2304
7,40.46105,-74.33518000000001,462,7.2415
7,40.461040000000004,-74.33534,463,7.2551
7,40.46103,-74.33537000000001,464,7.2578
7,40.46103,-74.33538,465,7.2587
7,40.46103,-74.33548,466,7.2671
7,40.461020000000005,-74.33558000000001,467,7.2757
7,40.461020000000005,-74.3356,468,7.2774
7,40.46101,-74.3357,469,7.2859
7,40.46101,-74.33574,470,7.2893
7,40.46101,-74.33575,471,7.2901
7,40.461000000000006,-74.33582000000001,472,7.2961
7,40.461000000000006,-74.33589,473,7.3021
7,40.46097,-74.33629,474,7.3361
7,40.46096,-74.33639000000001,475,7.3446
7,40.46096,-74.33642,476,7.3471
7,40.46096,-74.33646,477,7.3505
7,40.46096,-74.33648000000001,478,7.3522
7,40.460950000000004,-74.33656,479,7.3591
7,40.460950000000004,-74.33659,480,7.3616
7,40.460950000000004,-74.33663,481,7.365
7,40.460950000000004,-74.33666000000001,482,7.3675
7,40.46094,-74.33673,483,7.3736
7,40.460930000000005,-74.33695,484,7.3922
7,40.46092,-74.33703000000001,485,7.3991
7,40.46092,-74.33708,486,7.4033
7,40.46092,-74.33712000000001,487,7.4067
7,40.46092,-74.33715000000001,488,7.4092
7,40.460910000000005,-74.33726,489,7.4186
7,40.4609,-74.3374,490,7.4305
7,40.460890000000006,-74.33757,491,7.4449
7,40.46088,-74.33766,492,7.4526
7,40.46088,-74.33774000000001,493,7.4594
7,40.46087,-74.3378,494,7.4646
7,40.460860000000004,-74.33792000000001,495,7.4748
7,40.46085,-74.33815000000001,496,7.4943
7,40.460840000000005,-74.33824,497,7.502
7,40.460820000000005,-74.33852,498,7.5258
7,40.460820000000005,-74.33855000000001,499,7.5283
7,40.46079,-74.33892,500,7.5598
7,40.46078000000001,-74.33909000000001,501,7.5742
7,40.460750000000004,-74.33954,502,7.6124
7,40.46074,-74.33970000000001,503,7.626
7,40.460730000000005,-74.33981,504,7.6354
7,40.460730000000005,-74.33984000000001,505,7.6379
7,40.46072,-74.33994000000001,506,7.6464
7,40.460710000000006,-74.34005,507,7.6558
7,40.460710000000006,-74.34007000000001,508,7.6575
7,40.460660000000004,-74.34048,509,7.6926
7,40.460660000000004,-74.34059,510,7.7019
7,40.46063,-74.34072,511,7.7134
7,40.46059,-74.34104,512,7.7409
7,40.4605,-74.34167000000001,513,7.7951
7,40.460480000000004,-74.34177000000001,514,7.8039
7,40.46047,-74.34188,515,7.8132
7,40.46043,-74.34209000000001,516,7.8315
7,40.460420000000006,-74.34216,517,7.8376
7,40.46041,-74.34223,518,7.8436
7,40.46036,-74.34254,519,7.8704
7,40.46036,-74.34255,520,7.8712
7,40.46034,-74.34264,521,7.8792
7,40.460330000000006,-74.34275000000001,522,7.8885
7,40.460330000000006,-74.34276000000001,523,7.8894
7,40.46029,-74.34296,524,7.9069
7,40.460280000000004,-74.34303000000001,525,7.9129
7,40.46027,-74.34306000000001,526,7.9157
7,40.46025,-74.34320000000001,527,7.9277
7,40.46023,-74.34327,528,7.9341
7,40.460190000000004,-74.34355000000001,529,7.9582
7,40.460170000000005,-74.34366,530,7.9677
7,40.46005,-74.34429,531,8.0227
7,40.46003,-74.34443,532,8.0347
7,40.46,-74.34457,533,8.047
7,40.459880000000005,-74.34515,534,8.0979
7,40.45985,-74.34525000000001,535,8.107
7,40.459810000000004,-74.34548000000001,536,8.1269
7,40.45973,-74.34585000000001,537,8.1595
7,40.45969,-74.34609,538,8.1803
7,40.45965,-74.34626,539,8.1953
7,40.45957000000001,-74.34663,540,8.2279
7,40.45949,-74.34700000000001,541,8.2604
7,40.459410000000005,-74.34737000000001,542,8.293
7,40.4594,-74.34742,543,8.2973
7,40.45938,-74.34752,544,8.3061
7,40.45937,-74.34755000000001,545,8.3088
7,40.459250000000004,-74.34814,546,8.3605
7,40.45922,-74.34825000000001,547,8.3704
7,40.459210000000006,-74.34830000000001,548,8.3748
7,40.45919000000001,-74.34841,549,8.3843
7,40.45915,-74.34859,550,8.4002
7,40.459140000000005,-74.34864,551,8.4046
7,40.45913,-74.34867000000001,552,8.4074
7,40.45911,-74.34880000000001,553,8.4186
7,40.45908,-74.34893000000001,554,8.4301
7,40.45908,-74.34894000000001,555,8.4309
7,40.459050000000005,-74.34905,556,8.4408
7,40.45904,-74.3491,557,8.4452
7,40.45904,-74.34912,558,8.4469
7,40.458980000000004,-74.34939,559,8.4707
7,40.45895,-74.34956000000001,560,8.4854
7,40.45877,-74.35042,561,8.5609
7,40.458760000000005,-74.35047,562,8.5653
7,40.458760000000005,-74.35049000000001,563,8.567
7,40.45875,-74.35053,564,8.5705
7,40.458740000000006,-74.35058000000001,565,8.5749
7,40.45872000000001,-74.35065,566,8.5812
7,40.45871,-74.35073000000001,567,8.5881
7,40.45868,-74.35088,568,8.6012
7,40.458670000000005,-74.35092,569,8.6048
7,40.45866,-74.35095000000001,570,8.6075
7,40.45866,-74.35098,571,8.6101
7,40.458650000000006,-74.35099000000001,572,8.6115
7,40.458650000000006,-74.35102,573,8.614
7,40.45863000000001,-74.3511,574,8.6211
7,40.45861,-74.35121000000001,575,8.6307
7,40.458600000000004,-74.35125000000001,576,8.6343
7,40.458560000000006,-74.35142,577,8.6493
7,40.45855,-74.35148000000001,578,8.6545
7,40.45852,-74.35163,579,8.6676
7,40.45834000000001,-74.35247000000001,580,8.7415
7,40.458330000000004,-74.35255000000001,581,8.7483
7,40.45832,-74.35260000000001,582,8.7527
7,40.458310000000004,-74.35264000000001,583,8.7563
7,40.45828,-74.35277,584,8.7678
7,40.45841,-74.35282000000001,585,8.7828
7,40.458450000000006,-74.35283000000001,586,8.7873
7,40.45868,-74.35291000000001,587,8.8138
7,40.458780000000004,-74.35295,588,8.8254
7,40.458800000000004,-74.35296000000001,589,8.8278
7,40.458850000000005,-74.35298,590,8.8336
7,40.458960000000005,-74.35301000000001,591,8.8461
7,40.45911,-74.35306,592,8.8633
7,40.45919000000001,-74.35310000000001,593,8.8728
7,40.4592,-74.35310000000001,594,8.8739
7,40.459270000000004,-74.35313000000001,595,8.8821
7,40.45949,-74.35317,596,8.9068
7,40.459700000000005,-74.35319000000001,597,8.9302
7,40.460330000000006,-74.35316,598,9.0003
7,40.46043,-74.35315,599,9.0115
7,40.460570000000004,-74.35314000000001,600,9.0271
7,40.46079,-74.35313000000001,601,9.0516
7,40.46085,-74.35313000000001,602,9.0582
7,40.46087,-74.35313000000001,603,9.0605
7,40.460890000000006,-74.35313000000001,604,9.0627
7,40.460910000000005,-74.35312,605,9.0651
7,40.46092,-74.35312,606,9.0662
7,40.46123,-74.35311,607,9.1006
7,40.46128,-74.35310000000001,608,9.1063
7,40.461800000000004,-74.35307,609,9.1641
7,40.46201000000001,-74.35306,610,9.1875
7,40.46228,-74.35305000000001,611,9.2175
7,40.46264,-74.35303,612,9.2576
7,40.46266000000001,-74.35296000000001,613,9.2639
7,40.46271,-74.35291000000001,614,9.2709
7,40.462740000000004,-74.35289,615,9.2747
7,40.46276,-74.35288000000001,616,9.277
7,40.462810000000005,-74.35287000000001,617,9.2827
7,40.46282,-74.35278000000001,618,9.2904
7,40.462830000000004,-74.35273000000001,619,9.2947
7,40.462860000000006,-74.35262,620,9.3046
7,40.46287,-74.35257,621,9.309
7,40.46289,-74.35253,622,9.313
7,40.462900000000005,-74.3525,623,9.3158
7,40.462950000000006,-74.3524,624,9.3259
7,40.462990000000005,-74.35233000000001,625,9.3333
7,40.46304000000001,-74.35227,626,9.3409
7,40.46314,-74.35218,627,9.3544
7,40.4632,-74.35214,628,9.3618
7,40.46327,-74.35211000000001,629,9.37
7,40.46329,-74.35210000000001,630,9.3724
7,40.46338,-74.35207000000001,631,9.3827
7,40.463460000000005,-74.35206000000001,632,9.3917
7,40.46354,-74.35205,633,9.4006
7,40.463570000000004,-74.35205,634,9.4039
7,40.463620000000006,-74.35206000000001,635,9.4096
7,40.46363,-74.35206000000001,636,9.4107
7,40.46369000000001,-74.35208,637,9.4175
7,40.46378,-74.35208,638,9.4275
7,40.46381,-74.35207000000001,639,9.431
7,40.463840000000005,-74.35207000000001,640,9.4343
7,40.463860000000004,-74.35206000000001,641,9.4367
7,40.46387,-74.35206000000001,642,9.4378
7,40.463890000000006,-74.35205,643,9.4402
7,40.46392,-74.35204,644,9.4436
7,40.463950000000004,-74.35202000000001,645,9.4474
7,40.464000000000006,-74.35199,646,9.4535
7,40.46405,-74.35195,647,9.46
7,40.4641,-74.3519,648,9.467
7,40.46416000000001,-74.35182,649,9.4765
7,40.464180000000006,-74.35180000000001,650,9.4793
7,40.46425,-74.35170000000001,651,9.4908
7,40.46428,-74.35166000000001,652,9.4955
7,40.464290000000005,-74.35164,653,9.4976
7,40.4643,-74.35162000000001,654,9.4996
7,40.46441,-74.35143000000001,655,9.5198
7,40.464600000000004,-74.35116000000001,656,9.5509
7,40.46464,-74.35111,657,9.557
7,40.464710000000004,-74.35102,658,9.5679
7,40.464780000000005,-74.35095000000001,659,9.5777
7,40.46486,-74.35087,660,9.5889
7,40.464940000000006,-74.3508,661,9.5996
7,40.464980000000004,-74.35076000000001,662,9.6052
7,40.465050000000005,-74.35071,663,9.614
7,40.46508,-74.35069,664,9.6178
7,40.465090000000004,-74.35068000000001,665,9.6192
7,40.46515,-74.35065,666,9.6263
7,40.465340000000005,-74.35056,667,9.6487
7,40.465430000000005,-74.35053,668,9.6591
7,40.46553,-74.35050000000001,669,9.6705
7,40.4656,-74.35049000000001,670,9.6783
7,40.46571,-74.35048,671,9.6906
7,40.465830000000004,-74.35048,672,9.7039
7,40.466080000000005,-74.35050000000001,673,9.7318
7,40.46689000000001,-74.35068000000001,674,9.8231
7,40.46701,-74.35071,675,9.8367
7,40.46712,-74.35075,676,9.8494
7,40.467130000000004,-74.35075,677,9.8505
7,40.46716,-74.35075,678,9.8538
7,40.467180000000006,-74.35076000000001,679,9.8562
7,40.46719,-74.35076000000001,680,9.8573
7,40.467200000000005,-74.35076000000001,681,9.8584
7,40.46726,-74.35078,682,9.8653
7,40.46734,-74.3508,683,9.8744
7,40.467380000000006,-74.3508,684,9.8788
7,40.467490000000005,-74.35083,685,9.8913
7,40.46752,-74.35084,686,9.8948
7,40.467530000000004,-74.35084,687,9.8959
7,40.46755,-74.35084,688,9.8981
7,40.467560000000006,-74.35085000000001,689,9.8995
7,40.46759,-74.35085000000001,690,9.9028
7,40.46766,-74.35088,691,9.911
7,40.467870000000005,-74.35096,692,9.9353
7,40.468030000000006,-74.35106,693,9.955
7,40.468050000000005,-74.35108000000001,694,9.9578
7,40.46806,-74.35108000000001,695,9.9589
7,40.46810000000001,-74.35111,696,9.9641
7,40.468160000000005,-74.35116000000001,697,9.972
7,40.468210000000006,-74.35119,698,9.9781
7,40.468270000000004,-74.35124,699,9.986
7,40.46828,-74.35125000000001,700,9.9874
7,40.468300000000006,-74.35128,701,9.9907
7,40.468340000000005,-74.35131000000001,702,9.9959
7,40.46838,-74.35135000000001,703,10.0014
7,40.468410000000006,-74.35139000000001,704,10.0062
7,40.46847,-74.35146,705,10.0151
7,40.46848000000001,-74.35148000000001,706,10.0171
7,40.468560000000004,-74.35158000000001,707,10.0294
7,40.46862,-74.35166000000001,708,10.0389
7,40.46867,-74.35174,709,10.0477
7,40.46871,-74.35179000000001,710,10.0538
7,40.468790000000006,-74.35196,711,10.0707
7,40.46887,-74.35213,712,10.0876
7,40.468880000000006,-74.35215000000001,713,10.0897
7,40.468880000000006,-74.35217,714,10.0914
7,40.46889,-74.35219000000001,715,10.0934
7,40.468900000000005,-74.35222,716,10.0961
7,40.46895000000001,-74.35236,717,10.1092
7,40.468970000000006,-74.35241,718,10.114
7,40.46904000000001,-74.35262,719,10.1334
7,40.46905,-74.35267,720,10.1378
7,40.46911,-74.35284,721,10.1536
7,40.469150000000006,-74.35295,722,10.1639
7,40.46927,-74.35325,723,10.1926
7,40.469280000000005,-74.35326,724,10.194
7,40.46931,-74.35332000000001,725,10.2001
7,40.46938,-74.35345000000001,726,10.2136
7,40.46942000000001,-74.35354000000001,727,10.2224
7,40.469480000000004,-74.35365,728,10.2338
7,40.469640000000005,-74.35399000000001,729,10.2676
7,40.469660000000005,-74.35405,730,10.2732
7,40.46967,-74.35405,731,10.2743
7,40.469710000000006,-74.35421000000001,732,10.2885
7,40.46974,-74.35441,733,10.3058
7,40.46974,-74.35451,734,10.3143
7,40.46974,-74.35454,735,10.3168
7,40.46974,-74.35459,736,10.321
7,40.46972,-74.35474,737,10.3339
7,40.469710000000006,-74.35479000000001,738,10.3383
7,40.46969,-74.3549,739,10.3478
7,40.46967,-74.35496,740,10.3534
7,40.469660000000005,-74.35497000000001,741,10.3548
7,40.469570000000004,-74.35528000000001,742,10.3829
7,40.469550000000005,-74.35533000000001,743,10.3876
7,40.46952,-74.35541,744,10.3952
7,40.469460000000005,-74.35563,745,10.4149
7,40.46943,-74.35578000000001,746,10.4281
7,40.46943,-74.35586,747,10.4348
7,40.46943,-74.35594,748,10.4416
7,40.469460000000005,-74.35608,749,10.4539
7,40.46947,-74.35613000000001,750,10.4583
7,40.46949,-74.35619000000001,751,10.4638
7,40.46951000000001,-74.35625,752,10.4694
7,40.46954,-74.3563,753,10.4747
7,40.469570000000004,-74.35636000000001,754,10.4808
7,40.469620000000006,-74.35643,755,10.4889
7,40.46967,-74.35647,756,10.4955
7,40.46972,-74.35651,757,10.502
7,40.469770000000004,-74.35654000000001,758,10.5081
7,40.469820000000006,-74.35656,759,10.5139
7,40.46987,-74.35658000000001,760,10.5197
7,40.469950000000004,-74.3566,761,10.5288
7,40.4701,-74.35661,762,10.5455
7,40.47012,-74.35661,763,10.5477
7,40.47014,-74.35661,764,10.5499
7,40.47025,-74.35662,765,10.5622
7,40.470690000000005,-74.35665,766,10.6112
7,40.470780000000005,-74.35666,767,10.6212
7,40.47079,-74.35666,768,10.6223
7,40.47082,-74.35666,769,10.6256
7,40.47084,-74.35666,770,10.6279
7,40.470960000000005,-74.35666,771,10.6412
7,40.47097,-74.3566,772,10.6464
7,40.47097,-74.35652,773,10.6532
7,40.470980000000004,-74.35646000000001,774,10.6584
7,40.47099,-74.35642,775,10.6619
7,40.47102,-74.35611,776,10.6884
7,40.471030000000006,-74.35604000000001,777,10.6944
7,40.47104,-74.35602,778,10.6964
7,40.47104,-74.35600000000001,779,10.6981
7,40.471050000000005,-74.35594,780,10.7033
7,40.471050000000005,-74.35586,781,10.7101
7,40.47106,-74.3558,782,10.7153
7,40.47106,-74.35575,783,10.7195
7,40.471070000000005,-74.35567,784,10.7264
7,40.47108,-74.3555,785,10.7408
7,40.471090000000004,-74.35543000000001,786,10.7468
7,40.4711,-74.35521,787,10.7654
7,40.4711,-74.35513,788,10.7722
7,40.471120000000006,-74.35480000000001,789,10.8002
7,40.47113,-74.35443000000001,790,10.8315
7,40.47113,-74.35425000000001,791,10.8468
7,40.47113,-74.35413000000001,792,10.8569
7,40.471140000000005,-74.35374,793,10.8899
7,40.47115,-74.35307,794,10.9466
7,40.471160000000005,-74.35227,795,11.0143
7,40.471160000000005,-74.3519,796,11.0456
7,40.47117,-74.35176000000001,797,11.0575
7,40.47117,-74.35172,798,11.0609
7,40.47117,-74.35146,799,11.0829
7,40.47117,-74.35142,800,11.0862
7,40.47117,-74.35132,801,11.0947
7,40.471180000000004,-74.35086000000001,802,11.1336
7,40.471180000000004,-74.35072000000001,803,11.1455
7,40.471180000000004,-74.35057,804,11.1582
7,40.471180000000004,-74.35054000000001,805,11.1607
7,40.4712,-74.35018000000001,806,11.1912
7,40.47122,-74.34977,807,11.226
7,40.47124,-74.3494,808,11.2574
7,40.471250000000005,-74.3493,809,11.2659
7,40.471250000000005,-74.34913,810,11.2803
7,40.47126,-74.34906000000001,811,11.2863
7,40.471270000000004,-74.34882,812,11.3066
7,40.47128,-74.34863,813,11.3227
7,40.47128,-74.34855,814,11.3295
7,40.47128,-74.34839000000001,815,11.343
7,40.47129,-74.34830000000001,816,11.3507
7,40.47129,-74.34808000000001,817,11.3693
7,40.47130000000001,-74.34788,818,11.3863
7,40.47130000000001,-74.34784,819,11.3897
7,40.47130000000001,-74.3476,820,11.41
7,40.47130000000001,-74.34754000000001,821,11.4151
7,40.47131,-74.34737000000001,822,11.4295
7,40.47131,-74.34716,823,11.4472
7,40.471320000000006,-74.34674000000001,824,11.4828
7,40.47133,-74.34652000000001,825,11.5014
7,40.47133,-74.34613,826,11.5344
7,40.47133,-74.34612,827,11.5353
7,40.471340000000005,-74.34594000000001,828,11.5505
7,40.471340000000005,-74.34587,829,11.5565
7,40.47133,-74.34583,830,11.56
7,40.47133,-74.34578,831,11.5643
7,40.471340000000005,-74.34567000000001,832,11.5736
7,40.47135,-74.34533,833,11.6024
7,40.471360000000004,-74.34477000000001,834,11.6498
7,40.47137,-74.34449000000001,835,11.6735
7,40.47138,-74.34438,836,11.6829
7,40.47139000000001,-74.3443,837,11.6897
7,40.4714,-74.34421,838,11.6974
7,40.471430000000005,-74.34404,839,11.7122
7,40.471450000000004,-74.34391000000001,840,11.7234
7,40.47149,-74.34366,841,11.745
7,40.471500000000006,-74.34358,842,11.7519
7,40.471520000000005,-74.34344,843,11.7639
7,40.47153,-74.34336,844,11.7708
7,40.471560000000004,-74.34321,845,11.7839
7,40.47166,-74.34254,846,11.8417
7,40.471790000000006,-74.34165,847,11.9183
7,40.471810000000005,-74.34154000000001,848,11.9279
7,40.471900000000005,-74.34094,849,11.9796
7,40.47191,-74.34087000000001,850,11.9856
7,40.471920000000004,-74.34077,851,11.9942
7,40.471940000000004,-74.34066,852,12.0037
7,40.471940000000004,-74.34061000000001,853,12.008
7,40.471990000000005,-74.3403,854,12.0348
7,40.471990000000005,-74.34028,855,12.0365
7,40.472,-74.34023,856,12.0408
7,40.47205,-74.33982,857,12.076
7,40.472060000000006,-74.33972,858,12.0845
7,40.47207,-74.33962000000001,859,12.093
7,40.47207,-74.33961000000001,860,12.0939
7,40.472100000000005,-74.33937,861,12.1144
7,40.47211,-74.33930000000001,862,12.1205
7,40.472120000000004,-74.33924,863,12.1257
7,40.47216,-74.33893,864,12.1522
7,40.47216,-74.33889,865,12.1556
7,40.472170000000006,-74.33879,866,12.1642
7,40.472190000000005,-74.33869,867,12.1729
7,40.472190000000005,-74.33865,868,12.1763
7,40.4722,-74.33856,869,12.184
7,40.47234,-74.33738000000001,870,12.285
7,40.472350000000006,-74.3373,871,12.2919
7,40.472350000000006,-74.33729000000001,872,12.2927
7,40.472350000000006,-74.33728,873,12.2935
7,40.47236,-74.33720000000001,874,12.3004
7,40.47238,-74.3371,875,12.3092
7,40.47243,-74.33673,876,12.3409
7,40.47245,-74.33657000000001,877,12.3547
7,40.47251,-74.33611,878,12.3941
7,40.472530000000006,-74.33600000000001,879,12.4037
7,40.47254,-74.33590000000001,880,12.4122
7,40.47256,-74.33579,881,12.4218
7,40.47256,-74.33575,882,12.4252
7,40.472570000000005,-74.33569,883,12.4304
7,40.47258,-74.33566,884,12.4331
7,40.47261,-74.33552,885,12.4455
7,40.47261,-74.33549000000001,886,12.448
7,40.472620000000006,-74.33541000000001,887,12.4548
7,40.472640000000006,-74.33521,888,12.4719
7,40.47265,-74.33511,889,12.4804
7,40.472660000000005,-74.33501000000001,890,12.489
7,40.47269,-74.33479000000001,891,12.5079
7,40.472710000000006,-74.33470000000001,892,12.5158
7,40.472710000000006,-74.33466,893,12.5192
7,40.47279,-74.33414,894,12.5641
7,40.47283,-74.3339,895,12.5849
7,40.47287,-74.33368,896,12.604
7,40.47289000000001,-74.33356,897,12.6144
7,40.472930000000005,-74.33332,898,12.6352
7,40.472930000000005,-74.33329,899,12.6377
7,40.473000000000006,-74.3328,900,12.6799
7,40.47307,-74.33236000000001,901,12.7179
7,40.473090000000006,-74.33213,902,12.7375
7,40.473090000000006,-74.33185,903,12.7612
7,40.4731,-74.33151000000001,904,12.7899
7,40.473090000000006,-74.33138000000001,905,12.801
7,40.473090000000006,-74.33125000000001,906,12.812
7,40.473090000000006,-74.33115000000001,907,12.8204
7,40.47308,-74.33107000000001,908,12.8273
7,40.47307,-74.33091,909,12.8409
7,40.47307,-74.33084000000001,910,12.8468
7,40.47303,-74.33036000000001,911,12.8877
7,40.47296,-74.3298,912,12.9357
7,40.47294,-74.32955000000001,913,12.9569
7,40.47294,-74.32954000000001,914,12.9578
7,40.47289000000001,-74.32908,915,12.9971
7,40.47287,-74.32884,916,13.0175
7,40.47285,-74.32869000000001,917,13.0304
7,40.47285,-74.32867,918,13.0321
7,40.47283,-74.32849,919,13.0474
7,40.472820000000006,-74.32833000000001,920,13.061
7,40.472820000000006,-74.32825000000001,921,13.0678
7,40.47281,-74.32815000000001,922,13.0763
7,40.47281,-74.32805,923,13.0848
7,40.47281,-74.32797000000001,924,13.0915
7,40.47281,-74.32788000000001,925,13.0992
7,40.472860000000004,-74.32715,926,13.1612
7,40.4729,-74.3266,927,13.2079
7,40.472910000000006,-74.32654000000001,928,13.2131
7,40.472910000000006,-74.32651000000001,929,13.2156
7,40.472910000000006,-74.32649,930,13.2173
7,40.472930000000005,-74.32624000000001,931,13.2386
7,40.47294,-74.32608,932,13.2522
7,40.47296,-74.32589,933,13.2684
7,40.47298000000001,-74.32572,934,13.2829
7,40.473000000000006,-74.32563,935,13.2909
7,40.473020000000005,-74.3255,936,13.3021
7,40.47312,-74.32503000000001,937,13.3434
7,40.473200000000006,-74.32464,938,13.3775
7,40.47328,-74.32418000000001,939,13.4175
7,40.47334,-74.32391000000001,940,13.4412
7,40.473380000000006,-74.32375,941,13.4555
7,40.473400000000005,-74.32364000000001,942,13.4651
7,40.47345000000001,-74.32346000000001,943,13.4813
7,40.473690000000005,-74.32286,944,13.5386
7,40.473710000000004,-74.32281,945,13.5434
7,40.473870000000005,-74.32245,946,13.5787
7,40.47388,-74.32243000000001,947,13.5807
7,40.473940000000006,-74.32230000000001,948,13.5935
7,40.474180000000004,-74.32176000000001,949,13.6464
7,40.47421000000001,-74.32169,950,13.6532
7,40.47446,-74.32109000000001,951,13.7111
7,40.47449,-74.32097,952,13.7218
7,40.474520000000005,-74.32090000000001,953,13.7286
7,40.474540000000005,-74.32083,954,13.7349
7,40.474720000000005,-74.32043,955,13.7742
7,40.474970000000006,-74.31985,956,13.8306
7,40.47533000000001,-74.31903000000001,957,13.9107
7,40.475620000000006,-74.31841,958,13.9723
7,40.475910000000006,-74.31779,959,14.0338
7,40.47598,-74.31764000000001,960,14.0487
7,40.476040000000005,-74.31750000000001,961,14.0623
7,40.476220000000005,-74.31710000000001,962,14.1016
7,40.4763,-74.31694,963,14.1178
7,40.47641,-74.31668,964,14.143
7,40.476530000000004,-74.31641,965,14.1694
7,40.47701,-74.31527000000001,966,14.2796
7,40.477140000000006,-74.31497,967,14.3088
7,40.47728,-74.31464000000001,968,14.3408
7,40.47735,-74.31449,969,14.3557
7,40.47742,-74.31433000000001,970,14.3713
7,40.477470000000004,-74.3142,971,14.3836
7,40.47753,-74.31407,972,14.3965
7,40.4776,-74.3139,973,14.4128
7,40.47767,-74.31372,974,14.4299
7,40.47773,-74.31356000000001,975,14.445
7,40.47775,-74.31351000000001,976,14.4498
7,40.477900000000005,-74.31311000000001,977,14.4875
7,40.47807,-74.31277,978,14.5219
7,40.47816,-74.31259,979,14.5401
7,40.47818,-74.31255,980,14.5442
7,40.47822,-74.31246,981,14.553
7,40.478280000000005,-74.31237,982,14.5631
7,40.47834,-74.31227000000001,983,14.5739
7,40.47831,-74.31205,984,14.5928
7,40.47831,-74.31202,985,14.5953
7,40.478300000000004,-74.31200000000001,986,14.5974
7,40.47829,-74.31190000000001,987,14.6059
7,40.478280000000005,-74.31184,988,14.6111
7,40.478280000000005,-74.31178000000001,989,14.6162
7,40.478260000000006,-74.31163000000001,990,14.6291
7,40.47824000000001,-74.31149,991,14.6411
7,40.47822,-74.31135,992,14.6532
7,40.478190000000005,-74.31110000000001,993,14.6746
7,40.47816,-74.31088000000001,994,14.6935
7,40.478080000000006,-74.31038000000001,995,14.7367
7,40.478080000000006,-74.31034000000001,996,14.7401
7,40.478030000000004,-74.30998000000001,997,14.771
7,40.47798,-74.30968,998,14.797
7,40.47796,-74.30951,999,14.8115
7,40.47793,-74.30929,1000,14.8304
7,40.47793,-74.30926000000001,1001,14.833
7,40.477830000000004,-74.30860000000001,1002,14.8899
7,40.477810000000005,-74.30849,1003,14.8995
7,40.4778,-74.3084,1004,14.9072
7,40.47778,-74.30823000000001,1005,14.9217
7,40.47775,-74.30801000000001,1006,14.9406
7,40.47773,-74.30787000000001,1007,14.9527
7,40.477700000000006,-74.30766000000001,1008,14.9707
7,40.47764,-74.30727,1009,15.0044
7,40.477630000000005,-74.30724000000001,1010,15.0072
7,40.477630000000005,-74.30719,1011,15.0114
7,40.4776,-74.30698000000001,1012,15.0295
7,40.47753,-74.30648000000001,1013,15.0725
7,40.477500000000006,-74.30628,1014,15.0897
7,40.47746,-74.30601,1015,15.113
7,40.477430000000005,-74.30584,1016,15.1277
7,40.477410000000006,-74.30572000000001,1017,15.1381
7,40.477410000000006,-74.30569000000001,1018,15.1407
7,40.477360000000004,-74.30533000000001,1019,15.1716
7,40.47731,-74.30503,1020,15.1976
7,40.47728,-74.3048,1021,15.2173
7,40.47726,-74.30466000000001,1022,15.2294
7,40.47722,-74.30441,1023,15.251
7,40.4772,-74.30424000000001,1024,15.2655
7,40.477160000000005,-74.30399000000001,1025,15.2871
7,40.47715,-74.30388,1026,15.2965
7,40.4771,-74.30355,1027,15.325
7,40.477070000000005,-74.30338,1028,15.3397
7,40.477050000000006,-74.30325,1029,15.351
7,40.477050000000006,-74.30321,1030,15.3543
7,40.47704,-74.30311,1031,15.3629
7,40.47702,-74.30304000000001,1032,15.3692
7,40.47697,-74.30265,1033,15.4026
7,40.47692,-74.30234,1034,15.4294
7,40.4769,-74.3022,1035,15.4415
7,40.47688,-74.30203,1036,15.456
7,40.476850000000006,-74.30181,1037,15.475
7,40.47681,-74.30158,1038,15.4949
7,40.47677,-74.30127,1039,15.5215
7,40.47675,-74.30113,1040,15.5336
7,40.476710000000004,-74.30090000000001,1041,15.5535
7,40.476690000000005,-74.3007,1042,15.5706
7,40.47668,-74.30067000000001,1043,15.5733
7,40.47663,-74.30031000000001,1044,15.6043
7,40.476620000000004,-74.30025,1045,15.6095
7,40.47659,-74.30006,1046,15.6259
7,40.476510000000005,-74.29951000000001,1047,15.6733
7,40.47648,-74.29934,1048,15.688
7,40.47645,-74.29911000000001,1049,15.7078
7,40.47641,-74.29881,1050,15.7335
7,40.47636000000001,-74.29856000000001,1051,15.7554
7,40.47628,-74.29802000000001,1052,15.8019
7,40.47626,-74.29786,1053,15.8156
7,40.476200000000006,-74.29748000000001,1054,15.8485
7,40.47618000000001,-74.29735000000001,1055,15.8597
7,40.47617,-74.29725,1056,15.8682
7,40.47617,-74.29722000000001,1057,15.8708
7,40.47616,-74.29716,1058,15.876
7,40.47616,-74.29714000000001,1059,15.8776
7,40.476150000000004,-74.29712,1060,15.8797
7,40.476110000000006,-74.29682000000001,1061,15.9054
7,40.4761,-74.29676,1062,15.9106
7,40.47607,-74.29663000000001,1063,15.9221
7,40.47605,-74.29652,1064,15.9317
7,40.47603,-74.29639,1065,15.9429
7,40.476000000000006,-74.29624000000001,1066,15.956
7,40.47599,-74.29614000000001,1067,15.9646
7,40.47596,-74.29599,1068,15.9777
7,40.475910000000006,-74.29570000000001,1069,16.0028
7,40.475910000000006,-74.29568,1070,16.0045
7,40.47589000000001,-74.29560000000001,1071,16.0116
7,40.47589000000001,-74.29555,1072,16.0159
7,40.475880000000004,-74.2955,1073,16.0202
7,40.47587,-74.29545,1074,16.0246
7,40.475880000000004,-74.29538000000001,1075,16.0306
7,40.47589000000001,-74.29533,1076,16.035
7,40.47592,-74.29528,1077,16.0404
7,40.47594,-74.29524,1078,16.0445
7,40.47601,-74.29513,1079,16.0566
7,40.476060000000004,-74.29506,1080,16.0647
7,40.476200000000006,-74.29484000000001,1081,16.089
7,40.47632,-74.29465,1082,16.1099
7,40.47637,-74.29457000000001,1083,16.1186
7,40.476400000000005,-74.29453000000001,1084,16.1234
7,40.47643,-74.29448000000001,1085,16.1288
7,40.47654,-74.2943,1086,16.1483
7,40.47659,-74.29422000000001,1087,16.157
7,40.47661,-74.2942,1088,16.1598
7,40.47663,-74.29416,1089,16.1639
7,40.476800000000004,-74.29390000000001,1090,16.1929
7,40.476820000000004,-74.29387000000001,1091,16.1963
7,40.476850000000006,-74.29381000000001,1092,16.2023
7,40.476870000000005,-74.29377000000001,1093,16.2064
7,40.47688,-74.29375,1094,16.2084
7,40.476910000000004,-74.29372000000001,1095,16.2126
7,40.47699,-74.29361,1096,16.2255
7,40.47706,-74.29352,1097,16.2364
7,40.47706,-74.29351000000001,1098,16.2372
7,40.4771,-74.29346000000001,1099,16.2433
7,40.477180000000004,-74.29336,1100,16.2556
7,40.4772,-74.29334,1101,16.2584
7,40.47724,-74.2933,1102,16.264
7,40.47724,-74.29329000000001,1103,16.2648
7,40.477270000000004,-74.29326,1104,16.269
7,40.47729,-74.29323000000001,1105,16.2724
7,40.47733,-74.29319000000001,1106,16.278
7,40.47739,-74.29312,1107,16.2869
7,40.47755,-74.29296000000001,1108,16.3093
7,40.477560000000004,-74.29294,1109,16.3113
7,40.4778,-74.29271,1110,16.3443
7,40.47784,-74.29266000000001,1111,16.3505
7,40.47786000000001,-74.29264,1112,16.3533
7,40.47791,-74.29260000000001,1113,16.3598
7,40.47793,-74.29257000000001,1114,16.3631
7,40.478210000000004,-74.29229000000001,1115,16.4023
7,40.47827,-74.29222,1116,16.4112
7,40.478300000000004,-74.29220000000001,1117,16.4149
7,40.47842,-74.29207000000001,1118,16.4322
7,40.478570000000005,-74.29193000000001,1119,16.4527
7,40.4787,-74.29181000000001,1120,16.4703
7,40.47876,-74.29175000000001,1121,16.4787
7,40.47880000000001,-74.29172000000001,1122,16.4838
7,40.47887,-74.29165,1123,16.4936
7,40.47894,-74.29159,1124,16.5029
7,40.47916,-74.29137,1125,16.5336
7,40.47925,-74.29126000000001,1126,16.5473
7,40.47945,-74.29104000000001,1127,16.5763
7,40.47992,-74.29036,1128,16.654
7,40.48004,-74.29020000000001,1129,16.673
7,40.48017,-74.29003,1130,16.6934
7,40.48026,-74.28991,1131,16.7077
7,40.48042,-74.28970000000001,1132,16.7328
7,40.48053,-74.28956000000001,1133,16.7498
7,40.48058,-74.2895,1134,16.7574
7,40.480760000000004,-74.28929000000001,1135,16.7841
7,40.480790000000006,-74.28925000000001,1136,16.7889
7,40.480880000000006,-74.28915,1137,16.802
7,40.480920000000005,-74.2891,1138,16.8081
7,40.48095,-74.28906,1139,16.8129
7,40.48098,-74.28901,1140,16.8182
7,40.481030000000004,-74.28891,1141,16.8284
7,40.48134,-74.28825,1142,16.894
7,40.481370000000005,-74.28819,1143,16.9
7,40.4814,-74.28812,1144,16.9068
7,40.48142,-74.28795000000001,1145,16.9214
7,40.48138,-74.28784,1146,16.9317
7,40.481570000000005,-74.28771,1147,16.9555
7,40.48167,-74.28763000000001,1148,16.9685
7,40.481970000000004,-74.28739,1149,17.0076
7,40.48207,-74.28732000000001,1150,17.0202
7,40.482110000000006,-74.28729000000001,1151,17.0253
7,40.48212,-74.28728000000001,1152,17.0267
7,40.482130000000005,-74.28728000000001,1153,17.0278
7,40.48214,-74.28727,1154,17.0292
7,40.4823,-74.28714000000001,1155,17.0501
7,40.48259,-74.28692000000001,1156,17.0873
7,40.48279,-74.28676,1157,17.1134
7,40.483520000000006,-74.28620000000001,1158,17.2073
7,40.483830000000005,-74.28595,1159,17.2478
7,40.483920000000005,-74.28588,1160,17.2594
7,40.48398,-74.28584000000001,1161,17.2669
7,40.484,-74.28582,1162,17.2697
7,40.48405,-74.28578,1163,17.2762
7,40.48411,-74.28574,1164,17.2837
7,40.48507,-74.28499000000001,1165,17.4078
7,40.485170000000004,-74.28491000000001,1166,17.4209
7,40.48521,-74.28488,1167,17.426
7,40.48532,-74.28479,1168,17.4404
7,40.48603000000001,-74.28425,1169,17.5316
7,40.486160000000005,-74.28415000000001,1170,17.5483
7,40.48624,-74.28409,1171,17.5586
7,40.486290000000004,-74.28405000000001,1172,17.5651
7,40.48608,-74.28359,1173,17.6105
7,40.48603000000001,-74.28349,1174,17.6206
7,40.486000000000004,-74.28343000000001,1175,17.6267
7,40.48592,-74.28325000000001,1176,17.6443
7,40.48588,-74.28317000000001,1177,17.6524
7,40.48584,-74.28307000000001,1178,17.6619
7,40.4857,-74.28277,1179,17.6917
7,40.48568,-74.28271000000001,1180,17.6972
7,40.48565000000001,-74.28265,1181,17.7033
7,40.48552,-74.28237,1182,17.7311
7,40.48548,-74.28228,1183,17.7399
7,40.48543,-74.28219,1184,17.7493
7,40.485420000000005,-74.28217000000001,1185,17.7513
7,40.4853,-74.28191000000001,1186,17.7771
7,40.485260000000004,-74.28182000000001,1187,17.7859
7,40.48523,-74.28176,1188,17.7919
7,40.48521,-74.28173000000001,1189,17.7953
7,40.485130000000005,-74.28158,1190,17.8108
7,40.48512,-74.28156000000001,1191,17.8128
7,40.48509000000001,-74.28151000000001,1192,17.8182
7,40.48508,-74.28150000000001,1193,17.8196
7,40.48505,-74.28146000000001,1194,17.8244
7,40.48503,-74.28144,1195,17.8272
7,40.48499,-74.28141000000001,1196,17.8323
7,40.48492,-74.28135,1197,17.8416
7,40.484840000000005,-74.28128000000001,1198,17.8523
7,40.4848,-74.28125,1199,17.8574
7,40.484750000000005,-74.28121,1200,17.8639
7,40.48453000000001,-74.28104,1201,17.8923
7,40.484500000000004,-74.28102000000001,1202,17.896
7,40.48449,-74.28101000000001,1203,17.8974
7,40.48395,-74.28059,1204,17.9672
7,40.48386,-74.28051,1205,17.9792
7,40.48378,-74.28043000000001,1206,17.9904
7,40.48377,-74.28043000000001,1207,17.9915
7,40.483340000000005,-74.28009,1208,18.0473
7,40.483250000000005,-74.28002000000001,1209,18.059
7,40.48315,-74.27995,1210,18.0716
7,40.483050000000006,-74.27987,1211,18.0846
7,40.48304,-74.27986,1212,18.086
7,40.482960000000006,-74.27980000000001,1213,18.0962
7,40.482910000000004,-74.27976000000001,1214,18.1027
7,40.4827,-74.2796,1215,18.1297
7,40.48263,-74.27955,1216,18.1386
7,40.48256000000001,-74.27949000000001,1217,18.1479
7,40.482420000000005,-74.27939,1218,18.1656
7,40.482400000000005,-74.27937,1219,18.1684
7,40.482380000000006,-74.27935000000001,1220,18.1712
7,40.482240000000004,-74.27925,1221,18.1889
7,40.48223,-74.27924,1222,18.1903
7,40.48208,-74.27912,1223,18.2098
7,40.48198,-74.27905000000001,1224,18.2224
7,40.48189,-74.27898,1225,18.234
7,40.48143,-74.27862,1226,18.2936
7,40.48136,-74.27857,1227,18.3024
7,40.48129,-74.27852,1228,18.3113
7,40.480810000000005,-74.27814000000001,1229,18.3736
7,40.480720000000005,-74.27807,1230,18.3852
7,40.48062,-74.278,1231,18.3978
7,40.480140000000006,-74.27763,1232,18.4597
7,40.480070000000005,-74.27757000000001,1233,18.469
7,40.48001,-74.27752000000001,1234,18.4769
7,40.479780000000005,-74.27735000000001,1235,18.5062
7,40.479760000000006,-74.27733,1236,18.509
7,40.47973,-74.27731,1237,18.5127
7,40.479670000000006,-74.27726000000001,1238,18.5206
7,40.47952,-74.27715,1239,18.5397
7,40.47945,-74.27711000000001,1240,18.5482
7,40.47941,-74.27708000000001,1241,18.5533
7,40.47937,-74.27706,1242,18.5581
7,40.47921,-74.27694000000001,1243,18.5786
7,40.479200000000006,-74.27693000000001,1244,18.58
7,40.47909000000001,-74.27685000000001,1245,18.594
7,40.478880000000004,-74.27668000000001,1246,18.6214
7,40.47863,-74.27649000000001,1247,18.6535
7,40.4786,-74.27647,1248,18.6572
7,40.478320000000004,-74.27625,1249,18.6935
7,40.47825,-74.27621,1250,18.702
7,40.47814,-74.27613000000001,1251,18.716
7,40.47814,-74.27612,1252,18.7168
7,40.47805,-74.27606,1253,18.728
7,40.47809,-74.27597,1254,18.7369
7,40.47811,-74.27594,1255,18.7402
7,40.47814,-74.27586000000001,1256,18.7478
7,40.47824000000001,-74.27563,1257,18.7702
7,40.47825,-74.27560000000001,1258,18.773
7,40.47829,-74.27552,1259,18.7811
7,40.47831,-74.27545,1260,18.7874
7,40.47849,-74.27507,1261,18.8252
7,40.47851,-74.27504,1262,18.8286
7,40.478590000000004,-74.27485,1263,18.847
7,40.47871000000001,-74.27457000000001,1264,18.8742
7,40.47876,-74.27448000000001,1265,18.8836
7,40.47880000000001,-74.27438000000001,1266,18.8931
7,40.478910000000006,-74.27413,1267,18.9176
7,40.47896,-74.27401,1268,18.9291
7,40.479000000000006,-74.27392,1269,18.938
7,40.47919,-74.27351,1270,18.9786
7,40.47941,-74.27301,1271,19.0274
7,40.479490000000006,-74.27285,1272,19.0436
7,40.479510000000005,-74.2728,1273,19.0484
7,40.47964,-74.27251000000001,1274,19.0769
7,40.479710000000004,-74.27236,1275,19.0918
7,40.479760000000006,-74.27229000000001,1276,19.0999
7,40.479780000000005,-74.27226,1277,19.1033
7,40.479780000000005,-74.27225,1278,19.1041
7,40.47981,-74.27221,1279,19.1088
7,40.47988,-74.27214000000001,1280,19.1186
7,40.479890000000005,-74.27212,1281,19.1206
7,40.4799,-74.27212,1282,19.1218
7,40.480000000000004,-74.27203,1283,19.1352
7,40.480070000000005,-74.272,1284,19.1434
7,40.480090000000004,-74.27199,1285,19.1458
7,40.48011,-74.27198,1286,19.1482
7,40.480140000000006,-74.27197000000001,1287,19.1516
7,40.4802,-74.27196,1288,19.1583
7,40.48022,-74.27195,1289,19.1607
7,40.48026,-74.27194,1290,19.1653
7,40.480320000000006,-74.27193000000001,1291,19.172
7,40.4804,-74.27192000000001,1292,19.1809
7,40.48046,-74.27192000000001,1293,19.1876
7,40.480560000000004,-74.27194,1294,19.1988
7,40.48058,-74.27194,1295,19.2011
7,40.48059000000001,-74.27194,1296,19.2022
7,40.48064,-74.27196,1297,19.208
7,40.48066,-74.27197000000001,1298,19.2104
7,40.48077000000001,-74.27202000000001,1299,19.2233
7,40.48078,-74.27203,1300,19.2247
7,40.4808,-74.27204,1301,19.2271
7,40.48082,-74.27206000000001,1302,19.2299
7,40.48087,-74.27208,1303,19.2357
7,40.48091,-74.27211000000001,1304,19.2408
7,40.480940000000004,-74.27213,1305,19.2445
7,40.48113,-74.27227,1306,19.2688
7,40.4812,-74.27233000000001,1307,19.2781
7,40.48149,-74.27256000000001,1308,19.3157
7,40.48158,-74.27263,1309,19.3273
7,40.48192,-74.27289,1310,19.3711
7,40.482110000000006,-74.27303,1311,19.3953
7,40.48218000000001,-74.27308000000001,1312,19.4042
7,40.482200000000006,-74.2731,1313,19.407
7,40.482350000000004,-74.27321,1314,19.4261
7,40.48268,-74.27348,1315,19.4693
7,40.4827,-74.27349000000001,1316,19.4716
7,40.48272,-74.27352,1317,19.475
7,40.482760000000006,-74.27357,1318,19.4812
7,40.482800000000005,-74.27362000000001,1319,19.4873
7,40.482820000000004,-74.27365,1320,19.4907
7,40.482850000000006,-74.27369,1321,19.4954
7,40.482910000000004,-74.27378,1322,19.5055
7,40.48295,-74.27388,1323,19.5151
7,40.482980000000005,-74.27394000000001,1324,19.5212
7,40.48299,-74.27399000000001,1325,19.5255
7,40.48299,-74.274,1326,19.5264
7,40.483000000000004,-74.27401,1327,19.5278
7,40.48301,-74.27406,1328,19.5322
7,40.48302,-74.27409,1329,19.5349
7,40.48303000000001,-74.27418,1330,19.5426
7,40.48304,-74.27424,1331,19.5478
7,40.483050000000006,-74.27432,1332,19.5547
7,40.483050000000006,-74.27435000000001,1333,19.5572
7,40.483050000000006,-74.2744,1334,19.5614
7,40.483050000000006,-74.27445,1335,19.5657
7,40.483050000000006,-74.27446,1336,19.5665
7,40.48306,-74.27456000000001,1337,19.5751
7,40.48306,-74.27461000000001,1338,19.5793
7,40.48306,-74.27463,1339,19.581
7,40.483050000000006,-74.27467,1340,19.5845
7,40.483050000000006,-74.27475000000001,1341,19.5913
7,40.48304,-74.27483000000001,1342,19.5982
7,40.48303000000001,-74.27498,1343,19.6109
7,40.48303000000001,-74.27508,1344,19.6194
7,40.48304,-74.27519000000001,1345,19.6287
7,40.48306,-74.27533000000001,1346,19.6408
7,40.48308,-74.27541000000001,1347,19.6479
7,40.483090000000004,-74.27545,1348,19.6515
7,40.48311,-74.27550000000001,1349,19.6562
7,40.48313,-74.27556000000001,1350,19.6618
7,40.48315,-74.27559000000001,1351,19.6651
7,40.483160000000005,-74.27561,1352,19.6672
7,40.483180000000004,-74.27565000000001,1353,19.6712
7,40.4833,-74.27584,1354,19.6921
7,40.48331,-74.27586000000001,1355,19.6941
7,40.48333,-74.27589,1356,19.6975
7,40.483380000000004,-74.27596000000001,1357,19.7056
7,40.48333,-74.27608000000001,1358,19.7172
7,40.48333,-74.27609000000001,1359,19.718
7,40.483250000000005,-74.27625,1360,19.7342
7,40.483250000000005,-74.27626000000001,1361,19.7351
7,40.48324,-74.27627000000001,1362,19.7365
7,40.48321000000001,-74.27635000000001,1363,19.744
7,40.483200000000004,-74.27637,1364,19.746
7,40.48308,-74.27663000000001,1365,19.7718
7,40.48292,-74.277,1366,19.8077
7,40.48288,-74.27708000000001,1367,19.8158
7,40.482870000000005,-74.27711000000001,1368,19.8186
7,40.48284,-74.27716000000001,1369,19.824
7,40.48283,-74.27720000000001,1370,19.8276
7,40.48279,-74.27729000000001,1371,19.8364
7,40.482760000000006,-74.27735000000001,1372,19.8425
7,40.482730000000004,-74.27741,1373,19.8485
7,40.4825,-74.27794,1374,19.9001
7,40.48248,-74.27796000000001,1375,19.9029
7,40.48246,-74.27802000000001,1376,19.9085
7,40.48243,-74.27808,1377,19.9145
7,40.48241,-74.27813,1378,19.9193
7,40.48241,-74.27814000000001,1379,19.9202
7,40.48239,-74.27818,1380,19.9242
7,40.48237,-74.27821,1381,19.9276
7,40.48236,-74.27824000000001,1382,19.9303
7,40.482310000000005,-74.27835,1383,19.9412
7,40.48228,-74.2784,1384,19.9466
7,40.482260000000004,-74.27846000000001,1385,19.9521
7,40.48225,-74.27846000000001,1386,19.9532
7,40.482240000000004,-74.27849,1387,19.956
7,40.482240000000004,-74.27850000000001,1388,19.9568
7,40.48223,-74.27852,1389,19.9589
7,40.482220000000005,-74.27855000000001,1390,19.9616
7,40.482060000000004,-74.27890000000001,1391,19.9962
7,40.48198,-74.27905000000001,1392,20.0117
7,40.48208,-74.27912,1393,20.0243
7,40.48223,-74.27924,1394,20.0438
7,40.482240000000004,-74.27925,1395,20.0452
7,40.482380000000006,-74.27935000000001,1396,20.0629
7,40.482400000000005,-74.27937,1397,20.0657
7,40.482420000000005,-74.27939,1398,20.0685
7,40.48256000000001,-74.27949000000001,1399,20.0862
7,40.48263,-74.27955,1400,20.0955
7,40.4827,-74.2796,1401,20.1044
7,40.482910000000004,-74.27976000000001,1402,20.1313
7,40.482960000000006,-74.27980000000001,1403,20.1379
7,40.48304,-74.27986,1404,20.1481
7,40.483050000000006,-74.27987,1405,20.1495
7,40.48315,-74.27995,1406,20.1625
7,40.483250000000005,-74.28002000000001,1407,20.1751
7,40.483340000000005,-74.28009,1408,20.1867
7,40.48377,-74.28043000000001,1409,20.2425
7,40.48378,-74.28043000000001,1410,20.2436
7,40.48386,-74.28051,1411,20.2548
7,40.48395,-74.28059,1412,20.2669
7,40.48449,-74.28101000000001,1413,20.3367
7,40.484500000000004,-74.28102000000001,1414,20.3381
7,40.48453000000001,-74.28104,1415,20.3418
7,40.48463,-74.28112,1416,20.3548
7,40.48467,-74.28115000000001,1417,20.3599
7,40.484750000000005,-74.28121,1418,20.3702
7,40.4848,-74.28125,1419,20.3767
7,40.484840000000005,-74.28128000000001,1420,20.3818
7,40.48492,-74.28135,1421,20.3925
7,40.48499,-74.28141000000001,1422,20.4018
7,40.48503,-74.28144,1423,20.4069
7,40.48505,-74.28146000000001,1424,20.4097
7,40.48508,-74.28150000000001,1425,20.4145
7,40.48509000000001,-74.28151000000001,1426,20.4158
7,40.48512,-74.28156000000001,1427,20.4212
7,40.485130000000005,-74.28158,1428,20.4233
7,40.48521,-74.28173000000001,1429,20.4388
7,40.48523,-74.28176,1430,20.4421
7,40.485260000000004,-74.28182000000001,1431,20.4482
7,40.4853,-74.28191000000001,1432,20.457
7,40.485420000000005,-74.28217000000001,1433,20.4827
7,40.48543,-74.28219,1434,20.4848
7,40.48548,-74.28228,1435,20.4942
7,40.48552,-74.28237,1436,20.503
7,40.48565000000001,-74.28265,1437,20.5307
7,40.48568,-74.28271000000001,1438,20.5368
7,40.4857,-74.28277,1439,20.5424
7,40.48584,-74.28307000000001,1440,20.5721
7,40.48588,-74.28317000000001,1441,20.5817
7,40.48592,-74.28325000000001,1442,20.5898
7,40.486000000000004,-74.28343000000001,1443,20.6074
7,40.48603000000001,-74.28349,1444,20.6135
7,40.48608,-74.28359,1445,20.6236
7,40.486290000000004,-74.28405000000001,1446,20.669
7,40.486580000000004,-74.28389,1447,20.7039
7,40.48662,-74.28386,1448,20.7091
7,40.486630000000005,-74.28385,1449,20.7105
7,40.486880000000006,-74.28366000000001,1450,20.7426
7,40.487010000000005,-74.28357000000001,1451,20.7589
7,40.487120000000004,-74.28348000000001,1452,20.7733
7,40.48722,-74.28342,1453,20.7855
7,40.48733,-74.28335000000001,1454,20.7991
7,40.48745,-74.28330000000001,1455,20.8131
7,40.48754,-74.28327,1456,20.8234
7,40.487640000000006,-74.28324,1457,20.8348
7,40.48772,-74.28323,1458,20.8438
7,40.487790000000004,-74.28323,1459,20.8516
7,40.48783,-74.28323,1460,20.856
7,40.487880000000004,-74.28324,1461,20.8616
7,40.487930000000006,-74.28325000000001,1462,20.8673
7,40.48799,-74.28327,1463,20.8741
7,40.48800000000001,-74.28327,1464,20.8753
7,40.488020000000006,-74.28328,1465,20.8776
7,40.488130000000005,-74.28332,1466,20.8903
7,40.488240000000005,-74.28337,1467,20.9033
7,40.48875,-74.28361000000001,1468,20.9635
7,40.489050000000006,-74.28376,1469,20.9992
7,40.48908,-74.28377,1470,21.0026
7,40.48915,-74.2838,1471,21.0108
7,40.489230000000006,-74.28384000000001,1472,21.0203
7,40.489340000000006,-74.28391,1473,21.0339
7,40.48941000000001,-74.28396000000001,1474,21.0428
7,40.48946,-74.28399,1475,21.0489
7,40.489520000000006,-74.28404,1476,21.0568
7,40.489580000000004,-74.28410000000001,1477,21.0652
7,40.48964,-74.28417,1478,21.0741
7,40.489700000000006,-74.28425,1479,21.0836
7,40.48971,-74.28426,1480,21.085
7,40.48975,-74.28431,1481,21.0911
7,40.48977,-74.28435,1482,21.0952
7,40.489830000000005,-74.28446000000001,1483,21.1066
7,40.4898,-74.28456,1484,21.1157
7,40.489760000000004,-74.28459000000001,1485,21.1208
7,40.48975,-74.28459000000001,1486,21.1219
7,40.48968,-74.28464000000001,1487,21.1308
7,40.48966,-74.28465,1488,21.1332
7,40.489560000000004,-74.28472000000001,1489,21.1458
7,40.48951,-74.28472000000001,1490,21.1513
7,40.489430000000006,-74.28471,1491,21.1603
7,40.48942,-74.28471,1492,21.1614
7,40.489340000000006,-74.28471,1493,21.1703
7,40.48933,-74.28471,1494,21.1714
7,40.489250000000006,-74.28469000000001,1495,21.1804
7,40.489180000000005,-74.28464000000001,1496,21.1893
7,40.489140000000006,-74.28462,1497,21.1941
7,40.489110000000004,-74.28460000000001,1498,21.1978
7,40.489090000000004,-74.28459000000001,1499,21.2002
7,40.48906,-74.28456,1500,21.2044
7,40.489020000000004,-74.28454,1501,21.2091
7,40.488980000000005,-74.28450000000001,1502,21.2147
7,40.48895,-74.28447000000001,1503,21.2189
7,40.48894000000001,-74.28445,1504,21.2209
7,40.488890000000005,-74.28437000000001,1505,21.2297
7,40.48888,-74.28436,1506,21.2311
7,40.48881,-74.28424000000001,1507,21.2439
7,40.488780000000006,-74.28418,1508,21.2499
7,40.48874,-74.28407,1509,21.2603
7,40.48868,-74.28393000000001,1510,21.2738
7,40.488670000000006,-74.28389,1511,21.2774
7,40.488550000000004,-74.28355,1512,21.3091
7,40.48852,-74.28346,1513,21.3174
7,40.48847000000001,-74.28333,1514,21.3297
7,40.48828,-74.28277,1515,21.3816
7,40.488240000000005,-74.28264,1516,21.3935
7,40.48814,-74.28227000000001,1517,21.4267
7,40.4881,-74.28206,1518,21.445
7,40.488080000000004,-74.28191000000001,1519,21.4578
7,40.488110000000006,-74.28174,1520,21.4726
7,40.48812,-74.28167,1521,21.4786
7,40.48812,-74.28155000000001,1522,21.4888
7,40.48812,-74.2814,1523,21.5015
7,40.488110000000006,-74.28117,1524,21.5209
7,40.488110000000006,-74.28106000000001,1525,21.5302
7,40.488040000000005,-74.28108,1526,21.5382
7,40.488020000000006,-74.28108,1527,21.5404
7,40.48800000000001,-74.28108,1528,21.5427
7,40.48799,-74.28108,1529,21.5438
7,40.48794,-74.28106000000001,1530,21.5496
7,40.4879,-74.28104,1531,21.5543
7,40.487860000000005,-74.28101000000001,1532,21.5595
7,40.487820000000006,-74.28098,1533,21.5646
7,40.48778,-74.28092000000001,1534,21.5713
7,40.487700000000004,-74.28065000000001,1535,21.5958
7,40.48765,-74.28043000000001,1536,21.6153
7,40.487640000000006,-74.2804,1537,21.618
7,40.48758,-74.28022,1538,21.6346
7,40.48753000000001,-74.28012000000001,1539,21.6448
7,40.48749,-74.28006,1540,21.6515
7,40.48744000000001,-74.27999000000001,1541,21.6596
7,40.4874,-74.27994000000001,1542,21.6658
7,40.487350000000006,-74.27990000000001,1543,21.6723
7,40.48707,-74.27969,1544,21.7081
7,40.48700607594304,-74.27979010244623,1545,21.7192
7,40.48693085121475,-74.27979040287455,1546,21.7275
7,40.486888159865806,-74.27971655952456,1547,21.7354
7,40.48686976508384,-74.27963266927541,1548,21.7428
7,40.48689888948229,-74.27956589067696,1549,21.7493
7,40.48693679139444,-74.2795316406097,1550,21.7544
7,40.48700237326596,-74.27952890770058,1551,21.7617
7,40.48704653400353,-74.27956186462187,1552,21.7673
7,40.487063689320635,-74.27963756753809,1553,21.774
7,40.48706319897147,-74.27969145802044,1554,21.7786
7,40.48738573356961,-74.27992866206527,1555,21.8197
7,40.487603688006224,-74.27937579106978,1556,21.8723
7,40.48763723612992,-74.27927443449346,1557,21.8817
7,40.48762705304769,-74.27918246771053,1558,21.8895
7,40.487734892973215,-74.27894491451427,1559,21.9129
7,40.487800816641204,-74.27869526275305,1560,21.9353
7,40.48780565727007,-74.27819097426229,1561,21.9779
7,40.48805907128464,-74.27694211743145,1562,22.0872
7,40.488060000000004,-74.27694000000001,1563,22.0874
7,40.48807,-74.27690000000001,1564,22.091
7,40.48812,-74.27653000000001,1565,22.1228
7,40.488130000000005,-74.27649000000001,1566,22.1263
7,40.48814,-74.27643,1567,22.1315
7,40.48814,-74.27640000000001,1568,22.1341
7,40.488150000000005,-74.27629,1569,22.1434
7,40.48818,-74.27608000000001,1570,22.1615
7,40.48819,-74.27600000000001,1571,22.1684
7,40.488200000000006,-74.27597,1572,22.1711
7,40.488200000000006,-74.27595000000001,1573,22.1728
7,40.48827,-74.27582000000001,1574,22.1863
7,40.4883,-74.27575,1575,22.1931
7,40.48832,-74.27571,1576,22.1971
7,40.488325652832096,-74.27571013956323,1577,22.1978
7,40.48839495368857,-74.27554797976383,1578,22.2135
7,40.48848912942001,-74.27528576641606,1579,22.238
7,40.488712380370444,-74.27457250865709,1580,22.3032
7,40.48889484074928,-74.27431887772052,1581,22.3328
7,40.48906082378702,-74.27381228966729,1582,22.3794
7,40.489125218313454,-74.27364132250746,1583,22.3956
7,40.48917378412631,-74.27360965558995,1584,22.4016
7,40.48927480703901,-74.27366988317641,1585,22.4139
7,40.4893374257519,-74.27371374535055,1586,22.4218
7,40.4893960813579,-74.27376479818145,1587,22.4296
7,40.48940883310147,-74.27380217806814,1588,22.4331
7,40.48928343211705,-74.27413941512862,1589,22.4648
7,40.48969677974982,-74.27447488418046,1590,22.5188
8,40.7765006565427,-74.01130563605749,0,0.0
8,40.77657000000001,-74.01145000000001,1,0.0144
8,40.77667,-74.01137,2,0.0274
8,40.77714,-74.01100000000001,3,0.0882
8,40.777177057387426,-74.01096656102875,4,0.0932
8,40.777439598665175,-74.01070997887861,5,0.1295
8,40.77766863644876,-74.01055510413758,6,0.1582
8,40.779140000000005,-74.00945,7,0.3464
8,40.779160000000005,-74.00943000000001,8,0.3492
8,40.77937,-74.00927,9,0.3761
8,40.77938,-74.00926000000001,10,0.3775
8,40.7794,-74.00925000000001,11,0.3799
8,40.77948000000001,-74.00919,12,0.3901
8,40.77955,-74.00913,13,0.3994
8,40.77984,-74.00890000000001,14,0.437
8,40.779880000000006,-74.00886000000001,15,0.4426
8,40.77993,-74.00883,16,0.4487
8,40.780190000000005,-74.00862000000001,17,0.4826
8,40.780260000000006,-74.00857,18,0.4915
8,40.78031,-74.00853000000001,19,0.498
8,40.78032,-74.00853000000001,20,0.4991
8,40.78041,-74.00846,21,0.5107
8,40.78043,-74.00844000000001,22,0.5135
8,40.78045,-74.00843,23,0.5158
8,40.78058,-74.00832000000001,24,0.533
8,40.78135245601921,-74.00769347138666,25,0.6338
8,40.78161337770863,-74.00745851294475,26,0.6689
8,40.781692981263696,-74.00728126455101,27,0.6863
8,40.7817416035722,-74.00725381297183,28,0.6922
8,40.78183039796206,-74.00702452595421,29,0.7138
8,40.7819601171813,-74.00666918049048,30,0.7471
8,40.78210816605322,-74.0063106177178,31,0.7814
8,40.782170168918555,-74.00620981913411,32,0.7924
8,40.78219745364956,-74.00608645202385,33,0.8032
8,40.78231916533817,-74.0057945805984,34,0.8313
8,40.782645036477255,-74.00500358054953,35,0.9071
8,40.782726410987664,-74.00484058733981,36,0.9235
8,40.78278771030084,-74.00466224067556,37,0.94
8,40.782932225318206,-74.00439132361817,38,0.9679
8,40.783123156112914,-74.00415660760808,39,0.9969
8,40.783507072761935,-74.00380579295687,40,1.0488
8,40.78359417670461,-74.00368764035731,41,1.0627
8,40.78380229704127,-74.00343322273875,42,1.0942
8,40.78394019493044,-74.00325291097401,43,1.1158
8,40.78403128418418,-74.00312872075007,44,1.1304
8,40.7841609496806,-74.00298862690998,45,1.149
8,40.78466824313811,-74.00258546730556,46,1.2148
8,40.785122508196004,-74.00222606507329,47,1.2737
8,40.7857684160596,-74.00169964392825,48,1.3581
8,40.78641079929793,-74.00118932902652,49,1.4415
8,40.78688782310622,-74.00079610242712,50,1.504
8,40.787436294602614,-74.00034682185405,51,1.5758
8,40.787705861484476,-74.0002021157383,52,1.6081
8,40.7880680970146,-74.00002374375602,53,1.6511
8,40.788568373729085,-73.99963129228703,54,1.7158
8,40.78893359202159,-73.9993536452335,55,1.7627
8,40.78908069178803,-73.9992315002198,56,1.782
8,40.78902681075209,-73.99913699421666,57,1.7919
8,40.788856262572054,-73.99874443913161,58,1.83
8,40.78941939994177,-73.99832581509041,59,1.9019
8,40.78995830440564,-73.99790118233088,60,1.9717
8,40.79040521994291,-73.99889495100844,61,2.069
8,40.79048269030319,-73.99888529710407,62,2.0776
8,40.79056622870349,-73.99890057483653,63,2.087
8,40.79066930295176,-73.99896573012143,64,2.0997
8,40.79075003384018,-73.99907203592072,65,2.1124
8,40.79080402704579,-73.9991924102207,66,2.1242
8,40.790521697913015,-73.99934423785655,67,2.1581
8,40.79012324347504,-73.99952613957755,68,2.205
8,40.78955959804007,-73.99979055717266,69,2.2715
8,40.78917813295509,-74.00006827107437,70,2.3199
8,40.78878726492778,-74.000334604797,71,2.3688
8,40.7883506659079,-74.00065919971229,72,2.4245
8,40.78800382623185,-74.00093825582113,73,2.4697
8,40.78755488936184,-74.00137420939362,74,2.5316
8,40.78717235948168,-74.00175051907429,75,2.5847
8,40.786818713701656,-74.00206540149844,76,2.6321
8,40.7863952006243,-74.0024176014478,77,2.6877
8,40.78588112217822,-74.00282252559143,78,2.7543
8,40.78566732909176,-74.00300456975513,79,2.7826
8,40.785425199116595,-74.00320206359311,80,2.8142
8,40.7850790699514,-74.00353374308085,81,2.8618
8,40.784699328414746,-74.0039612541623,82,2.9173
8,40.78430695357145,-74.00449727157014,83,2.98
8,40.784096217046944,-74.00490051465717,84,3.0213
8,40.78384784951514,-74.00548307757919,85,3.0776
8,40.78363194307068,-74.00600559352277,86,3.1277
8,40.78328905867432,-74.00688756924791,87,3.2112
8,40.78307682610379,-74.00740516581368,88,3.2607
8,40.782896021553306,-74.0078414099363,89,3.3026
8,40.78270178792487,-74.00818345083175,90,3.3386
8,40.78249866277853,-74.00844924587251,91,3.3704
8,40.782022348777915,-74.00885743746657,92,3.4335
8,40.78079137470827,-74.00978848557902,93,3.5913
8,40.78025357836918,-74.00856270862005,94,3.7105
8,40.77763375555503,-74.01057379895855,95,4.0475
8,40.77759597625949,-74.01082340324932,96,4.0689
8,40.77812330636313,-74.01198696464995,97,4.1831
8,40.778008694062464,-74.01205263551587,98,4.197
8,40.777853908733846,-74.0121299184328,99,4.2154
8,40.77766121898296,-74.01221483973693,100,4.238
8,40.777422463209824,-74.01227527754142,101,4.265
8,40.77712851676271,-74.01229018323238,102,4.2977
8,40.77685282926534,-74.01228117760725,103,4.3284
8,40.77645466128982,-74.01224560939828,104,4.3728
8,40.77595629115751,-74.01218199372497,105,4.4284
8,40.77583565769639,-74.01221063104094,106,4.4421
8,40.77548207995951,-74.01242085860771,107,4.4852
8,40.77548,-74.01242,108,4.4854
8,40.77546,-74.01243000000001,109,4.4878
8,40.775360000000006,-74.0125,110,4.5004
8,40.77534,-74.01251,111,4.5028
8,40.775330000000004,-74.01252000000001,112,4.5042
8,40.77532,-74.01253000000001,113,4.5056
8,40.775310000000005,-74.01254,114,4.507
8,40.775110000000005,-74.01267,115,4.5318
8,40.775040000000004,-74.01272,116,4.5406
8,40.774950000000004,-74.01278,117,4.5518
8,40.77494,-74.01278,118,4.5529
8,40.77438,-74.01319000000001,119,4.6241
8,40.77434,-74.01323000000001,120,4.6297
8,40.77427,-74.01328000000001,121,4.6386
8,40.77405,-74.01342000000001,122,4.6657
8,40.77396,-74.01349,123,4.6773
8,40.77393,-74.01350000000001,124,4.6808
8,40.773810000000005,-74.01358,125,4.6957
8,40.77366000000001,-74.01367,126,4.714
8,40.773590000000006,-74.01371,127,4.7225
8,40.773500000000006,-74.01377000000001,128,4.7337
8,40.77349,-74.01377000000001,129,4.7348
8,40.77324,-74.01394,130,4.7661
8,40.772690000000004,-74.0143,131,4.8344
8,40.77261,-74.01435000000001,132,4.8442
8,40.772600000000004,-74.01435000000001,133,4.8453
8,40.77259,-74.01436000000001,134,4.8467
8,40.772580000000005,-74.01437,135,4.8481
8,40.77257,-74.01438,136,4.8495
8,40.77255,-74.01438,137,4.8517
8,40.772330000000004,-74.01451,138,4.8785
8,40.77232,-74.01452,139,4.8799
8,40.772130000000004,-74.01462000000001,140,4.9027
8,40.77201,-74.01469,141,4.9173
8,40.77188,-74.01476000000001,142,4.9329
8,40.77156,-74.01492,143,4.9709
8,40.77143,-74.01499000000001,144,4.9865
8,40.7714,-74.01501,145,4.9903
8,40.77116,-74.01513,146,5.0188
8,40.77096,-74.01523,147,5.0426
8,40.77094,-74.01524,148,5.045
8,40.77075000000001,-74.01534000000001,149,5.0677
8,40.77074,-74.01534000000001,150,5.0688
8,40.77064,-74.01539000000001,151,5.0807
8,40.770340000000004,-74.01557000000001,152,5.1174
8,40.7702,-74.01566000000001,153,5.1347
8,40.770030000000006,-74.01578,154,5.1561
8,40.77,-74.01580000000001,155,5.1598
8,40.76957,-74.01614000000001,156,5.2156
8,40.76953,-74.01617,157,5.2207
8,40.76944,-74.01626,158,5.2332
8,40.769380000000005,-74.01632000000001,159,5.2416
8,40.76925000000001,-74.01645,160,5.2597
8,40.76916000000001,-74.01654,161,5.2723
8,40.76914,-74.01656000000001,162,5.2751
8,40.76912,-74.01658,163,5.2779
8,40.768710000000006,-74.01702,164,5.3366
8,40.76816,-74.01761,165,5.4154
8,40.768060000000006,-74.01772000000001,166,5.4299
8,40.767720000000004,-74.01805,167,5.4768
8,40.76747,-74.01826000000001,168,5.5098
8,40.767450000000004,-74.01828,169,5.5126
8,40.76744,-74.01828,170,5.5137
8,40.76737000000001,-74.01835000000001,171,5.5234
8,40.76729,-74.01841,172,5.5337
8,40.76722,-74.01847000000001,173,5.5429
8,40.76718,-74.0185,174,5.5481
8,40.76717,-74.0185,175,5.5492
8,40.76715,-74.01851,176,5.5516
8,40.76711,-74.01854,177,5.5567
8,40.76682,-74.01875000000001,178,5.5934
8,40.76657,-74.01894,179,5.6255
8,40.76646,-74.01902000000001,180,5.6395
8,40.766400000000004,-74.01906000000001,181,5.647
8,40.76628,-74.01915000000001,182,5.6623
8,40.76625000000001,-74.01904,183,5.6722
8,40.76619,-74.01891,184,5.685
8,40.76608,-74.01865000000001,185,5.7101
8,40.766070000000006,-74.01863,186,5.7121
8,40.765950000000004,-74.01834000000001,187,5.7399
8,40.765910000000005,-74.01824,188,5.7494
8,40.765890000000006,-74.01820000000001,189,5.7535
8,40.76587000000001,-74.01817000000001,190,5.7568
8,40.76585,-74.01815,191,5.7596
8,40.765820000000005,-74.01814,192,5.7631
8,40.765800000000006,-74.01814,193,5.7653
8,40.76577,-74.01814,194,5.7686
8,40.765750000000004,-74.01816000000001,195,5.7714
8,40.76572,-74.01818,196,5.7751
8,40.76561,-74.01826000000001,197,5.7891
8,40.765440000000005,-74.01838000000001,198,5.8105
8,40.765390000000004,-74.01842,199,5.817
8,40.765280000000004,-74.0185,200,5.831
8,40.76468094434522,-74.01892216047021,201,5.9065
8,40.76459367937307,-74.01895588025,202,5.9166
8,40.76453863920787,-74.0189660402418,203,5.9228
8,40.76441268099526,-74.01907239129048,204,5.9394
8,40.76436714576785,-74.01910842776067,205,5.9453
8,40.76432273205817,-74.01915104632019,206,5.9514
8,40.764295559872906,-74.0192114197843,207,5.9574
8,40.764285214907716,-74.01925278381914,208,5.961
8,40.764292866994765,-74.01929563037244,209,5.9647
8,40.76440795181384,-74.01955079940788,210,5.9897
8,40.76445652720989,-74.01961401282199,211,5.9973
8,40.7647012954564,-74.02015467861176,212,6.0504
8,40.76487286658038,-74.02001397364458,213,6.0728
8,40.76593967089595,-74.01928892611988,214,6.2062
8,40.766751027846766,-74.01866975877219,215,6.3105
8,40.767050000000005,-74.01846,216,6.3481
8,40.76709,-74.01843000000001,217,6.3532
8,40.76713,-74.0184,218,6.3583
8,40.767140000000005,-74.0184,219,6.3594
8,40.76718,-74.01837,220,6.3646
8,40.76727,-74.01829000000001,221,6.3766
8,40.7674,-74.01819,222,6.3934
8,40.767410000000005,-74.01818,223,6.3948
8,40.767430000000004,-74.01817000000001,224,6.3971
8,40.76769,-74.01796,225,6.431
8,40.767790000000005,-74.01786000000001,226,6.445
8,40.767860000000006,-74.01779,227,6.4547
8,40.767920000000004,-74.01773,228,6.4631
8,40.768010000000004,-74.01765,229,6.4752
8,40.768060000000006,-74.01759000000001,230,6.4827
8,40.76814,-74.01751,231,6.4938
8,40.76829,-74.01735000000001,232,6.5153
8,40.76840000000001,-74.01723000000001,233,6.5311
8,40.76885,-74.01676,234,6.5949
8,40.768950000000004,-74.01665000000001,235,6.6094
8,40.769290000000005,-74.0163,236,6.6574
8,40.769330000000004,-74.01625,237,6.6635
8,40.769420000000004,-74.01617,238,6.6755
8,40.769510000000004,-74.01609,239,6.6876
8,40.769560000000006,-74.01604,240,6.6946
8,40.76959,-74.01602000000001,241,6.6983
8,40.769850000000005,-74.01580000000001,242,6.7327
8,40.76988,-74.01578,243,6.7364
8,40.770340000000004,-74.01546,244,6.7942
8,40.770540000000004,-74.01535000000001,245,6.8183
8,40.77064,-74.01529000000001,246,6.8305
8,40.77069,-74.01527,247,6.8363
8,40.77093,-74.01515,248,6.8649
8,40.77118,-74.01502,249,6.8947
8,40.77145,-74.01489000000001,250,6.9267
8,40.771480000000004,-74.01487,251,6.9304
8,40.77156,-74.01483,252,6.9399
8,40.77185,-74.01469,253,6.9743
8,40.772000000000006,-74.01461,254,6.9923
8,40.77207000000001,-74.01458000000001,255,7.0004
8,40.77212,-74.01455,256,7.0066
8,40.77235,-74.01442,257,7.0344
8,40.77246,-74.01436000000001,258,7.0476
8,40.77248,-74.01434,259,7.0504
8,40.772490000000005,-74.01434,260,7.0515
8,40.7725,-74.01433,261,7.0529
8,40.77253,-74.01432000000001,262,7.0563
8,40.772560000000006,-74.0143,263,7.0601
8,40.77257,-74.01429,264,7.0615
8,40.77264,-74.01424,265,7.0703
8,40.77272000000001,-74.0142,266,7.0798
8,40.77281000000001,-74.01413000000001,267,7.0915
8,40.77286,-74.0141,268,7.0976
8,40.77288,-74.01409000000001,269,7.0999
8,40.77311,-74.01392000000001,270,7.1293
8,40.77322,-74.01384,271,7.1432
8,40.773320000000005,-74.01377000000001,272,7.1558
8,40.773410000000005,-74.01371,273,7.167
8,40.77375000000001,-74.01348,274,7.2095
8,40.773770000000006,-74.01347000000001,275,7.2119
8,40.77389,-74.01339,276,7.2268
8,40.774010000000004,-74.01331,277,7.2418
8,40.774210000000004,-74.01318,278,7.2665
8,40.77431,-74.01311000000001,279,7.2791
8,40.77447,-74.01301000000001,280,7.2988
8,40.774570000000004,-74.01295,281,7.311
8,40.77467,-74.01289000000001,282,7.3232
8,40.77485,-74.01276,283,7.3461
8,40.77507000000001,-74.0126,284,7.374
8,40.775090000000006,-74.01258,285,7.3768
8,40.7751,-74.01257000000001,286,7.3782
8,40.77512,-74.01256000000001,287,7.3805
8,40.775150000000004,-74.01253000000001,288,7.3847
8,40.77521,-74.01247000000001,289,7.3931
8,40.77528,-74.01241,290,7.4024
8,40.77532,-74.01238000000001,291,7.4075
8,40.77534,-74.01236,292,7.4103
8,40.77537,-74.01234000000001,293,7.414
8,40.77553,-74.01222,294,7.4345
8,40.77557,-74.01218,295,7.4401
8,40.77561,-74.01216000000001,296,7.4448
8,40.77564,-74.01213,297,7.449
8,40.775670000000005,-74.01211,298,7.4527
8,40.775690000000004,-74.01209,299,7.4555
8,40.77575,-74.01205,300,7.463
8,40.77579,-74.01203000000001,301,7.4678
8,40.77584,-74.01201,302,7.4736
8,40.775940000000006,-74.01203000000001,303,7.4848
8,40.77593,-74.01194000000001,304,7.4925
8,40.77617,-74.01176000000001,305,7.5232
8,40.77657000000001,-74.01145000000001,306,7.5747
9,40.76062395229,-74.003851516287,0,0.0
9,40.761608290126816,-74.00659783467987,1,0.2559
9,40.761809747937406,-74.00973905192474,2,0.5214
9,40.75807499542648,-74.01310551669866,3,1.0243
9,40.75442398877658,-74.01469928822918,4,1.4518
9,40.75114608216839,-74.01534657431486,5,1.8204
9,40.73743657632764,-74.0188990628943,6,3.3739
9,40.71592713340618,-74.02491936083678,7,5.8189
9,40.714173836875176,-74.02744281789715,8,6.1074
9,40.71374878833498,-74.03014151503703,9,6.3397
9,40.713718479988,-74.032029165667,10,6.4988
10,40.713718479988,-74.032029165667,0,0.0
10,40.71369603911856,-74.02957814388733,1,0.2066
10,40.716202580270874,-74.02539583887416,2,0.656
10,40.71933562400369,-74.02379100090258,3,1.0297
10,40.72267487424287,-74.02297092435967,4,1.4074
10,40.745542826558676,-74.0175499022189,5,3.9909
10,40.75603463399801,-74.01394481253509,6,5.1964
10,40.75895229166434,-74.01160196694303,7,5.5761
10,40.76102766092984,-74.00902086586669,8,5.8931
10,40.76165928219271,-74.00655889252349,9,6.1121
10,40.76062395229,-74.003851516287,10,6.3675
11,40.49081034,-74.275845827,0,0.0
11,40.492501779614315,-74.27224453262481,1,0.3579
11,40.49333345473411,-74.2646133172008,2,1.0098
11,40.48899730471092,-74.25567070777983,3,1.9067
11,40.4878306441704,-74.24651905918472,4,2.6914
11,40.49255985806434,-74.21786932805118,5,5.1706
11,40.503281453890594,-74.16281455020372,6,9.9761
11,40.52966933305598,-74.11211919923427,7,15.1697
11,40.56332489451705,-74.06413854250619,8,20.6871
11,40.578794748175255,-74.04668214953048,9,22.9527
11,40.59921424895154,-74.04596274015161,10,25.224
11,40.616294233090684,-74.04735557509069,11,27.1269
11,40.63407627792694,-74.0453268282474,12,29.1115
11,40.663658844639855,-74.03805788420075,13,32.4576
11,40.68960699499851,-74.03181466025194,14,35.3906
11,40.696787701538085,-74.02891547983678,15,36.2256
11,40.70465011561285,-74.02725222999872,16,37.111
11,40.71132502170036,-74.02646952419218,17,37.8562
11,40.713772319630664,-74.0235343774187,18,38.224
11,40.71510717149664,-74.02079490709724,19,38.4984
11,40.714932739,-74.017375046,20,38.7873
11,40.714760808938394,-74.01879420113642,21,38.9085
11,40.71440405707881,-74.0206062750418,22,39.0662
11,40.71374406109916,-74.02220654810088,23,39.2198
11,40.71287000229978,-74.02434808998959,24,39.4248
11,40.7108721105283,-74.02620723074922,25,39.6967
11,40.708588732242475,-74.02658376558686,26,39.9525
11,40.7057065080474,-74.02671081310281,27,40.2732
11,40.70276245783276,-74.02575400138126,28,40.6104
11,40.701739352,-74.02426347,29,40.7798
11,40.7000316282591,-74.02181418840719,30,41.0604
11,40.698538158480545,-74.01905631932726,31,41.3461
11,40.69759938890999,-74.01657986545885,32,41.5795
11,40.69712999916442,-74.01309031682686,33,41.8783
11,40.697386030344546,-74.01027616470418,34,42.1172
11,40.697928287,-74.009342394,35,42.2164
11,40.69883685511479,-74.00779971083655,36,42.3811
11,40.69964759637082,-74.00678661607222,37,42.5052
11,40.70036565099389,-74.00628505497795,38,42.5956
11,40.70101303302465,-74.00588608739265,39,42.675
11,40.702327046412734,-74.00550889897131,40,42.8246
11,40.70280082,-74.005721224,41,42.8802
12,40.49081034,-74.275845827,0,0.0
12,40.4929004597451,-74.26830931129832,1,0.6784
12,40.49314217664525,-74.25686686644066,2,1.6463
12,40.489274601757245,-74.24606011296363,3,2.6563
12,40.48540680396715,-74.2397031991539,4,3.3448
12,40.486132033031055,-74.21427554391208,5,5.4968
12,40.492175303820716,-74.18948358005595,6,7.6984
12,40.50861024708098,-74.14307810924409,7,12.0268
12,40.53349668345601,-74.10112247810373,8,16.5251
12,40.561030122083565,-74.06647729784017,9,20.7609
12,40.571201138724774,-74.05179176504149,10,22.4396
12,40.58225245612928,-74.04621960479027,11,23.7555
12,40.600150942029074,-74.04636528075656,12,25.7457
12,40.61222961946078,-74.04693995614632,13,27.0897
12,40.62434172420183,-74.04656003613303,14,28.4369
12,40.63488831018705,-74.04461941929677,15,29.621
12,40.646708046113844,-74.04006037908638,16,30.9904
12,40.66159296786728,-74.03323295703235,17,32.7429
12,40.67628936571205,-74.02588783670178,18,34.4905
12,40.680611219261834,-74.02360831659716,19,35.0081
12,40.68418975089912,-74.01781400477222,20,35.6382
12,40.68783890198432,-74.01198856450321,21,36.2754
12,40.693024194018676,-74.00882256435777,22,36.9107
12,40.69724894844953,-74.0065430442598,23,37.4183
12,40.7005133479266,-74.00578320422464,24,37.7869
12,40.70280082,-74.005721224,25,38.0413
12,40.702691734,-74.005873879,26,38.059
12,40.701311745858504,-74.00621670682666,27,38.2151
12,40.70036028757511,-74.0070324668006,28,38.3413
12,40.699099187,-74.00874539,29,38.5426
12,40.69840975560726,-74.01079751283324,30,38.7318
12,40.69826703151341,-74.01500181423664,31,39.0866
12,40.69917094560918,-74.01795110029536,32,39.3548
12,40.70052194,-74.020291863,33,39.6028
12,40.70207290270025,-74.02234365400014,34,39.847
12,40.70407089802558,-74.02309666320694,35,40.0781
12,40.708114276602544,-74.0227201586033,36,40.5288
12,40.71092071269024,-74.02209265093121,37,40.8453
12,40.71306113528192,-74.02121414019061,38,41.0946
12,40.71453560859578,-74.0193943679414,39,41.3191
12,40.714996475,-74.01741228,40,41.4938
12,40.7149327391046,-74.0173750458923,41,41.5016
12,40.73850348447303,-74.01699494443926,42,44.1227
12,40.76067653850981,-74.00826353521434,43,46.6956
12,40.76062395229,-74.003851516287,44,47.0673
13,40.76062395229,-74.003851516287,0,0.0
13,40.76127200224343,-74.00585965298123,1,0.1838
13,40.76146726991473,-74.0071854870848,2,0.2976
13,40.76127200224343,-74.00840083501343,3,0.4022
13,40.760814277,-74.009062701,4,0.4777
13,40.759458775051115,-74.01020544254402,5,0.6566
13,40.7570596599825,-74.01156810537289,6,0.947
13,40.719033831465566,-74.0212625694081,7,5.2534
13,40.71822202504106,-74.02124704629891,8,5.3437
13,40.71726902225873,-74.02104524587799,9,5.451
13,40.716304240112635,-74.02025356730374,10,5.5774
13,40.71573948310083,-74.01943084251073,11,5.6709
13,40.71531591219815,-74.01879439502905,12,5.7423
13,40.71510412573596,-74.01840631729674,13,5.7826
13,40.714932739,-74.017375046,14,5.8716
13,40.714760808938394,-74.01879420113642,15,5.9927
13,40.71440405707881,-74.0206062750418,16,6.1505
13,40.71374406109916,-74.02220654810088,17,6.304
13,40.71287000229978,-74.02434808998959,18,6.509
13,40.7108721105283,-74.02620723074922,19,6.7809
13,40.708588732242475,-74.02658376558686,20,7.0368
13,40.7057065080474,-74.02671081310281,21,7.3574
13,40.70276245783276,-74.02575400138126,22,7.6946
13,40.701739352,-74.02426347,23,7.8641
13,40.7000316282591,-74.02181418840719,24,8.1446
13,40.698538158480545,-74.01905631932726,25,8.4303
13,40.69759938890999,-74.01657986545885,26,8.6637
13,40.69712999916442,-74.01309031682686,27,8.9625
13,40.697386030344546,-74.01027616470418,28,9.2015
13,40.697928287,-74.009342394,29,9.3006
13,40.69883685511479,-74.00779971083655,30,9.4653
13,40.69964759637082,-74.00678661607222,31,9.5895
13,40.70036565099389,-74.00628505497795,32,9.6798
13,40.70101303302465,-74.00588608739265,33,9.7593
13,40.702327046412734,-74.00550889897131,34,9.9088
13,40.70280082,-74.005721224,35,9.9645
13,40.70109298161469,-74.0047544335456,36,10.1711
13,40.69711294954138,-74.00596590297535,37,10.6253
13,40.692928556862086,-74.00744658783458,38,11.107
13,40.68925423929039,-74.00973491898031,39,11.5589
13,40.685579719110564,-74.0137731504138,40,12.0907
13,40.6817008391198,-74.02009971299299,41,12.7767
13,40.677719648614755,-74.02400333671174,42,13.3284
13,40.67394240193434,-74.02629166785748,43,13.7906
13,40.66654586964822,-74.02927857275373,44,14.6508
13,40.6492884054189,-74.03856650505094,45,16.7235
13,40.625887812296526,-74.04623914477189,46,19.4049
13,40.60724373780255,-74.04639999237992,47,21.4781
13,40.5883936905978,-74.04549296291049,48,23.5755
13,40.58045548671538,-74.04729172958288,49,24.4711
13,40.56696968685074,-74.05740194436028,50,26.1968
13,40.54392515785548,-74.09315758198782,51,30.158
13,40.50911813208231,-74.15528191119982,52,36.681
13,40.49477352691349,-74.2002001477853,53,40.8002
13,40.49010103128688,-74.22233015532537,54,42.7424
13,40.48871943328115,-74.23011140054895,55,43.4181
13,40.48798124611008,-74.23991457992939,56,44.2512
13,40.48812888419366,-74.24496176139202,57,44.6784
13,40.48857179649673,-74.25049424876526,58,45.1488
13,40.48975288167995,-74.25525024668238,59,45.5719
13,40.49108157766497,-74.25981212223513,60,45.985
13,40.49226261867801,-74.26301514124074,61,46.286
13,40.492484061553455,-74.26757701679345,62,46.6726
13,40.491598285666015,-74.27223595352874,63,47.0787
13,40.49081034,-74.275845827,64,47.3963
14,40.702800820044,-74.005721223577,0,0.0
14,40.702691734,-74.005873879,1,0.0177
14,40.701311745858504,-74.00621670682666,2,0.1738
14,40.70036028757511,-74.0070324668006,3,0.3
14,40.699099187,-74.00874539,4,0.5013
14,40.69840975560726,-74.01079751283324,5,0.6905
14,40.69826703151341,-74.01500181423664,6,1.0453
14,40.69917094560918,-74.01795110029536,7,1.3135
14,40.70052194,-74.020291863,8,1.5615
14,40.70207290270025,-74.02234365400014,9,1.8057
14,40.70407089802558,-74.02309666320694,10,2.0368
14,40.708114276602544,-74.0227201586033,11,2.4875
14,40.71092071269024,-74.02209265093121,12,2.804
14,40.71306113528192,-74.02121414019061,13,3.0533
14,40.71453560859578,-74.0193943679414,14,3.2778
14,40.714996475,-74.01741228,15,3.4525
14,40.714932739,-74.017375046,16,3.4603
14,40.714899375509816,-74.01867687209165,17,3.5701
14,40.714435779386406,-74.02045060114759,18,3.7282
14,40.713485397241556,-74.02262189016447,19,3.9395
14,40.712210473059145,-74.02503783146518,20,4.1876
14,40.70798726968454,-74.02701702363677,21,4.686
14,40.691783569771644,-74.02996128046766,22,6.5048
14,40.669267537113114,-74.03708418663442,23,9.0795
14,40.641910469439466,-74.04498222383283,24,12.1936
14,40.622187582471895,-74.04873446558538,25,14.4094
14,40.60654717604791,-74.04739185520253,26,16.1522
14,40.59300279432236,-74.04645852299367,27,17.6603
14,40.580908820228274,-74.04618394904513,28,19.0053
14,40.57319255626791,-74.05140085406553,29,19.9699
14,40.567874072538785,-74.0601872204152,30,20.9188
14,40.55275099838636,-74.08204784980403,31,23.4164
14,40.53762414932544,-74.10100834020035,32,25.7393
14,40.522724973671046,-74.11857424571362,33,27.9639
14,40.50879028018079,-74.15956135857758,34,31.7594
14,40.49562707720352,-74.19825726637474,35,35.3436
14,40.48652747140437,-74.23186160735658,36,38.3601
14,40.485768384607525,-74.23893201048668,37,38.964
14,40.48752125696524,-74.24644740469506,38,39.6288
14,40.49239857390023,-74.25716936709945,39,40.6853
14,40.49361784774692,-74.26448435079588,40,41.3186
14,40.49277959935728,-74.27089748718646,41,41.8688
14,40.49081034,-74.275845827,42,42.3411
15,40.75111033598552,-73.97499369885392,0,0.0
15,40.751019,-73.975061,1,0.0116
15,40.751109,-73.975274,2,0.0322
15,40.751437,-73.976057,3,0.1075
15,40.751761,-73.976821,4,0.1813
15,40.751913,-73.977189,5,0.2166
15,40.752021,-73.977454,6,0.242
15,40.75207,-73.977572,7,0.2533
15,40.752119,-73.977691,8,0.2647
15,40.752156,-73.977787,9,0.2738
15,40.752383,-73.978318,10,0.3251
15,40.752414,-73.978392,11,0.3323
15,40.752435,-73.978441,12,0.337
15,40.752445,-73.978465,13,0.3393
15,40.75252,-73.97864,14,0.3562
15,40.752673,-73.978968,15,0.3887
15,40.752761,-73.979172,16,0.4085
15,40.752813,-73.97929,17,0.42
15,40.752856,-73.979394,18,0.4299
15,40.753057,-73.97987,19,0.4758
15,40.753435,-73.980763,20,0.562
15,40.753466,-73.980846,21,0.5698
15,40.753533,-73.981024,22,0.5865
15,40.753764,-73.981568,23,0.6391
15,40.754121,-73.982407,24,0.7201
15,40.754204,-73.982605,25,0.7392
15,40.754639,-73.983634,26,0.8385
15,40.754779,-73.983968,27,0.8706
15,40.754842,-73.984118,28,0.8851
15,40.754901,-73.984257,29,0.8985
15,40.755124,-73.984783,30,0.9492
15,40.755138,-73.984816,31,0.9524
15,40.75514,-73.984821,32,0.9529
15,40.75517,-73.984894,33,0.9599
15,40.755195,-73.984952,34,0.9655
15,40.755219,-73.985009,35,0.971
15,40.755469,-73.985602,36,1.0282
15,40.75565,-73.986032,37,1.0696
15,40.75568,-73.986103,38,1.0765
15,40.755751,-73.986272,39,1.0928
15,40.755812,-73.986417,40,1.1067
15,40.755849,-73.986507,41,1.1153
15,40.75598,-73.986817,42,1.1452
15,40.756005,-73.986874,43,1.1508
15,40.756036,-73.986949,44,1.158
15,40.756087,-73.987069,45,1.1696
15,40.756137,-73.987189,46,1.1811
15,40.756262,-73.987484,47,1.2096
15,40.756306,-73.987589,48,1.2197
15,40.756657,-73.988422,49,1.3
15,40.75677,-73.988692,50,1.326
15,40.757233,-73.989791,51,1.4319
15,40.757459,-73.990333,52,1.484
15,40.75755,-73.990274,53,1.4953
15,40.757459,-73.990333,54,1.5065
15,40.757598,-73.990666,55,1.5386
15,40.757862,-73.991283,56,1.5983
15,40.758222,-73.992138,57,1.6806
15,40.758355,-73.992452,58,1.7109
15,40.758389,-73.992534,59,1.7188
15,40.758433,-73.992646,60,1.7294
15,40.758601,-73.993043,61,1.7677
15,40.758979,-73.993936,62,1.8539
15,40.759041,-73.99408,63,1.8679
15,40.759626,-73.995473,64,2.002
15,40.759788,-73.995843,65,2.038
15,40.759848,-73.995979,66,2.0513
15,40.760017,-73.99635,67,2.0877
15,40.760372,-73.997193,68,2.169
15,40.760432,-73.997333,69,2.1825
15,40.760599,-73.997755,70,2.2226
15,40.760754,-73.998125,71,2.2582
15,40.760773,-73.998171,72,2.2626
15,40.760808,-73.998243,73,2.2698
15,40.762110133681006,-74.00127653624996,74,2.5635
15,40.762116821216125,-74.00134028383579,75,2.5689
15,40.76171942622247,-74.00169005910249,76,2.622
15,40.7607206354555,-74.00246262777944,77,2.7508
15,40.760750883713825,-74.00260579332442,78,2.7633
15,40.76078441815875,-74.00271278705225,79,2.773
15,40.760755075520365,-74.00280133358584,80,2.7812
15,40.76038479825658,-74.0030780415034,81,2.8285
15,40.76069,-74.003803,82,2.8983
16,40.76062395229,-74.003851516287,0,0.0
16,40.760349218,-74.003083772,1,0.0715
16,40.75994970387384,-74.00337465799848,2,0.1222
16,40.75953118929834,-74.00368576613164,3,0.1757
16,40.75945201056899,-74.00372061024251,4,0.1849
16,40.75940110990743,-74.00369074386208,5,0.1911
16,40.75931816059787,-74.00351652330926,6,0.2085
16,40.759240866829884,-74.00330994751131,7,0.2279
16,40.759233325969916,-74.00320292631507,8,0.2369
16,40.75926914504814,-74.00312079376884,9,0.2449
16,40.760555558,-74.002177694,10,0.4085
16,40.760618703,-74.00212485,11,0.4168
16,40.761367801,-74.001597785,12,0.5112
16,40.761923,-74.001092,13,0.5862
16,40.761969,-74.001037,14,0.5931
16,40.761926,-74.000905,15,0.6052
16,40.761816,-74.000639,16,0.6308
16,40.761694,-74.000348,17,0.6588
16,40.761459,-73.999786,18,0.7128
16,40.76109,-73.9989,19,0.798
16,40.760904,-73.998453,20,0.8409
16,40.760855,-73.998348,21,0.8513
16,40.760808,-73.998243,22,0.8616
16,40.760773,-73.998171,23,0.8688
16,40.760631,-73.997832,24,0.9014
16,40.760599,-73.997755,25,0.9088
16,40.760432,-73.997333,26,0.9489
16,40.760372,-73.997193,27,0.9625
16,40.760017,-73.99635,28,1.0437
16,40.759848,-73.995979,29,1.0802
16,40.759626,-73.995473,30,1.1294
16,40.759488,-73.995144,31,1.1611
16,40.759041,-73.99408,32,1.2636
16,40.758979,-73.993936,33,1.2775
16,40.758433,-73.992646,34,1.402
16,40.758389,-73.992534,35,1.4126
16,40.758355,-73.992452,36,1.4205
16,40.758306,-73.992336,37,1.4317
16,40.758222,-73.992138,38,1.4508
16,40.757862,-73.991283,39,1.5332
16,40.757598,-73.990666,40,1.5929
16,40.757459,-73.990333,41,1.6249
16,40.757233,-73.989791,42,1.677
16,40.757131,-73.989549,43,1.7003
16,40.75677,-73.988692,44,1.7829
16,40.756657,-73.988422,45,1.8089
16,40.756262,-73.987484,46,1.8993
16,40.756137,-73.987189,47,1.9278
16,40.756136,-73.987185,48,1.9281
16,40.756087,-73.987069,49,1.9393
16,40.756036,-73.986949,50,1.9509
16,40.756005,-73.986874,51,1.9581
16,40.75598,-73.986817,52,1.9637
16,40.755849,-73.986507,53,1.9936
16,40.755812,-73.986417,54,2.0022
16,40.755751,-73.986272,55,2.0162
16,40.75565,-73.986032,56,2.0393
16,40.755469,-73.985602,57,2.0807
16,40.755219,-73.985009,58,2.1379
16,40.755195,-73.984952,59,2.1434
16,40.75517,-73.984894,60,2.149
16,40.75514,-73.984821,61,2.156
16,40.755124,-73.984783,62,2.1597
16,40.754901,-73.984257,63,2.2104
16,40.754842,-73.984118,64,2.2238
16,40.754779,-73.983968,65,2.2383
16,40.754639,-73.983634,66,2.2704
16,40.754361,-73.982977,67,2.3338
16,40.754204,-73.982605,68,2.3697
16,40.754121,-73.982407,69,2.3888
16,40.753533,-73.981024,70,2.5224
16,40.753466,-73.980846,71,2.5391
16,40.753435,-73.980763,72,2.5469
16,40.752856,-73.979394,73,2.679
16,40.752813,-73.97929,74,2.6889
16,40.752761,-73.979172,75,2.7004
16,40.752673,-73.978968,76,2.7202
16,40.752608,-73.978828,77,2.734
16,40.75252,-73.97864,78,2.7527
16,40.752445,-73.978465,79,2.7696
16,40.752414,-73.978392,80,2.7766
16,40.752383,-73.978318,81,2.7838
16,40.752156,-73.977787,82,2.8351
16,40.752119,-73.977691,83,2.8442
16,40.75207,-73.977572,84,2.8556
16,40.751913,-73.977189,85,2.8923
16,40.751896,-73.977148,86,2.8962
16,40.751761,-73.976821,87,2.9276
16,40.751437,-73.976057,88,3.0014
16,40.750877,-73.976454,89,3.072
16,40.750772,-73.976528,90,3.0853
16,40.750566,-73.976042,91,3.1322
16,40.750327,-73.975479,92,3.1865
16,40.750109,-73.974959,93,3.2366
16,40.750765,-73.974461,94,3.3208
16,40.751019,-73.975061,95,3.3787
17,40.75234103125,-74.020643022026,0,0.0
17,40.75205873183995,-74.01931107972327,1,0.1165
17,40.75173815909096,-74.01782997027576,2,0.2463
17,40.751177153061064,-74.01685138010474,3,0.3496
17,40.75001505408568,-74.01626951567842,4,0.4878
17,40.74852456513645,-74.01579520402116,5,0.6583
17,40.74734238263596,-74.01537202989373,6,0.7945
17,40.72118090750371,-74.02132850970803,7,3.7465
17,40.7183558839514,-74.0210832866816,8,4.0613
17,40.716943327215546,-74.0201514391815,9,4.2369
17,40.71549356676766,-74.01921959168142,10,4.4163
17,40.714932739,-74.017375046,11,4.5838
18,40.714932739104626,-74.0173750458923,0,0.0
18,40.75234103125,-74.020643022026,1,4.1687
19,40.760522696128696,-73.96793171369498,0,0.0
19,40.760447,-73.967988,1,0.0097
19,40.760593,-73.96833,2,0.0427
19,40.76084,-73.96892,3,0.0995
19,40.760929,-73.969132,4,0.1199
19,40.76125,-73.969892,5,0.1932
19,40.761571,-73.970655,6,0.2667
19,40.761658,-73.970862,7,0.2867
19,40.761731,-73.971033,8,0.3032
19,40.762306,-73.972389,9,0.4341
19,40.76248,-73.972799,10,0.4737
19,40.762959,-73.973931,11,0.5829
19,40.763222,-73.974561,12,0.6434
19,40.763878,-73.976136,13,0.7948
19,40.764324,-73.977196,14,0.8969
19,40.764505,-73.977626,15,0.9384
19,40.764535,-73.977696,16,0.9452
19,40.765045,-73.978905,17,1.0617
19,40.765521,-73.980036,18,1.1707
19,40.765639,-73.980315,19,1.1976
19,40.765709,-73.980479,20,1.2134
19,40.765878,-73.980877,21,1.2519
19,40.766239,-73.981736,22,1.3346
19,40.766254,-73.981771,23,1.338
19,40.766301,-73.981893,24,1.3495
19,40.766342,-73.981993,25,1.3591
19,40.766458,-73.982266,26,1.3854
19,40.766716,-73.982873,27,1.4441
19,40.767071,-73.983719,28,1.5255
19,40.767097,-73.983781,29,1.5315
19,40.767259,-73.984163,30,1.5684
19,40.767283,-73.984222,31,1.574
19,40.767363,-73.984411,32,1.5922
19,40.767881,-73.985636,33,1.7104
19,40.767916,-73.985718,34,1.7183
19,40.768067,-73.986076,35,1.7528
19,40.769062,-73.98843,36,1.9798
19,40.769117,-73.988561,37,1.9925
19,40.769174,-73.988694,38,2.0053
19,40.769286,-73.988959,39,2.0309
19,40.77034184611347,-73.99142103760738,40,2.2691
19,40.769632145806185,-73.9918426172061,41,2.3557
19,40.76973918308343,-73.99212637600039,42,2.3824
19,40.77082506113979,-73.99464733397878,43,2.6266
19,40.77035461958454,-73.99471599116555,44,2.6792
19,40.76991141107209,-73.99481080347088,45,2.7292
19,40.76946776282108,-73.99500356315741,46,2.7811
19,40.76767084999659,-73.99627528820574,47,3.0078
19,40.76493081934851,-73.99826812493274,48,3.3556
19,40.76386805531948,-73.99902625104275,49,3.49
19,40.76346513903579,-73.99933423159477,50,3.5417
19,40.762814812862956,-74.00024884050559,51,3.6474
19,40.76212472893877,-74.00122832541776,52,3.76
19,40.76184197350844,-74.0015549714576,53,3.8018
19,40.76117042454129,-74.00204027414529,54,3.8869
19,40.760647790842114,-74.00241361557686,55,3.953
19,40.7607101215722,-74.00255326082676,56,3.9667
19,40.760758071392246,-74.00270315465409,57,3.9804
19,40.760750481115224,-74.00277580638806,58,3.9866
19,40.760687861298294,-74.00284344765724,59,3.9956
19,40.76038614680826,-74.00306140285747,60,4.0338
20,40.76062395229,-74.003851516287,0,0.0
20,40.760314453395495,-74.00292911574795,1,0.085
20,40.76052059890003,-74.0027688445848,2,0.1116
20,40.76060076642338,-74.00271441286917,3,0.1216
20,40.7606671908695,-74.002641837249,4,0.1312
20,40.760703838811594,-74.0025722856119,5,0.1383
20,40.7605573011466,-74.0021931552304,6,0.1742
20,40.7616680423422,-74.0013837750937,7,0.3152
20,40.7623075885073,-74.0005971442799,8,0.4124
20,40.7634062816519,-73.999168218579,9,0.5839
20,40.7638544995061,-73.998785728365,10,0.6433
20,40.765390442657,-73.9976382577276,11,0.8395
20,40.766975169083,-73.9964807947999,12,1.0409
20,40.7688583821416,-73.9951284661092,13,1.2792
20,40.7695117271213,-73.9945832983933,14,1.3652
20,40.7698492345942,-73.9943258128103,15,1.4085
20,40.7708354966092,-73.9941871667273,16,1.5188
20,40.7710492472796,-73.9941475535608,17,1.5428
20,40.7712929972085,-73.9939544393734,18,1.5744
20,40.7712731197356,-73.9937267257037,19,1.5937
20,40.7711857893062,-73.9934710280457,20,1.6174
20,40.770146,-73.990992,21,1.856
20,40.770056,-73.99078,22,1.8765
20,40.769174,-73.988694,23,2.0776
20,40.769117,-73.988561,24,2.0905
20,40.769062,-73.98843,25,2.1031
20,40.768954,-73.988175,26,2.1277
20,40.767916,-73.985718,27,2.3647
20,40.767881,-73.985636,28,2.3726
20,40.767784,-73.985406,29,2.3948
20,40.767363,-73.984411,30,2.4907
20,40.767283,-73.984222,31,2.509
20,40.767259,-73.984163,32,2.5146
20,40.767097,-73.983781,33,2.5515
20,40.767071,-73.983719,34,2.5575
20,40.766716,-73.982873,35,2.6389
20,40.7665,-73.982364,36,2.688
20,40.766342,-73.981993,37,2.7239
20,40.766301,-73.981893,38,2.7335
20,40.766254,-73.981771,39,2.745
20,40.766239,-73.981736,40,2.7484
20,40.765878,-73.980877,41,2.8311
20,40.765709,-73.980479,42,2.8695
20,40.765659,-73.980362,43,2.8809
20,40.765639,-73.980315,44,2.8854
20,40.765521,-73.980036,45,2.9123
20,40.765045,-73.978905,46,3.0213
20,40.764505,-73.977626,47,3.1446
20,40.764324,-73.977196,48,3.186
20,40.764153,-73.976789,49,3.2252
20,40.763878,-73.976136,50,3.2881
20,40.763093,-73.974253,51,3.4692
20,40.762959,-73.973931,52,3.5001
20,40.762362,-73.972522,53,3.6361
20,40.762306,-73.972389,54,3.6489
20,40.761739,-73.971052,55,3.778
20,40.761658,-73.970862,56,3.7963
20,40.761571,-73.970655,57,3.8163
20,40.76125,-73.969892,58,3.8898
20,40.760929,-73.969132,59,3.9631
20,40.760292,-73.969596,60,4.044
20,40.760253,-73.969624,61,4.0489
20,40.759593,-73.968058,62,4.1998
20,40.759672,-73.968002,63,4.2098
20,40.760267,-73.967566,64,4.2855
20,40.760447,-73.967988,65,4.3263
21,40.7345695617,-74.026329705863,0,0.0
21,40.7149327391046,-74.0173750458923,1,2.3102
22,40.714932739104626,-74.0173750458923,0,0.0
22,40.7345695617,-74.026329705863,1,2.3102
23,40.72569951551581,-73.99707603038688,0,0.0
23,40.725648,-73.99712,1,0.0068
23,40.72571,-73.997246,2,0.0195
23,40.72583,-73.99749,3,0.044
23,40.725871,-73.997574,4,0.0524
23,40.725902,-73.997636,5,0.0587
23,40.726183,-73.998205,6,0.1159
23,40.7262,-73.99824,7,0.1194
23,40.726234,-73.998309,8,0.1263
23,40.726267,-73.998376,9,0.1331
23,40.726609,-73.99907,10,0.2028
23,40.726794,-73.999446,11,0.2406
23,40.726875,-73.99961,12,0.2571
23,40.72692,-73.999702,13,0.2663
23,40.726958,-73.999779,14,0.2741
23,40.727003,-73.999869,15,0.2832
23,40.727045,-73.999956,16,0.2919
23,40.727321,-74.000516,17,0.3481
23,40.727353,-74.00058,18,0.3546
23,40.727386,-74.000648,19,0.3614
23,40.727696,-74.001277,20,0.4246
23,40.727733,-74.001352,21,0.4322
23,40.727761,-74.001408,22,0.4378
23,40.728015,-74.001924,23,0.4897
23,40.728066,-74.002028,24,0.5001
23,40.728102,-74.002101,25,0.5075
23,40.728136,-74.00217,26,0.5144
23,40.728234,-74.00236,27,0.5338
23,40.728237,-74.002369,28,0.5346
23,40.728315,-74.002606,29,0.5564
23,40.728354,-74.002721,30,0.567
23,40.728374,-74.002849,31,0.578
23,40.728385,-74.002957,32,0.5872
23,40.728394,-74.003086,33,0.5981
23,40.728405,-74.003159,34,0.6044
23,40.728604,-74.005173,35,0.7755
23,40.728618,-74.005311,36,0.7872
23,40.728631,-74.005465,37,0.8003
23,40.728673,-74.005963,38,0.8425
23,40.728757,-74.006967,39,0.9276
23,40.728766,-74.007074,40,0.9367
23,40.72878,-74.007221,41,0.9492
23,40.72881,-74.007547,42,0.9769
23,40.728899,-74.008493,43,1.0572
23,40.728908,-74.008594,44,1.0658
23,40.728918,-74.008698,45,1.0746
23,40.728971,-74.009248,46,1.1213
23,40.728981,-74.00935,47,1.13
23,40.72899,-74.009434,48,1.1371
23,40.729097,-74.010427,49,1.2216
23,40.729111,-74.010555,50,1.2325
23,40.729217,-74.010543,51,1.2444
23,40.729727,-74.010485,52,1.3013
23,40.729823,-74.010478,53,1.312
23,40.730569,-74.010403,54,1.3952
23,40.731188,-74.010345,55,1.4642
23,40.731287,-74.010338,56,1.4752
23,40.731376,-74.010332,57,1.4851
23,40.732007,-74.010272,58,1.5555
23,40.732302,-74.010246,59,1.5883
23,40.732418,-74.010236,60,1.6013
23,40.732577,-74.010219,61,1.619
23,40.732908,-74.010185,62,1.6559
23,40.733145,-74.01016,63,1.6823
23,40.733809,-74.010101,64,1.7564
23,40.733869,-74.010097,65,1.763
23,40.733958,-74.010089,66,1.773
23,40.734219,-74.010066,67,1.802
23,40.734543,-74.010037,68,1.8381
23,40.73523,-74.009978,69,1.9147
23,40.735315,-74.009971,70,1.9242
23,40.735399,-74.009963,71,1.9335
23,40.735974,-74.00992,72,1.9976
23,40.736949,-74.009834,73,2.1062
23,40.737468,-74.009799,74,2.164
23,40.737557,-74.009807,75,2.1739
23,40.737636,-74.009811,76,2.1827
23,40.738022,-74.009843,77,2.2257
23,40.73853,-74.009895,78,2.2824
23,40.738812,-74.009906,79,2.3138
23,40.73899,-74.009905,80,2.3336
23,40.739297,-74.009851,81,2.368
23,40.739421,-74.009808,82,2.3822
23,40.739564,-74.009748,83,2.3989
23,40.739713,-74.009671,84,2.4167
23,40.740504,-74.009215,85,2.5127
23,40.740746,-74.009115,86,2.5409
23,40.740976,-74.009038,87,2.5673
23,40.741488,-74.008903,88,2.6253
23,40.74188,-74.008799,89,2.6698
23,40.742198,-74.008716,90,2.7058
23,40.742324,-74.008689,91,2.72
23,40.743042,-74.008554,92,2.8007
23,40.743169,-74.008537,93,2.8149
23,40.743324,-74.008508,94,2.8323
23,40.743396,-74.008495,95,2.8404
23,40.743852,-74.00841,96,2.8916
23,40.743959,-74.00839,97,2.9036
23,40.744508,-74.008288,98,2.9652
23,40.744575,-74.008276,99,2.9728
23,40.744689,-74.008254,100,2.9856
23,40.74524,-74.008152,101,3.0474
23,40.745386,-74.008125,102,3.0638
23,40.746078,-74.008002,103,3.1415
23,40.746795,-74.00786,104,3.2221
23,40.746868,-74.007849,105,3.2303
23,40.747504,-74.007731,106,3.3017
23,40.747747,-74.007689,107,3.3289
23,40.748188,-74.007636,108,3.3782
23,40.748283,-74.00763,109,3.3887
23,40.748377,-74.007631,110,3.3992
23,40.748462,-74.007638,111,3.4087
23,40.748607,-74.00766,112,3.4249
23,40.748719,-74.007688,113,3.4376
23,40.748845,-74.007728,114,3.452
23,40.748945,-74.007772,115,3.4637
23,40.749047,-74.007819,116,3.4757
23,40.749207,-74.007908,117,3.495
23,40.749257,-74.007938,118,3.5011
23,40.749545,-74.008095,119,3.5358
23,40.749674,-74.008161,120,3.5512
23,40.749784,-74.008203,121,3.5639
23,40.749925,-74.008247,122,3.58
23,40.750039,-74.008271,123,3.5928
23,40.750132,-74.008282,124,3.6032
23,40.750233,-74.008278,125,3.6145
23,40.750399,-74.008267,126,3.6329
23,40.750514,-74.008253,127,3.6458
23,40.750612,-74.008236,128,3.6568
23,40.750711,-74.008207,129,3.6681
23,40.750809,-74.008175,130,3.6793
23,40.75159,-74.007871,131,3.7698
23,40.751721,-74.007821,132,3.785
23,40.752199,-74.007632,133,3.8405
23,40.752386,-74.007558,134,3.8622
23,40.753083,-74.007299,135,3.9427
23,40.753679,-74.007082,136,4.0114
23,40.753782,-74.007039,137,4.0234
23,40.753893,-74.006994,138,4.0364
23,40.753986,-74.006947,139,4.0474
23,40.754078,-74.006899,140,4.0584
23,40.754175,-74.006839,141,4.0703
23,40.754355,-74.006713,142,4.093
23,40.754461,-74.006634,143,4.1065
23,40.754899,-74.006309,144,4.1624
23,40.756296,-74.005293,145,4.3398
23,40.756652,-74.005034,146,4.385
23,40.756845,-74.004893,147,4.4095
23,40.756971,-74.004801,148,4.4255
23,40.757131,-74.004688,149,4.4457
23,40.758201,-74.00391,150,4.5815
23,40.758319,-74.003825,151,4.5964
23,40.758586,-74.003629,152,4.6304
23,40.759251,-74.003146,153,4.7148
23,40.759569,-74.002911,154,4.7553
23,40.76054067703137,-74.00217223528776,155,4.88
23,40.76075067515981,-74.00266607947948,156,4.9277
23,40.760757237590354,-74.00275271881165,157,4.935
23,40.760711300561326,-74.00281336634418,158,4.9423
23,40.76035692812519,-74.0030732843396,159,4.9873
24,40.7431023772244,-73.99301286768404,0,0.0
24,40.743016,-73.993077,1,0.011
24,40.743932,-73.995249,2,0.2204
24,40.74407,-73.995575,3,0.2519
24,40.744099,-73.995645,4,0.2586
24,40.744281,-73.996077,5,0.3003
24,40.744315,-73.996158,6,0.3081
24,40.745293,-73.998481,7,0.5319
24,40.745325,-73.998558,8,0.5393
24,40.745342,-73.998597,9,0.5431
24,40.745487,-73.998942,10,0.5764
24,40.745774,-73.999623,11,0.642
24,40.746432,-74.00119,12,0.793
24,40.746455,-74.001245,13,0.7982
24,40.746508,-74.001369,14,0.8102
24,40.746553,-74.001474,15,0.8204
24,40.746718,-74.001866,16,0.8582
24,40.74769,-74.004168,17,1.0802
24,40.747855,-74.004554,18,1.1175
24,40.747928,-74.004724,19,1.134
24,40.748831,-74.006867,20,1.3406
24,40.748887,-74.007003,21,1.3536
24,40.748977,-74.006949,22,1.3646
24,40.749238,-74.006756,23,1.3978
24,40.749438,-74.006616,24,1.423
24,40.749468,-74.0066,25,1.4266
24,40.749532,-74.006577,26,1.434
24,40.749581,-74.006695,27,1.4453
24,40.749876,-74.007398,28,1.513
24,40.750033,-74.007774,29,1.5492
24,40.750198,-74.008171,30,1.5873
24,40.750216,-74.008219,31,1.5918
24,40.750233,-74.008278,32,1.5972
24,40.750399,-74.008267,33,1.6156
24,40.750514,-74.008253,34,1.6285
24,40.750612,-74.008236,35,1.6395
24,40.750711,-74.008207,36,1.6508
24,40.750809,-74.008175,37,1.662
24,40.75159,-74.007871,38,1.7525
24,40.751721,-74.007821,39,1.7677
24,40.752199,-74.007632,40,1.8232
24,40.752386,-74.007558,41,1.8449
24,40.753083,-74.007299,42,1.9254
24,40.753679,-74.007082,43,1.9941
24,40.753782,-74.007039,44,2.0061
24,40.753893,-74.006994,45,2.0191
24,40.753986,-74.006947,46,2.0301
24,40.754078,-74.006899,47,2.0411
24,40.754175,-74.006839,48,2.053
24,40.754355,-74.006713,49,2.0757
24,40.754461,-74.006634,50,2.0892
24,40.754899,-74.006309,51,2.1451
24,40.756296,-74.005293,52,2.3225
24,40.756652,-74.005034,53,2.3677
24,40.756845,-74.004893,54,2.3922
24,40.756971,-74.004801,55,2.4082
24,40.757131,-74.004688,56,2.4284
24,40.758201,-74.00391,57,2.5642
24,40.758319,-74.003825,58,2.5791
24,40.758586,-74.003629,59,2.6131
24,40.759251,-74.003146,60,2.6975
24,40.759569,-74.002911,61,2.738
24,40.76054067703137,-74.00217223528776,62,2.8627
24,40.76075067515981,-74.00266607947948,63,2.9104
24,40.760757237590354,-74.00275271881165,64,2.9178
24,40.760711300561326,-74.00281336634418,65,2.925
24,40.76035692812519,-74.0030732843396,66,2.9701
25,40.76062395229,-74.003851516287,0,0.0
25,40.760353576199634,-74.00308859783482,1,0.0709
25,40.759532305362825,-74.00368849305512,2,0.1753
25,40.759460278360166,-74.00372028421836,3,0.1838
25,40.7593963264471,-74.00368029120415,4,0.1916
25,40.759275154233876,-74.00342700211091,5,0.2169
25,40.758404329104366,-74.00406936834078,6,0.3278
25,40.754590692218926,-74.00682606754242,7,0.8112
25,40.75420416161879,-74.00713199555791,8,0.8614
25,40.752788369481834,-74.00766918467484,9,1.0252
25,40.7506991263528,-74.00846665091582,10,1.267
25,40.75028567908922,-74.00849831989204,11,1.313
25,40.75021192036607,-74.00824409359339,12,1.336
25,40.74952759942303,-74.0065943271855,13,1.4944
25,40.749396471252396,-74.00665923602784,14,1.51
25,40.74888469120785,-74.00700949027133,15,1.5741
25,40.747517,-74.003759,16,1.8873
25,40.746553,-74.001474,17,2.1076
25,40.746508,-74.001369,18,2.1178
25,40.746455,-74.001245,19,2.1298
25,40.746432,-74.00119,20,2.1351
25,40.746233,-74.000717,21,2.1807
25,40.745774,-73.999623,22,2.286
25,40.745342,-73.998597,23,2.3849
25,40.745325,-73.998558,24,2.3887
25,40.745293,-73.998481,25,2.3961
25,40.745131,-73.998097,26,2.4331
25,40.744281,-73.996077,27,2.6278
25,40.744099,-73.995645,28,2.6694
25,40.74407,-73.995575,29,2.6761
25,40.743932,-73.995249,30,2.7076
25,40.743908,-73.995193,31,2.713
25,40.742901,-73.992805,32,2.9432
25,40.742503,-73.991861,33,3.0343
25,40.742323,-73.991433,34,3.0755
25,40.741603,-73.989723,35,3.2403
25,40.741601,-73.989717,36,3.2409
25,40.741556,-73.989593,37,3.2525
25,40.74153,-73.989514,38,3.2597
25,40.741512,-73.989463,39,3.2644
25,40.741407,-73.989214,40,3.2885
25,40.741371,-73.989133,41,3.2964
25,40.741318,-73.989027,42,3.3071
25,40.741218,-73.988787,43,3.3301
25,40.741159,-73.988646,44,3.3437
25,40.741155,-73.988637,45,3.3446
25,40.741149,-73.988621,46,3.3461
25,40.741103,-73.98851,47,3.3568
25,40.741039,-73.988358,48,3.3714
25,40.740998,-73.98826,49,3.3808
25,40.74094,-73.98812,50,3.3943
25,40.740884,-73.987984,51,3.4073
25,40.740838,-73.987876,52,3.4178
25,40.740444,-73.986957,53,3.5067
25,40.740211,-73.986413,54,3.5594
25,40.739541,-73.986902,55,3.6445
25,40.739294,-73.987082,56,3.6759
25,40.738918,-73.987355,57,3.7236
25,40.738338,-73.987778,58,3.7973
25,40.737753,-73.988204,59,3.8716
25,40.73717,-73.988629,60,3.9456
25,40.736639,-73.989016,61,4.0131
25,40.736576,-73.989062,62,4.0211
25,40.73653,-73.989096,63,4.0269
25,40.736397,-73.989196,64,4.044
25,40.736065,-73.989443,65,4.0863
25,40.736012,-73.989483,66,4.0931
25,40.736001,-73.989492,67,4.0946
25,40.735942,-73.989537,68,4.1022
25,40.735458,-73.989899,69,4.164
25,40.735426,-73.989923,70,4.1681
25,40.735365,-73.989971,71,4.176
25,40.735332,-73.989996,72,4.1802
25,40.735312,-73.990011,73,4.1828
25,40.735258,-73.990054,74,4.1898
25,40.735227,-73.990087,75,4.1942
25,40.735164,-73.990163,76,4.2037
25,40.735124,-73.990209,77,4.2096
25,40.735077,-73.99028,78,4.2176
25,40.735026,-73.990366,79,4.2268
25,40.734972,-73.990472,80,4.2375
25,40.734871,-73.990666,81,4.2574
25,40.734787,-73.990735,82,4.2684
25,40.734704,-73.990798,83,4.279
25,40.734602,-73.990826,84,4.2906
25,40.734556,-73.990835,85,4.2958
25,40.734441,-73.990859,86,4.3087
25,40.734142,-73.990928,87,4.3425
25,40.73405,-73.990949,88,4.3528
25,40.733981,-73.990953,89,4.3605
25,40.733916,-73.990959,90,4.3678
25,40.733268,-73.991102,91,4.4408
25,40.733151,-73.991128,92,4.454
25,40.732518,-73.991273,93,4.5255
25,40.732449,-73.991289,94,4.5332
25,40.732398,-73.9913,95,4.539
25,40.732169,-73.991351,96,4.5648
25,40.731825,-73.991426,97,4.6036
25,40.7318,-73.991437,98,4.6065
25,40.731744,-73.991462,99,4.6131
25,40.731679,-73.991501,100,4.621
25,40.731665,-73.99151,101,4.6228
25,40.731228,-73.99187,102,4.68
25,40.731166,-73.991921,103,4.6882
25,40.731117,-73.991964,104,4.6947
25,40.730646,-73.992362,105,4.7569
25,40.730601,-73.9924,106,4.7628
25,40.730546,-73.992446,107,4.7701
25,40.730179,-73.992756,108,4.8185
25,40.730079,-73.992841,109,4.8318
25,40.730014,-73.992896,110,4.8403
25,40.729705,-73.993156,111,4.8811
25,40.729675,-73.993182,112,4.8851
25,40.729635,-73.993216,113,4.8904
25,40.72958,-73.993262,114,4.8976
25,40.729524,-73.993309,115,4.905
25,40.729322,-73.993481,116,4.9317
25,40.729071,-73.993694,117,4.9649
25,40.729008,-73.993747,118,4.9732
25,40.728952,-73.993794,119,4.9806
25,40.728468,-73.994204,120,5.0446
25,40.728412,-73.994252,121,5.052
25,40.728365,-73.994292,122,5.0582
25,40.727923,-73.994668,123,5.1167
25,40.727909,-73.99468,124,5.1185
25,40.727875,-73.994708,125,5.123
25,40.727827,-73.99475,126,5.1294
25,40.727765,-73.994802,127,5.1376
25,40.727432,-73.995085,128,5.1816
25,40.72727,-73.99522,129,5.2029
25,40.727211,-73.99527,130,5.2107
25,40.727156,-73.995316,131,5.2179
25,40.72658,-73.995803,132,5.294
25,40.726546,-73.995831,133,5.2985
25,40.726527,-73.995847,134,5.301
25,40.726478,-73.995889,135,5.3075
25,40.726244,-73.996087,136,5.3384
25,40.726233,-73.996096,137,5.3398
25,40.726226,-73.996102,138,5.3408
25,40.726092,-73.996215,139,5.3584
25,40.725908,-73.996371,140,5.3828
25,40.725572,-73.996654,141,5.4271
25,40.725501,-73.996715,142,5.4365
25,40.725534,-73.996836,143,5.4473
25,40.725585,-73.996993,144,5.4617
25,40.725648,-73.99712,145,5.4745
26,40.76062395229,-74.003851516287,0,0.0
26,40.760239069400626,-74.00316700067886,1,0.0718
26,40.759489272373145,-74.00370855649655,2,0.1668
26,40.759415608015814,-74.00371307657434,3,0.175
26,40.75934163646801,-74.00358434609284,4,0.1886
26,40.7592811142315,-74.0034156647728,5,0.2044
26,40.75906256125225,-74.00357990711089,6,0.2323
26,40.75822683811012,-74.00419061450039,7,0.3385
26,40.754554871662606,-74.00685176145403,8,0.8043
26,40.75173010018034,-74.00805326230402,9,1.1343
26,40.75048655852112,-74.00846793681198,10,1.277
26,40.750043057477455,-74.00847708418773,11,1.3263
26,40.74980744634456,-74.00844049468532,12,1.3527
26,40.74908270006415,-74.00803459193975,13,1.4402
26,40.74845208281661,-74.00783334967731,14,1.5123
26,40.748098657348066,-74.00786079180399,15,1.5517
26,40.74434590691345,-74.0085314283186,16,1.9728
26,40.74175848093239,-74.00902463105129,17,2.2635
26,40.7409692981135,-74.00920466083096,18,2.3525
26,40.74053108023659,-74.00937287892168,19,2.4033
26,40.73955872951049,-74.00995531289783,20,2.522
26,40.73892295404329,-74.01012313285707,21,2.5941
26,40.73866116238156,-74.01012313285729,22,2.6232
26,40.73751674672366,-74.0100244152339,23,2.7508
26,40.73703055110488,-74.01008364580976,24,2.805
26,40.734756604434324,-74.01023172224929,25,3.0582
26,40.73254990424584,-74.0104192857348,26,3.3041
26,40.729841921286294,-74.01068582331885,27,3.606
26,40.72949780506076,-74.00685557954111,28,3.931
26,40.72935566957938,-74.00552289162898,29,4.0444
26,40.72949032425339,-74.00512802113656,30,4.0809
26,40.73039549582205,-74.0022652100661,31,4.3423
26,40.73056755183498,-74.00170251961437,32,4.3934
26,40.730861,-74.001527,33,4.4293
26,40.731012,-74.001443,34,4.4475
26,40.731062,-74.001411,35,4.4537
26,40.731124,-74.00137,36,4.4614
26,40.73134,-74.001216,37,4.4887
26,40.731643,-74.000999,38,4.527
26,40.731706,-74.000954,39,4.535
26,40.731768,-74.000909,40,4.5429
26,40.731855,-74.000845,41,4.5539
26,40.732265,-74.000547,42,4.606
26,40.732315,-74.000511,43,4.6123
26,40.732373,-74.000469,44,4.6197
26,40.732876,-74.000104,45,4.6835
26,40.732929,-74.000066,46,4.6902
26,40.732989,-74.000022,47,4.6978
26,40.733151,-73.999903,48,4.7185
26,40.733169,-73.999889,49,4.7208
26,40.733573,-73.99959,50,4.7723
26,40.733663,-73.999523,51,4.7838
26,40.733762,-73.999453,52,4.7963
26,40.734079,-73.999226,53,4.8364
26,40.734146,-73.999182,54,4.8447
26,40.734216,-73.999128,55,4.8537
26,40.734684,-73.998787,56,4.9131
26,40.734716,-73.998763,57,4.9172
26,40.734784,-73.998714,58,4.9259
26,40.734852,-73.998666,59,4.9344
26,40.734989,-73.998569,60,4.9517
26,40.73499,-73.998568,61,4.9518
26,40.735031,-73.998539,62,4.957
26,40.735107,-73.998483,63,4.9667
26,40.73534,-73.998311,64,4.9964
26,40.735391,-73.998274,65,5.0029
26,40.73545,-73.998231,66,5.0104
26,40.735978,-73.997845,67,5.0775
26,40.736032,-73.997805,68,5.0844
26,40.736089,-73.997763,69,5.0916
26,40.736293,-73.997614,70,5.1175
26,40.736364,-73.997562,71,5.1266
26,40.736613,-73.997381,72,5.1582
26,40.736668,-73.997341,73,5.1652
26,40.736732,-73.997295,74,5.1733
26,40.737275,-73.996902,75,5.2421
26,40.737342,-73.996854,76,5.2506
26,40.737361,-73.99684,77,5.253
26,40.737371,-73.996833,78,5.2543
26,40.737462,-73.996766,79,5.2659
26,40.73771,-73.996583,80,5.2975
26,40.73781,-73.996509,81,5.3102
26,40.737892,-73.996449,82,5.3206
26,40.737934,-73.996418,83,5.326
26,40.737995,-73.996373,84,5.3338
26,40.738044,-73.996337,85,5.34
26,40.738111,-73.996289,86,5.3485
26,40.738686,-73.995874,87,5.4213
26,40.739272,-73.995446,88,5.4958
26,40.73942,-73.995338,89,5.5146
26,40.739764,-73.995088,90,5.5583
26,40.73986,-73.995018,91,5.5705
26,40.740442,-73.994593,92,5.6444
26,40.740981,-73.994203,93,5.7128
26,40.74103,-73.994167,94,5.719
26,40.741103,-73.994114,95,5.7283
26,40.741416,-73.993886,96,5.768
26,40.741562,-73.99378,97,5.7866
26,40.741617,-73.99374,98,5.7936
26,40.74168,-73.993694,99,5.8016
26,40.742233,-73.993292,100,5.8718
26,40.742901,-73.992805,101,5.9566
26,40.743016,-73.993077,102,5.9829
27,40.711274095477,-74.043428652676,0,0.0
27,40.71063321538372,-74.0380112794794,1,0.4621
27,40.71006704398579,-74.03378287943211,2,0.8241
27,40.70929525741613,-74.03091613273283,3,1.0805
27,40.706472011406845,-74.0276333459582,4,1.499
27,40.70105766657264,-74.02294499119662,5,2.2191
27,40.69768028742055,-74.0180613572128,6,2.7764
27,40.69658372188479,-74.01202663753541,7,3.2995
27,40.69743667824369,-74.00627329689854,8,3.7938
27,40.6996987950869,-74.0043273860012,9,4.0941
27,40.701564954246294,-74.00462023765601,10,4.303
27,40.702800820044,-74.005721223577,11,4.4689
28,40.702800820044,-74.005721223577,0,0.0
28,40.70178039920975,-74.00469080830156,1,0.1429
28,40.700271508929745,-74.00422433212735,2,0.3152
28,40.69812694968678,-74.00630491838216,3,0.6112
28,40.69716804894804,-74.01124968709554,4,1.0415
28,40.69836323734657,-74.01778185304472,5,1.608
28,40.702389691782,-74.02327876481667,6,2.2524
28,40.70655830616835,-74.026635979529,7,2.7955
28,40.70961666390244,-74.03232619986458,8,3.3834
28,40.71033063167661,-74.03548704184767,9,3.6614
28,40.711274095477,-74.043428652676,10,4.339
29,40.827924329813,-73.969713315575,0,0.0
29,40.826702291359055,-73.96861860519552,1,0.1642
29,40.814189333854216,-73.97351057816961,2,1.6152
29,40.76430554581739,-74.00886613290508,3,7.9101
29,40.71090093063509,-74.02634565959501,4,14.0284
29,40.70320713494158,-74.0269095152949,5,14.8852
29,40.69786369831408,-74.01647818485081,6,15.9465
29,40.6997873848797,-74.0074564936559,7,16.7365
29,40.702800820044,-74.005721223577,8,17.1021
30,40.702800820044,-74.005721223577,0,0.0
30,40.700390580721006,-74.00801688358624,1,0.3306
30,40.69801152961847,-74.01725118233699,2,1.1528
30,40.703012641546024,-74.02741007620463,3,2.1739
30,40.74883276531523,-74.01642330338888,4,7.3523
30,40.76904534586029,-74.00751589913092,5,9.7217
30,40.773391877559845,-74.0061767209043,6,10.218
30,40.81559421605843,-73.97295965858903,7,15.6806
30,40.82678215068526,-73.96865095895247,8,16.9764
30,40.827924329813,-73.969713315575,9,17.1317
31,40.76212132721564,-74.02810017447104,0,0.0
31,40.762142,-74.02817,1,0.0063
31,40.762574,-74.027944,2,0.058
31,40.762619,-74.027921,3,0.0633
31,40.762598,-74.027858,4,0.0691
31,40.762619,-74.027921,5,0.0749
31,40.762685,-74.027888,6,0.0828
31,40.763592,-74.027439,7,0.1905
31,40.763609,-74.027431,8,0.1925
31,40.763651,-74.027409,9,0.1975
31,40.763701,-74.027387,10,0.2034
31,40.763711,-74.027382,11,0.2046
31,40.764029,-74.027232,12,0.2421
31,40.764095,-74.027204,13,0.2498
31,40.764124,-74.027291,14,0.2578
31,40.764174,-74.027427,15,0.2706
31,40.764717,-74.028908,16,0.4092
31,40.764747,-74.028989,17,0.4167
31,40.764828,-74.028942,18,0.4266
31,40.765304,-74.028636,19,0.4855
31,40.765336,-74.028615,20,0.4894
31,40.765391,-74.02858,21,0.4962
31,40.765448,-74.028543,22,0.5033
31,40.76594,-74.028226,23,0.5642
31,40.765955,-74.028216,24,0.566
31,40.766026,-74.02817,25,0.5748
31,40.766109,-74.028119,26,0.585
31,40.766584,-74.027823,27,0.6434
31,40.766654,-74.02778,28,0.652
31,40.766719,-74.02774,29,0.66
31,40.767197,-74.02745,30,0.7185
31,40.767212,-74.027441,31,0.7203
31,40.767266,-74.027408,32,0.7269
31,40.76733,-74.027366,33,0.7349
31,40.767836,-74.027034,34,0.7977
31,40.767837,-74.027033,35,0.7978
31,40.76788,-74.027005,36,0.8032
31,40.767903,-74.02699,37,0.806
31,40.76798,-74.026939,38,0.8156
31,40.768025,-74.02691,39,0.8212
31,40.768056,-74.02689,40,0.825
31,40.76865,-74.026499,41,0.8988
31,40.768706,-74.026462,42,0.9058
31,40.768786,-74.02641,43,0.9157
31,40.768699,-74.026335,44,0.9272
31,40.768576,-74.026228,45,0.9436
31,40.768129,-74.025842,46,1.003
31,40.767804,-74.025559,47,1.0463
31,40.767793,-74.02555,48,1.0477
31,40.767736,-74.0255,49,1.0554
31,40.767661,-74.025446,50,1.0649
31,40.76759,-74.025392,51,1.074
31,40.767265,-74.025147,52,1.1156
31,40.767106,-74.02503,53,1.1358
31,40.767042,-74.024983,54,1.144
31,40.766986,-74.024944,55,1.151
31,40.766919,-74.024897,56,1.1594
31,40.766714,-74.02478,57,1.1843
31,40.766587,-74.024721,58,1.1992
31,40.766514,-74.024697,59,1.2076
31,40.76645,-74.024685,60,1.2148
31,40.766371,-74.024681,61,1.2236
31,40.766286,-74.024691,62,1.2331
31,40.765975,-74.024739,63,1.2679
31,40.765721,-74.024836,64,1.2973
31,40.765114,-74.025229,65,1.3725
31,40.765067,-74.02526,66,1.3783
31,40.76501,-74.0253,67,1.3855
31,40.764801,-74.025388,68,1.4099
31,40.764187,-74.025661,69,1.4819
31,40.76311,-74.026068,70,1.6065
31,40.762391,-74.026473,71,1.6934
31,40.760753,-74.027812,72,1.9076
31,40.760294,-74.028199,73,1.9682
31,40.760271,-74.028219,74,1.9712
31,40.760225,-74.028257,75,1.9773
31,40.76013583267894,-74.02832794537417,76,1.9889
31,40.760066770510264,-74.02795979588076,77,2.0208
31,40.760067639939706,-74.02795839513473,78,2.021
31,40.76005856790002,-74.02790449829536,79,2.0256
31,40.760055,-74.027882,80,2.0276
31,40.76003,-74.027742,81,2.0397
31,40.760009,-74.027608,82,2.0512
31,40.759959,-74.027299,83,2.0778
31,40.759914,-74.027019,84,2.1019
31,40.759896,-74.02691,85,2.1113
31,40.760036,-74.026873,86,2.1272
31,40.760163,-74.026835,87,2.1417
31,40.760271,-74.026802,88,2.154
31,40.760568,-74.026707,89,2.188
31,40.760837,-74.02661,90,2.219
31,40.761323,-74.026457,91,2.2746
31,40.761384,-74.026431,92,2.2817
31,40.761468,-74.026388,93,2.2917
31,40.761548,-74.02634,94,2.3015
31,40.761612,-74.026296,95,2.3095
31,40.76167,-74.026257,96,2.3167
31,40.761786,-74.026167,97,2.3317
31,40.761903,-74.026068,98,2.3472
31,40.761993,-74.02599,99,2.3591
31,40.762074,-74.025912,100,2.3703
31,40.762159,-74.025818,101,2.3826
31,40.762232,-74.025733,102,2.3934
31,40.762324,-74.025612,103,2.4079
31,40.762574,-74.025278,104,2.4474
31,40.762713,-74.025111,105,2.4683
31,40.762788,-74.025026,106,2.4793
31,40.762903,-74.024885,107,2.4968
31,40.763394,-74.024329,108,2.5687
31,40.764154,-74.023496,109,2.6785
31,40.764258,-74.023399,110,2.6927
31,40.764527,-74.023164,111,2.7285
31,40.764428,-74.023073,112,2.742
31,40.764247,-74.022706,113,2.7788
31,40.764196,-74.022611,114,2.7886
31,40.764121,-74.022473,115,2.8029
31,40.764079,-74.022394,116,2.8111
31,40.764029,-74.022281,117,2.8221
31,40.763997,-74.022186,118,2.8309
31,40.763971,-74.022074,119,2.8407
31,40.763957,-74.022003,120,2.8469
31,40.763915,-74.02178,121,2.8663
31,40.76387,-74.021537,122,2.8873
31,40.763813,-74.021354,123,2.904
31,40.763696,-74.021247,124,2.9198
31,40.76361,-74.021161,125,2.9318
31,40.763606,-74.021156,126,2.9324
31,40.763396,-74.020905,127,2.9639
31,40.763363,-74.020866,128,2.9688
31,40.763254,-74.020755,129,2.9841
31,40.763084,-74.020628,130,3.0059
31,40.763067,-74.020615,131,3.0081
31,40.762961,-74.020558,132,3.0208
31,40.762617,-74.020411,133,3.061
31,40.762475,-74.020353,134,3.0775
31,40.762426,-74.020337,135,3.0831
31,40.76234,-74.02033,136,3.0927
31,40.762276,-74.020341,137,3.0999
31,40.762169,-74.020396,138,3.1126
31,40.76201,-74.02051,139,3.1328
31,40.761936,-74.020568,140,3.1423
31,40.761818,-74.02066,141,3.1576
31,40.761754,-74.020709,142,3.1658
31,40.761446,-74.020948,143,3.2055
31,40.761399,-74.020985,144,3.2116
31,40.761338,-74.021034,145,3.2196
31,40.761208,-74.021134,146,3.2363
31,40.760997,-74.021298,147,3.2635
31,40.760387,-74.021772,148,3.3422
31,40.760328,-74.021817,149,3.3498
31,40.76015,-74.021953,150,3.3727
31,40.759524,-74.022438,151,3.4534
31,40.759394,-74.022539,152,3.4701
31,40.759299,-74.022613,153,3.4824
31,40.759047,-74.022808,154,3.5149
31,40.759025,-74.022841,155,3.5186
31,40.759007,-74.02287,156,3.5217
31,40.758986,-74.02298,157,3.5313
31,40.758988,-74.023079,158,3.5396
31,40.759063,-74.023248,159,3.5561
31,40.75918,-74.023513,160,3.582
31,40.759354,-74.023893,161,3.6194
31,40.759591,-74.024428,162,3.6716
31,40.759763,-74.02481,163,3.709
31,40.759786,-74.024893,164,3.7164
31,40.759897,-74.024813,165,3.7305
31,40.760013,-74.024726,166,3.7453
31,40.760072,-74.024682,167,3.7529
31,40.760573,-74.024308,168,3.8169
31,40.761407,-74.023663,169,3.9243
31,40.761784,-74.023372,170,3.9729
31,40.76182,-74.023344,171,3.9776
31,40.762108,-74.023122,172,4.0146
31,40.762218,-74.023037,173,4.0288
31,40.762503,-74.022818,174,4.0655
31,40.762609,-74.022733,175,4.0793
31,40.762697,-74.022658,176,4.0909
31,40.76279,-74.022572,177,4.1035
31,40.762871,-74.022486,178,4.1151
31,40.762956,-74.022387,179,4.1277
31,40.7631,-74.022216,180,4.1492
31,40.763207,-74.02209,181,4.1652
31,40.763351,-74.021926,182,4.1863
31,40.763451,-74.021812,183,4.201
31,40.763481,-74.021775,184,4.2056
31,40.763497,-74.021756,185,4.208
31,40.763561,-74.021679,186,4.2176
31,40.763645,-74.021578,187,4.2302
31,40.763665,-74.021551,188,4.2334
31,40.763813,-74.021354,189,4.2568
31,40.763928,-74.021112,190,4.2808
31,40.764601,-74.020258,191,4.3846
31,40.764673,-74.020161,192,4.3961
31,40.764906,-74.019966,193,4.4267
31,40.765278,-74.019706,194,4.4736
31,40.765462,-74.019645,195,4.4946
31,40.765855,-74.019387,196,4.5435
31,40.766162,-74.019099,197,4.5853
31,40.766258,-74.019083,198,4.5961
31,40.766567,-74.018861,199,4.6352
31,40.76669,-74.018773,200,4.6508
31,40.767058,-74.018505,201,4.6975
31,40.767194,-74.018405,202,4.7148
31,40.767391,-74.018248,203,4.7404
31,40.767707,-74.017984,204,4.782
31,40.767962,-74.017748,205,4.8166
31,40.769193,-74.016442,206,4.9922
31,40.769331,-74.016307,207,5.0113
31,40.769388,-74.016251,208,5.0192
31,40.769435,-74.016207,209,5.0256
31,40.769731,-74.015951,210,5.0649
31,40.770155,-74.015644,211,5.1187
31,40.770508,-74.015431,212,5.1619
31,40.770643,-74.015349,213,5.1784
31,40.770723,-74.015306,214,5.188
31,40.770895,-74.015218,215,5.2085
31,40.771767,-74.014775,216,5.3124
31,40.771811,-74.014752,217,5.3176
31,40.771985,-74.014664,218,5.3384
31,40.772433,-74.014427,219,5.392
31,40.77311,-74.013981,220,5.4762
31,40.773246,-74.013891,221,5.4931
31,40.77376,-74.01356,222,5.5567
31,40.773901,-74.013469,223,5.5741
31,40.774339,-74.013168,224,5.629
31,40.774465,-74.013082,225,5.6448
31,40.774563,-74.013015,226,5.6571
31,40.77483,-74.012833,227,5.6905
31,40.775096,-74.012634,228,5.7245
31,40.775127,-74.012609,229,5.7285
31,40.775227,-74.012528,230,5.7416
31,40.775396,-74.012385,231,5.7639
31,40.775483,-74.012315,232,5.7752
31,40.77585,-74.012039,233,5.8222
31,40.775944,-74.011945,234,5.8353
31,40.776116,-74.011784,235,5.8587
31,40.776513,-74.011471,236,5.9101
31,40.776559,-74.011436,237,5.916
32,40.7765006565427,-74.01130563605749,0,0.0
32,40.776559,-74.011436,1,0.0128
32,40.776666,-74.011352,2,0.0266
32,40.777034,-74.011064,3,0.0742
32,40.77713,-74.010989,4,0.0866
32,40.777539,-74.010665,5,0.1396
32,40.777912,-74.011491,6,0.2206
32,40.777999,-74.011685,7,0.2396
32,40.778106,-74.011915,8,0.2623
32,40.777932,-74.012013,9,0.2833
32,40.777649,-74.012149,10,0.3168
32,40.777549,-74.012181,11,0.3283
32,40.777427,-74.012206,12,0.342
32,40.777193,-74.012228,13,0.3681
32,40.776907,-74.012204,14,0.3999
32,40.776679,-74.012182,15,0.4253
32,40.776578,-74.012172,16,0.4366
32,40.776306,-74.01212,17,0.4672
32,40.776106,-74.012082,18,0.4896
32,40.775993,-74.012054,19,0.5024
32,40.77585,-74.012039,20,0.5184
32,40.775483,-74.012315,21,0.5653
32,40.775396,-74.012385,22,0.5767
32,40.775227,-74.012528,23,0.599
32,40.775096,-74.012634,24,0.6161
32,40.77483,-74.012833,25,0.6501
32,40.774563,-74.013015,26,0.6835
32,40.774339,-74.013168,27,0.7115
32,40.773901,-74.013469,28,0.7664
32,40.773246,-74.013891,29,0.8475
32,40.772433,-74.014427,30,0.9485
32,40.771985,-74.014664,31,1.0022
32,40.77192,-74.014518,32,1.0164
32,40.771853,-74.014374,33,1.0307
32,40.771836,-74.014337,34,1.0343
32,40.771616,-74.013831,35,1.0834
32,40.771612,-74.013821,36,1.0844
32,40.771596,-74.013763,37,1.0896
32,40.771593,-74.013704,38,1.0946
32,40.771602,-74.01363,39,1.1009
32,40.771626,-74.013584,40,1.1056
32,40.772015,-74.013301,41,1.155
32,40.772118458247604,-74.01324366728691,42,1.1674
32,40.77221436895343,-74.0134589657588,43,1.1885
32,40.77243256529388,-74.01394971962893,44,1.2364
32,40.77260280589715,-74.01432015964716,45,1.2729
32,40.77245414511282,-74.01443414119124,46,1.292
32,40.770895,-74.015218,47,1.4775
32,40.770723,-74.015306,48,1.498
32,40.770643,-74.015349,49,1.5076
32,40.770508,-74.015431,50,1.5242
32,40.770155,-74.015644,51,1.5673
32,40.769731,-74.015951,52,1.6211
32,40.769435,-74.016207,53,1.6604
32,40.769388,-74.016251,54,1.6668
32,40.769193,-74.016442,55,1.6938
32,40.767962,-74.017748,56,1.8694
32,40.767707,-74.017984,57,1.904
32,40.767391,-74.018248,58,1.9456
32,40.767194,-74.018405,59,1.9712
32,40.76669,-74.018773,60,2.0353
32,40.766567,-74.018861,61,2.0508
32,40.766258,-74.019083,62,2.0899
32,40.766201,-74.019198,63,2.1015
32,40.765855,-74.019387,64,2.1431
32,40.765462,-74.019645,65,2.1919
32,40.765273,-74.019832,66,2.2182
32,40.764929,-74.020173,67,2.266
32,40.764234,-74.020983,68,2.3691
32,40.764153,-74.021066,69,2.3805
32,40.76399,-74.021237,70,2.4037
32,40.763813,-74.021354,71,2.4257
32,40.763665,-74.021551,72,2.449
32,40.763645,-74.021578,73,2.4522
32,40.763497,-74.021756,74,2.4745
32,40.763481,-74.021775,75,2.4769
32,40.763451,-74.021812,76,2.4814
32,40.763351,-74.021926,77,2.4961
32,40.763207,-74.02209,78,2.5173
32,40.7631,-74.022216,79,2.5332
32,40.762956,-74.022387,80,2.5548
32,40.762871,-74.022486,81,2.5674
32,40.76279,-74.022572,82,2.5789
32,40.762697,-74.022658,83,2.5915
32,40.762609,-74.022733,84,2.6032
32,40.762503,-74.022818,85,2.617
32,40.762218,-74.023037,86,2.6536
32,40.76182,-74.023344,87,2.7049
32,40.761784,-74.023372,88,2.7095
32,40.761407,-74.023663,89,2.7581
32,40.760573,-74.024308,90,2.8656
32,40.760072,-74.024682,91,2.9296
32,40.759897,-74.024813,92,2.952
32,40.759786,-74.024893,93,2.966
32,40.759818,-74.025022,94,2.9774
32,40.759823,-74.025078,95,2.9822
32,40.759833,-74.025178,96,2.9907
32,40.759831,-74.025254,97,2.9971
32,40.759835,-74.025545,98,3.0216
32,40.759856,-74.025728,99,3.0372
32,40.75984,-74.025908,100,3.0525
32,40.759827,-74.026121,101,3.0705
32,40.759872,-74.0264,102,3.0945
32,40.759916,-74.026683,103,3.1188
32,40.75993,-74.026761,104,3.1256
32,40.759896,-74.02691,105,3.1387
32,40.759914,-74.027019,106,3.1481
32,40.759959,-74.027299,107,3.1722
32,40.760009,-74.027608,108,3.1988
32,40.76003,-74.027742,109,3.2103
32,40.760055,-74.027882,110,3.2224
32,40.760078,-74.028011,111,3.2336
32,40.760165,-74.028085,112,3.2451
32,40.760169,-74.028089,113,3.2457
32,40.760188,-74.028106,114,3.2482
32,40.760294,-74.028199,115,3.2624
32,40.760753,-74.027812,116,3.3229
32,40.762391,-74.026473,117,3.5372
32,40.76311,-74.026068,118,3.6241
32,40.764187,-74.025661,119,3.7486
32,40.764801,-74.025388,120,3.8207
32,40.76501,-74.0253,121,3.8451
32,40.765067,-74.02526,122,3.8523
32,40.765721,-74.024836,123,3.9333
32,40.765975,-74.024739,124,3.9627
32,40.766286,-74.024691,125,3.9975
32,40.766371,-74.024681,126,4.007
32,40.76645,-74.024685,127,4.0158
32,40.766514,-74.024697,128,4.023
32,40.766587,-74.024721,129,4.0313
32,40.766714,-74.02478,130,4.0463
32,40.766856,-74.024861,131,4.0635
32,40.766919,-74.024897,132,4.0711
32,40.766986,-74.024944,133,4.0796
32,40.766953,-74.025038,134,4.0883
32,40.766873,-74.025104,135,4.0988
32,40.766725,-74.025221,136,4.118
32,40.766323,-74.025536,137,4.1699
32,40.766077,-74.025732,138,4.2019
32,40.766028,-74.02577,139,4.2082
32,40.765947,-74.025834,140,4.2187
32,40.765903,-74.025869,141,4.2244
32,40.765897,-74.025874,142,4.2252
32,40.765677,-74.026048,143,4.2537
32,40.76538,-74.026282,144,4.2922
32,40.765344,-74.02631,145,4.2968
32,40.765275,-74.026365,146,4.3058
32,40.765225,-74.026404,147,4.3122
32,40.764821,-74.026725,148,4.3647
32,40.764796,-74.026745,149,4.3679
32,40.764744,-74.026785,150,4.3746
32,40.764694,-74.026821,151,4.3809
32,40.764659,-74.026846,152,4.3854
32,40.764219,-74.027131,153,4.4399
32,40.764162,-74.027168,154,4.4469
32,40.764095,-74.027204,155,4.455
32,40.764029,-74.027232,156,4.4627
32,40.763711,-74.027382,157,4.5002
32,40.763701,-74.027387,158,4.5014
32,40.763651,-74.027409,159,4.5073
32,40.763609,-74.027431,160,4.5123
32,40.762685,-74.027888,161,4.622
32,40.762619,-74.027921,162,4.6299
32,40.762574,-74.027944,163,4.6352
32,40.762107,-74.028189,164,4.6911
32,40.762068,-74.028209,165,4.6958
32,40.762009,-74.028253,166,4.7033
32,40.761557,-74.02865,167,4.7637
33,40.847160457996104,-73.96636110290375,0,0.0
33,40.84711379153876,-73.96628600105133,1,0.0082
33,40.84711,-73.96629,2,0.0087
33,40.847100000000005,-73.9663,3,0.0101
33,40.847060000000006,-73.96635,4,0.0162
33,40.84696,-73.96636000000001,5,0.0274
33,40.84695000000001,-73.96636000000001,6,0.0285
33,40.84691,-73.96636000000001,7,0.033
33,40.84689,-73.96636000000001,8,0.0352
33,40.84678,-73.96636000000001,9,0.0474
33,40.846700000000006,-73.96637000000001,10,0.0563
33,40.84662,-73.96637000000001,11,0.0652
33,40.846590000000006,-73.96637000000001,12,0.0686
33,40.846560000000004,-73.96638,13,0.072
33,40.846540000000005,-73.96638,14,0.0742
33,40.846520000000005,-73.96639,15,0.0766
33,40.84649,-73.96639,16,0.08
33,40.846470000000004,-73.96640000000001,17,0.0823
33,40.8464,-73.96642,18,0.0903
33,40.84630000000001,-73.96647,19,0.1022
33,40.846230000000006,-73.96651,20,0.1107
33,40.846210000000006,-73.96652,21,0.113
33,40.84615,-73.96655000000001,22,0.1202
33,40.846070000000005,-73.96659000000001,23,0.1297
33,40.84593,-73.96666,24,0.1463
33,40.84588,-73.96669,25,0.1524
33,40.84581,-73.96672000000001,26,0.1606
33,40.84577,-73.96674,27,0.1654
33,40.84575,-73.96675,28,0.1677
33,40.84573,-73.96676000000001,29,0.1701
33,40.84548,-73.96688,30,0.1997
33,40.84543,-73.96690000000001,31,0.2055
33,40.84536000000001,-73.96693,32,0.2137
33,40.845310000000005,-73.96696,33,0.2198
33,40.845220000000005,-73.96700000000001,34,0.2304
33,40.84516,-73.96703000000001,35,0.2375
33,40.845130000000005,-73.96704000000001,36,0.2409
33,40.845110000000005,-73.96705,37,0.2433
33,40.8451,-73.96705,38,0.2444
33,40.845040000000004,-73.96707,39,0.2513
33,40.844950000000004,-73.9671,40,0.2616
33,40.844860000000004,-73.96712000000001,41,0.2718
33,40.844800000000006,-73.96714,42,0.2786
33,40.844730000000006,-73.96716,43,0.2866
33,40.84465,-73.96718,44,0.2957
33,40.84458,-73.96719,45,0.3035
33,40.84452,-73.9672,46,0.3102
33,40.84447,-73.96722000000001,47,0.316
33,40.84442000000001,-73.96722000000001,48,0.3216
33,40.844350000000006,-73.96724,49,0.3295
33,40.84431,-73.96724,50,0.334
33,40.84423,-73.96725,51,0.3429
33,40.84416,-73.96726000000001,52,0.3508
33,40.844120000000004,-73.96727,53,0.3553
33,40.84407,-73.96728,54,0.3609
33,40.84402,-73.96730000000001,55,0.3667
33,40.844,-73.96731000000001,56,0.3691
33,40.84394,-73.96733,57,0.376
33,40.84387,-73.96737,58,0.3844
33,40.84384,-73.96739000000001,59,0.3882
33,40.8438,-73.96742,60,0.3933
33,40.84373,-73.96748000000001,61,0.4026
33,40.84367,-73.96754,62,0.4109
33,40.843630000000005,-73.96757000000001,63,0.4161
33,40.843520000000005,-73.96769,64,0.4319
33,40.843410000000006,-73.96782,65,0.4483
33,40.84335,-73.96788000000001,66,0.4567
33,40.843210000000006,-73.96804,67,0.4773
33,40.843140000000005,-73.9681,68,0.4865
33,40.843070000000004,-73.96817,69,0.4963
33,40.84301000000001,-73.96823,70,0.5047
33,40.84301000000001,-73.96824000000001,71,0.5055
33,40.8429,-73.96835,72,0.5208
33,40.842830000000006,-73.96841,73,0.5301
33,40.84275,-73.96849,74,0.5413
33,40.84263000000001,-73.96861000000001,75,0.558
33,40.842620000000004,-73.96862,76,0.5594
33,40.84259,-73.96865000000001,77,0.5636
33,40.84254000000001,-73.96870000000001,78,0.5705
33,40.8425,-73.96874000000001,79,0.5761
33,40.842490000000005,-73.96875,80,0.5775
33,40.84246,-73.96878000000001,81,0.5817
33,40.842400000000005,-73.96884,82,0.5901
33,40.84237,-73.96888000000001,83,0.5948
33,40.84235,-73.96889,84,0.5972
33,40.842310000000005,-73.96893,85,0.6028
33,40.842270000000006,-73.96897000000001,86,0.6083
33,40.842240000000004,-73.96900000000001,87,0.6125
33,40.842220000000005,-73.96902,88,0.6153
33,40.84219,-73.96905000000001,89,0.6195
33,40.842180000000006,-73.96906000000001,90,0.6209
33,40.842150000000004,-73.96909000000001,91,0.6251
33,40.842130000000004,-73.96911,92,0.6279
33,40.8421,-73.96914000000001,93,0.632
33,40.842060000000004,-73.96917,94,0.6371
33,40.84196,-73.96925,95,0.6501
33,40.84189000000001,-73.96931000000001,96,0.6594
33,40.841840000000005,-73.96934,97,0.6655
33,40.841770000000004,-73.96938,98,0.674
33,40.841710000000006,-73.96941000000001,99,0.6811
33,40.841640000000005,-73.96945000000001,100,0.6896
33,40.841620000000006,-73.96946000000001,101,0.692
33,40.841590000000004,-73.96947,102,0.6954
33,40.841570000000004,-73.96948,103,0.6978
33,40.841530000000006,-73.96950000000001,104,0.7026
33,40.841460000000005,-73.96951,105,0.7104
33,40.841150000000006,-73.96957,106,0.7452
33,40.841120000000004,-73.96958000000001,107,0.7487
33,40.84111,-73.96958000000001,108,0.7498
33,40.84109,-73.96958000000001,109,0.752
33,40.841010000000004,-73.9696,110,0.7611
33,40.84098,-73.96959000000001,111,0.7645
33,40.840880000000006,-73.96963000000001,112,0.7761
33,40.84087,-73.96963000000001,113,0.7772
33,40.84078,-73.96967000000001,114,0.7878
33,40.84071,-73.96969,115,0.7958
33,40.84064,-73.96972000000001,116,0.8039
33,40.840630000000004,-73.96973000000001,117,0.8053
33,40.84062,-73.96973000000001,118,0.8064
33,40.8406,-73.96974,119,0.8088
33,40.84058,-73.96975,120,0.8112
33,40.84055,-73.96977000000001,121,0.8149
33,40.84042,-73.96984,122,0.8305
33,40.840340000000005,-73.96989,123,0.8404
33,40.84033,-73.96990000000001,124,0.8418
33,40.84031,-73.96991000000001,125,0.8442
33,40.84031,-73.96992,126,0.845
33,40.84026,-73.96994000000001,127,0.8508
33,40.84026,-73.96995000000001,128,0.8516
33,40.840250000000005,-73.96995000000001,129,0.8528
33,40.84024,-73.96996,130,0.8541
33,40.84010000000001,-73.97003000000001,131,0.8708
33,40.84,-73.97008000000001,132,0.8827
33,40.839980000000004,-73.97009,133,0.8851
33,40.83997,-73.97009,134,0.8862
33,40.8399,-73.97012000000001,135,0.8943
33,40.83984,-73.97014,136,0.9012
33,40.83982,-73.97016,137,0.904
33,40.83979,-73.97016,138,0.9073
33,40.839760000000005,-73.97017000000001,139,0.9108
33,40.839670000000005,-73.97017000000001,140,0.9208
33,40.839620000000004,-73.97018,141,0.9264
33,40.839600000000004,-73.97018,142,0.9286
33,40.83959,-73.97018,143,0.9297
33,40.83957,-73.97018,144,0.932
33,40.83954000000001,-73.97018,145,0.9353
33,40.839510000000004,-73.97018,146,0.9386
33,40.839470000000006,-73.97018,147,0.9431
33,40.83946,-73.97018,148,0.9442
33,40.83943,-73.97018,149,0.9475
33,40.839400000000005,-73.97018,150,0.9509
33,40.839290000000005,-73.97018,151,0.9631
33,40.839240000000004,-73.97018,152,0.9687
33,40.839220000000005,-73.97018,153,0.9709
33,40.83921,-73.97018,154,0.972
33,40.83917,-73.97019,155,0.9765
33,40.839090000000006,-73.97019,156,0.9854
33,40.83907000000001,-73.97019,157,0.9876
33,40.839000000000006,-73.97019,158,0.9954
33,40.83899,-73.97019,159,0.9965
33,40.83897,-73.97019,160,0.9988
33,40.83888,-73.97019,161,1.0088
33,40.83883,-73.97019,162,1.0143
33,40.83881,-73.97019,163,1.0165
33,40.838800000000006,-73.97019,164,1.0177
33,40.838730000000005,-73.9702,165,1.0255
33,40.83865,-73.9702,166,1.0344
33,40.838620000000006,-73.9702,167,1.0377
33,40.838530000000006,-73.97021000000001,168,1.0478
33,40.838420000000006,-73.97022000000001,169,1.06
33,40.83831,-73.97024,170,1.0724
33,40.838300000000004,-73.97024,171,1.0735
33,40.83829,-73.97024,172,1.0746
33,40.838280000000005,-73.97024,173,1.0757
33,40.83827,-73.97024,174,1.0768
33,40.838260000000005,-73.97024,175,1.0779
33,40.838240000000006,-73.97025000000001,176,1.0803
33,40.838210000000004,-73.97025000000001,177,1.0836
33,40.83813000000001,-73.97026000000001,178,1.0926
33,40.83812,-73.97026000000001,179,1.0937
33,40.83811,-73.97026000000001,180,1.0948
33,40.83809,-73.97027,181,1.0972
33,40.838060000000006,-73.97027,182,1.1005
33,40.838010000000004,-73.97028,183,1.1061
33,40.83793,-73.97029,184,1.1151
33,40.837880000000006,-73.97030000000001,185,1.1207
33,40.83787,-73.97030000000001,186,1.1218
33,40.83785,-73.97031000000001,187,1.1242
33,40.8378,-73.97032,188,1.1298
33,40.837770000000006,-73.97032,189,1.1331
33,40.83775000000001,-73.97032,190,1.1354
33,40.83773,-73.97033,191,1.1377
33,40.837680000000006,-73.97034000000001,192,1.1434
33,40.837650000000004,-73.97035000000001,193,1.1468
33,40.837590000000006,-73.97037,194,1.1537
33,40.83757000000001,-73.97037,195,1.1559
33,40.83749,-73.97040000000001,196,1.1651
33,40.837450000000004,-73.97042,197,1.1699
33,40.837360000000004,-73.97045,198,1.1802
33,40.83722,-73.9705,199,1.1963
33,40.837160000000004,-73.97053000000001,200,1.2035
33,40.837120000000006,-73.97055,201,1.2082
33,40.837070000000004,-73.97058000000001,202,1.2143
33,40.83699,-73.97061000000001,203,1.2236
33,40.83686,-73.97067000000001,204,1.2389
33,40.836780000000005,-73.97070000000001,205,1.2481
33,40.83663000000001,-73.97076000000001,206,1.2656
33,40.83655,-73.97078,207,1.2746
33,40.83646,-73.97082,208,1.2852
33,40.836110000000005,-73.97094000000001,209,1.3254
33,40.83607000000001,-73.97095,210,1.3299
33,40.836040000000004,-73.97096,211,1.3334
33,40.83562258131789,-73.97105399704766,212,1.3804
33,40.83531324365349,-73.97118861920286,213,1.4167
33,40.83510428990327,-73.97124632240158,214,1.4404
33,40.834938575269916,-73.97133263276667,215,1.4602
33,40.8345741418822,-73.97159301113578,216,1.5063
33,40.83399716993371,-73.9719957395468,217,1.5788
33,40.833122484085926,-73.9723683571851,218,1.681
33,40.832750000000004,-73.97246000000001,219,1.7231
33,40.8325679512492,-73.97249336324816,220,1.7436
33,40.83222565677866,-73.9725724951725,221,1.7822
33,40.83214404379592,-73.97257580299775,222,1.7913
33,40.832031863571,-73.97258593169006,223,1.8038
33,40.83195182275389,-73.97258210010256,224,1.8127
33,40.83175682453722,-73.97254397690138,225,1.8346
33,40.83162847880073,-73.97251826562942,226,1.849
33,40.831401913385534,-73.97246230109941,227,1.8747
33,40.83112598723626,-73.97239950459137,228,1.9058
33,40.83079521708005,-73.97231396130894,229,1.9433
33,40.830563254091835,-73.97227683173598,230,1.9693
33,40.830205772834894,-73.97211990932378,231,2.0112
33,40.83000075060641,-73.97202679225624,232,2.0353
33,40.8298133372016,-73.97196224282618,233,2.0568
33,40.82971214121386,-73.97196350757586,234,2.0681
33,40.82960768484343,-73.97196161252455,235,2.0797
33,40.82942495955428,-73.97200741934255,236,2.1003
33,40.82912394390333,-73.97215690804472,237,2.1361
33,40.82895372949784,-73.97226231761574,238,2.157
33,40.828871962550416,-73.97206011084371,239,2.1763
33,40.8287892068248,-73.97182831284708,240,2.1979
33,40.82867416254202,-73.97164159555135,241,2.2181
33,40.82858813832025,-73.97157778037686,242,2.2291
33,40.82794766980121,-73.9697817119049,243,2.3961
33,40.82857606461152,-73.97156456450035,244,2.5616
33,40.82865187359989,-73.97160591789924,245,2.5707
33,40.82876711449963,-73.97180869406314,246,2.5921
33,40.82888102526397,-73.97205753798949,247,2.6166
33,40.8288890626246,-73.97223773641508,248,2.6317
33,40.8250632448449,-73.97463754366821,249,3.1026
33,40.82506,-73.97464000000001,250,3.1031
33,40.825030000000005,-73.97466,251,3.1068
33,40.82497,-73.97471,252,3.1147
33,40.82493,-73.97474000000001,253,3.1198
33,40.82488,-73.97478000000001,254,3.1263
33,40.82484,-73.97482000000001,255,3.1319
33,40.82481000000001,-73.97484,256,3.1356
33,40.8248,-73.97485,257,3.137
33,40.82479,-73.97486,258,3.1384
33,40.824760000000005,-73.97488000000001,259,3.1421
33,40.82468,-73.97494,260,3.1524
33,40.82464,-73.97497,261,3.1575
33,40.824510000000004,-73.97507,262,3.1742
33,40.8245,-73.97508,263,3.1756
33,40.82443000000001,-73.97513000000001,264,3.1844
33,40.82434000000001,-73.97521,265,3.1965
33,40.82423,-73.97528000000001,266,3.2101
33,40.824160000000006,-73.97532000000001,267,3.2186
33,40.824130000000004,-73.97535,268,3.2227
33,40.82397,-73.97543,269,3.2418
33,40.8239,-73.97547,270,3.2503
33,40.82383,-73.97550000000001,271,3.2584
33,40.823710000000005,-73.97556,272,3.2727
33,40.82368,-73.97557,273,3.2761
33,40.82365,-73.97558000000001,274,3.2796
33,40.82361,-73.9756,275,3.2843
33,40.823530000000005,-73.97564000000001,276,3.2939
33,40.82352,-73.97565,277,3.2952
33,40.823130000000006,-73.97582000000001,278,3.3409
33,40.823080000000004,-73.97585000000001,279,3.347
33,40.82302000000001,-73.97587,280,3.3539
33,40.823,-73.97589,281,3.3567
33,40.822900000000004,-73.97594000000001,282,3.3686
33,40.822790000000005,-73.97599000000001,283,3.3815
33,40.82267,-73.97605,284,3.3958
33,40.822660000000006,-73.97606,285,3.3972
33,40.82253,-73.97613000000001,286,3.4128
33,40.82237000000001,-73.97624,287,3.4328
33,40.822340000000004,-73.97625000000001,288,3.4363
33,40.82233,-73.97627,289,3.4383
33,40.82218,-73.97638,290,3.4574
33,40.82195,-73.97655,291,3.4867
33,40.82189,-73.9766,292,3.4946
33,40.8218,-73.97667000000001,293,3.5062
33,40.82173,-73.97672,294,3.515
33,40.82161000000001,-73.97682,295,3.5308
33,40.82157,-73.97686,296,3.5364
33,40.82148,-73.97693000000001,297,3.548
33,40.821470000000005,-73.97694,298,3.5494
33,40.821400000000004,-73.97699,299,3.5582
33,40.8213,-73.97706000000001,300,3.5708
33,40.82117,-73.97714,301,3.5868
33,40.82104,-73.97722,302,3.6027
33,40.82097,-73.97726,303,3.6112
33,40.820870000000006,-73.97731,304,3.6231
33,40.820710000000005,-73.97739,305,3.6421
33,40.820510000000006,-73.9775,306,3.6662
33,40.82039,-73.97757,307,3.6808
33,40.820240000000005,-73.97766,308,3.6991
33,40.82014,-73.97773000000001,309,3.7117
33,40.820060000000005,-73.97778000000001,310,3.7215
33,40.819990000000004,-73.97784,311,3.7308
33,40.81992,-73.97789,312,3.7396
33,40.819860000000006,-73.97794,313,3.7475
33,40.81974,-73.97805000000001,314,3.7638
33,40.81965,-73.97813000000001,315,3.7758
33,40.81956,-73.97822000000001,316,3.7884
33,40.819480000000006,-73.9783,317,3.7995
33,40.81945,-73.97833,318,3.8037
33,40.81929,-73.97849000000001,319,3.826
33,40.819210000000005,-73.97858000000001,320,3.8377
33,40.819100000000006,-73.97869,321,3.853
33,40.819030000000005,-73.97876000000001,322,3.8628
33,40.81897,-73.97882000000001,323,3.8712
33,40.818920000000006,-73.97886000000001,324,3.8777
33,40.81888,-73.97890000000001,325,3.8832
33,40.818670000000004,-73.97911,326,3.9125
33,40.818540000000006,-73.97925000000001,327,3.9312
33,40.81839,-73.97940000000001,328,3.9521
33,40.81835,-73.97944000000001,329,3.9577
33,40.8183,-73.9795,330,3.9652
33,40.818290000000005,-73.9795,331,3.9663
33,40.81826,-73.97954,332,3.971
33,40.818070000000006,-73.97973,333,3.9975
33,40.817980000000006,-73.97981,334,4.0096
33,40.817840000000004,-73.97996,335,4.0296
33,40.817820000000005,-73.97998000000001,336,4.0324
33,40.81776,-73.98004,337,4.0408
33,40.817620000000005,-73.98017,338,4.0598
33,40.817220000000006,-73.98057,339,4.1156
33,40.81702000000001,-73.98077,340,4.1435
33,40.816990000000004,-73.98081,341,4.1482
33,40.816930000000006,-73.98085,342,4.1557
33,40.816860000000005,-73.98093,343,4.166
33,40.816700000000004,-73.98107,344,4.1873
33,40.81658,-73.98119000000001,345,4.2041
33,40.81645,-73.98131000000001,346,4.2217
33,40.81645,-73.98132000000001,347,4.2225
33,40.816430000000004,-73.98133,348,4.2249
33,40.81635,-73.98140000000001,349,4.2356
33,40.81631,-73.98144,350,4.2412
33,40.81629,-73.98146000000001,351,4.2439
33,40.81627,-73.98148,352,4.2467
33,40.816210000000005,-73.98153,353,4.2546
33,40.816140000000004,-73.98159000000001,354,4.2639
33,40.816050000000004,-73.98167000000001,355,4.276
33,40.815990000000006,-73.98174,356,4.2849
33,40.81593,-73.98181000000001,357,4.2938
33,40.81584,-73.98190000000001,358,4.3063
33,40.815780000000004,-73.98196,359,4.3147
33,40.815670000000004,-73.98208000000001,360,4.3305
33,40.81562,-73.98213000000001,361,4.3375
33,40.8156,-73.98214,362,4.3399
33,40.81552000000001,-73.98224,363,4.3521
33,40.815490000000004,-73.98227,364,4.3563
33,40.81528,-73.98252000000001,365,4.3877
33,40.815200000000004,-73.98261000000001,366,4.3994
33,40.81508,-73.98275000000001,367,4.4172
33,40.81494,-73.98292000000001,368,4.4384
33,40.81485,-73.98302000000001,369,4.4514
33,40.814600000000006,-73.98331,370,4.4884
33,40.8145,-73.98342000000001,371,4.5029
33,40.81438,-73.98356000000001,372,4.5207
33,40.81434,-73.98362,373,4.5274
33,40.81427,-73.98371,374,4.5383
33,40.81423,-73.98376,375,4.5444
33,40.81418,-73.98382000000001,376,4.5519
33,40.814130000000006,-73.98389,377,4.56
33,40.81398,-73.98409000000001,378,4.5837
33,40.81387,-73.98423000000001,379,4.6007
33,40.81382000000001,-73.98431000000001,380,4.6094
33,40.81376,-73.98439,381,4.6189
33,40.813700000000004,-73.98451,382,4.631
33,40.81365,-73.98463000000001,383,4.6426
33,40.81345,-73.98514,384,4.6909
33,40.813340000000004,-73.98542,385,4.7174
33,40.813300000000005,-73.98554,386,4.7285
33,40.81329,-73.98556,387,4.7305
33,40.81326000000001,-73.98563,388,4.7373
33,40.813210000000005,-73.98576,389,4.7495
33,40.81318,-73.98583,390,4.7563
33,40.813100000000006,-73.98602000000001,391,4.7746
33,40.813010000000006,-73.98620000000001,392,4.7928
33,40.812960000000004,-73.98629000000001,393,4.8022
33,40.812870000000004,-73.98643000000001,394,4.8176
33,40.812810000000006,-73.98651000000001,395,4.8271
33,40.81273,-73.98663,396,4.8405
33,40.81266,-73.98672,397,4.8514
33,40.812490000000004,-73.9869,398,4.8756
33,40.81241,-73.98697,399,4.8863
33,40.81232000000001,-73.98706,400,4.8989
33,40.81226,-73.98712,401,4.9072
33,40.81217,-73.98719000000001,402,4.9188
33,40.81212,-73.98723000000001,403,4.9253
33,40.811890000000005,-73.98742,404,4.9555
33,40.81177,-73.98750000000001,405,4.9704
33,40.81166,-73.98759000000001,406,4.9848
33,40.811510000000006,-73.98771,407,5.0043
33,40.8115,-73.98772000000001,408,5.0057
33,40.811420000000005,-73.98778,409,5.0159
33,40.811310000000006,-73.98787,410,5.0303
33,40.81121,-73.98795000000001,411,5.0433
33,40.8111,-73.98805,412,5.0582
33,40.81105,-73.98809,413,5.0647
33,40.811,-73.98814,414,5.0716
33,40.81092,-73.98821000000001,415,5.0823
33,40.81078,-73.98835000000001,416,5.1018
33,40.810660000000006,-73.98848000000001,417,5.1191
33,40.8106,-73.98856,418,5.1286
33,40.81053,-73.98862000000001,419,5.1379
33,40.8104,-73.98877,420,5.157
33,40.81033,-73.98884000000001,421,5.1668
33,40.81017000000001,-73.989,422,5.1891
33,40.81004,-73.98913,423,5.2072
33,40.810010000000005,-73.98915000000001,424,5.211
33,40.809990000000006,-73.98917,425,5.2138
33,40.809900000000006,-73.98923,426,5.225
33,40.8098,-73.9893,427,5.2376
33,40.809720000000006,-73.98935,428,5.2474
33,40.80966,-73.98939,429,5.2549
33,40.809580000000004,-73.98943000000001,430,5.2644
33,40.8095,-73.98946000000001,431,5.2736
33,40.80935,-73.98952000000001,432,5.2911
33,40.80906,-73.98964000000001,433,5.3249
33,40.80904,-73.98965000000001,434,5.3272
33,40.80899,-73.98968,435,5.3333
33,40.80879,-73.98976,436,5.3566
33,40.808710000000005,-73.9898,437,5.3661
33,40.80861,-73.98984,438,5.3777
33,40.80843,-73.98992000000001,439,5.3988
33,40.808310000000006,-73.98999,440,5.4134
33,40.80828,-73.99001000000001,441,5.4171
33,40.808220000000006,-73.99005000000001,442,5.4246
33,40.808170000000004,-73.99008,443,5.4307
33,40.808170000000004,-73.99009000000001,444,5.4316
33,40.8081,-73.99014000000001,445,5.4404
33,40.80803,-73.99019000000001,446,5.4493
33,40.80801,-73.99021,447,5.4521
33,40.80776,-73.99042,448,5.485
33,40.80767,-73.99050000000001,449,5.4971
33,40.80751,-73.99063000000001,450,5.5179
33,40.80742,-73.9907,451,5.5296
33,40.807370000000006,-73.99075,452,5.5365
33,40.80736,-73.99076000000001,453,5.5379
33,40.807320000000004,-73.99079,454,5.543
33,40.80726000000001,-73.99084,455,5.5509
33,40.80722,-73.99087,456,5.556
33,40.80715,-73.99093,457,5.5653
33,40.807080000000006,-73.99099000000001,458,5.5746
33,40.807050000000004,-73.99101,459,5.5783
33,40.80697000000001,-73.99108000000001,460,5.589
33,40.806920000000005,-73.99113000000001,461,5.596
33,40.80682,-73.99121000000001,462,5.609
33,40.80677,-73.99125000000001,463,5.6155
33,40.80675,-73.99127,464,5.6183
33,40.80666,-73.99134000000001,465,5.6299
33,40.80657,-73.99141,466,5.6415
33,40.806430000000006,-73.99153000000001,467,5.6601
33,40.8063,-73.99164,468,5.6772
33,40.80612,-73.99179000000001,469,5.7009
33,40.806050000000006,-73.99184000000001,470,5.7097
33,40.8059,-73.99196,471,5.7292
33,40.805710000000005,-73.99212,472,5.7543
33,40.805550000000004,-73.99225000000001,473,5.7752
33,40.805420000000005,-73.99235,474,5.7919
33,40.805130000000005,-73.99259,475,5.8299
33,40.8051,-73.99262,476,5.8341
33,40.8048,-73.99287000000001,477,5.8736
33,40.804680000000005,-73.99296000000001,478,5.8889
33,40.80465,-73.99299,479,5.8931
33,40.80453000000001,-73.99309000000001,480,5.9089
33,40.8044,-73.99319000000001,481,5.9256
33,40.80435000000001,-73.99323000000001,482,5.9321
33,40.80427,-73.99329,483,5.9423
33,40.804190000000006,-73.99333,484,5.9518
33,40.804170000000006,-73.99335,485,5.9546
33,40.80416,-73.99335,486,5.9557
33,40.80409,-73.99339,487,5.9642
33,40.80407,-73.99341000000001,488,5.967
33,40.80402,-73.99344,489,5.9731
33,40.803960000000004,-73.99346000000001,490,5.98
33,40.803940000000004,-73.99347,491,5.9824
33,40.80386,-73.99351,492,5.9919
33,40.803810000000006,-73.99353,493,5.9977
33,40.803630000000005,-73.9936,494,6.0186
33,40.80355,-73.99362,495,6.0276
33,40.803520000000006,-73.99363000000001,496,6.0311
33,40.803470000000004,-73.99365,497,6.0369
33,40.803430000000006,-73.99366,498,6.0414
33,40.80326,-73.9937,499,6.0606
33,40.80315,-73.99372000000001,500,6.0729
33,40.803070000000005,-73.99373,501,6.0819
33,40.803000000000004,-73.99375,502,6.0898
33,40.802890000000005,-73.99376000000001,503,6.1021
33,40.802780000000006,-73.99377000000001,504,6.1144
33,40.8027,-73.99377000000001,505,6.1233
33,40.801860000000005,-73.99374,506,6.2167
33,40.801840000000006,-73.99374,507,6.2189
33,40.80176,-73.99374,508,6.2278
33,40.80174,-73.99373,509,6.2302
33,40.80167,-73.99373,510,6.238
33,40.80158,-73.99374,511,6.248
33,40.80153000000001,-73.99374,512,6.2536
33,40.80144000000001,-73.99375,513,6.2636
33,40.80136,-73.99377000000001,514,6.2727
33,40.801260000000006,-73.99379,515,6.2839
33,40.80116,-73.99383,516,6.2955
33,40.801080000000006,-73.99386000000001,517,6.3048
33,40.80096,-73.99391,518,6.3188
33,40.800830000000005,-73.99396,519,6.3338
33,40.800810000000006,-73.99397,520,6.3362
33,40.80075,-73.99401,521,6.3437
33,40.80059000000001,-73.99409,522,6.3627
33,40.80039,-73.99419,523,6.3865
33,40.800180000000005,-73.99429,524,6.4113
33,40.800110000000004,-73.99433,525,6.4198
33,40.79999,-73.99439000000001,526,6.4341
33,40.799980000000005,-73.99440000000001,527,6.4355
33,40.79992,-73.99442,528,6.4423
33,40.7999,-73.99444000000001,529,6.4451
33,40.79986,-73.99445,530,6.4497
33,40.7997,-73.99447,531,6.4675
33,40.799640000000004,-73.9945,532,6.4747
33,40.799150000000004,-73.99481,533,6.5351
33,40.79912,-73.99483000000001,534,6.5388
33,40.79909000000001,-73.99485,535,6.5425
33,40.79901,-73.9949,536,6.5524
33,40.798930000000006,-73.99495,537,6.5622
33,40.798860000000005,-73.995,538,6.5711
33,40.798770000000005,-73.99506000000001,539,6.5823
33,40.79867,-73.99512,540,6.5945
33,40.79858,-73.99519000000001,541,6.6061
33,40.79856,-73.99520000000001,542,6.6085
33,40.79838,-73.99531,543,6.6305
33,40.798260000000006,-73.99539,544,6.6455
33,40.798170000000006,-73.99545,545,6.6567
33,40.798120000000004,-73.99548,546,6.6628
33,40.798100000000005,-73.99549,547,6.6652
33,40.79798,-73.99558,548,6.6805
33,40.79778,-73.99571,549,6.7053
33,40.79766,-73.99579,550,6.7203
33,40.79748,-73.9959,551,6.7423
33,40.797290000000004,-73.99603,552,6.7661
33,40.797270000000005,-73.99605000000001,553,6.7689
33,40.79717,-73.99611,554,6.7811
33,40.79713,-73.99614000000001,555,6.7862
33,40.79697,-73.99624,556,6.8059
33,40.796870000000006,-73.99631000000001,557,6.8185
33,40.79686,-73.99631000000001,558,6.8196
33,40.79681,-73.99634,559,6.8257
33,40.796730000000004,-73.99639,560,6.8355
33,40.79672,-73.99639,561,6.8367
33,40.796440000000004,-73.99654000000001,562,6.8703
33,40.79641,-73.99656,563,6.874
33,40.79639,-73.99657,564,6.8764
33,40.79608,-73.99672000000001,565,6.9131
33,40.795910000000006,-73.99678,566,6.9327
33,40.7958,-73.99681000000001,567,6.9451
33,40.795750000000005,-73.99682,568,6.9508
33,40.79565,-73.99685000000001,569,6.9622
33,40.795480000000005,-73.99690000000001,570,6.9815
33,40.79547,-73.99691,571,6.9829
33,40.795460000000006,-73.99691,572,6.984
33,40.795300000000005,-73.99695000000001,573,7.0021
33,40.795210000000004,-73.99698000000001,574,7.0125
33,40.795120000000004,-73.99701,575,7.0228
33,40.79502,-73.99703000000001,576,7.034
33,40.79484,-73.99709,577,7.0547
33,40.7946,-73.99715,578,7.0818
33,40.794500000000006,-73.99718,579,7.0932
33,40.79424,-73.99726000000001,580,7.1229
33,40.79403000000001,-73.99732,581,7.1468
33,40.79392,-73.99735000000001,582,7.1593
33,40.79372,-73.99742,583,7.1823
33,40.793670000000006,-73.99744000000001,584,7.1881
33,40.793530000000004,-73.9975,585,7.2045
33,40.793380000000006,-73.99757000000001,586,7.2222
33,40.79327000000001,-73.99763,587,7.2354
33,40.792930000000005,-73.99782,588,7.2765
33,40.792750000000005,-73.99793000000001,589,7.2985
33,40.79274,-73.99793000000001,590,7.2996
33,40.7927,-73.99796,591,7.3047
33,40.792680000000004,-73.99797000000001,592,7.3071
33,40.792550000000006,-73.99804,593,7.3227
33,40.79254,-73.99805,594,7.3241
33,40.792500000000004,-73.99807000000001,595,7.3289
33,40.79249,-73.99808,596,7.3303
33,40.792320000000004,-73.99818,597,7.351
33,40.792260000000006,-73.99823,598,7.3589
33,40.792190000000005,-73.99827,599,7.3673
33,40.79204,-73.99836,600,7.3857
33,40.791810000000005,-73.9985,601,7.4138
33,40.79159000000001,-73.99863,602,7.4406
33,40.79146,-73.99872,603,7.4569
33,40.79137,-73.99877000000001,604,7.4678
33,40.79128,-73.99882000000001,605,7.4787
33,40.7912,-73.99887000000001,606,7.4885
33,40.790820000000004,-73.99912,607,7.5357
33,40.79081,-73.99913000000001,608,7.5371
33,40.79079,-73.99914000000001,609,7.5395
33,40.79075,-73.99917,610,7.5446
33,40.79073,-73.99918000000001,611,7.547
33,40.790690000000005,-73.9992,612,7.5517
33,40.790530000000004,-73.99927000000001,613,7.5705
33,40.790490000000005,-73.99929,614,7.5752
33,40.790470000000006,-73.9993,615,7.5776
33,40.79023,-73.99941000000001,616,7.6058
33,40.790150000000004,-73.99945000000001,617,7.6154
33,40.78996,-73.99954000000001,618,7.6378
33,40.789860000000004,-73.99959000000001,619,7.6497
33,40.78976,-73.99964,620,7.6616
33,40.789660000000005,-73.99969,621,7.6735
33,40.789620000000006,-73.99971000000001,622,7.6782
33,40.78961,-73.99971000000001,623,7.6793
33,40.789590000000004,-73.99972000000001,624,7.6817
33,40.789550000000006,-73.99975,625,7.6868
33,40.78949,-73.99979,626,7.6943
33,40.78942,-73.99985000000001,627,7.7036
33,40.78938,-73.99988,628,7.7087
33,40.78931,-73.99992,629,7.7172
33,40.789300000000004,-73.99993,630,7.7186
33,40.78929,-73.99994000000001,631,7.72
33,40.789120000000004,-74.00006,632,7.7414
33,40.78905,-74.00011,633,7.7503
33,40.78886000000001,-74.00025000000001,634,7.7745
33,40.788740000000004,-74.00033,635,7.7894
33,40.78858,-74.00044000000001,636,7.8095
33,40.788470000000004,-74.00052000000001,637,7.8234
33,40.788450000000005,-74.00053000000001,638,7.8258
33,40.78828,-74.00066000000001,639,7.8476
33,40.78826,-74.00067,640,7.85
33,40.78824,-74.00069,641,7.8528
33,40.78801,-74.00088000000001,642,7.883
33,40.78799,-74.00089000000001,643,7.8854
33,40.787960000000005,-74.00093000000001,644,7.8901
33,40.7877,-74.00118,645,7.9259
33,40.787650000000006,-74.00123,646,7.9328
33,40.787510000000005,-74.00137000000001,647,7.9524
33,40.787510000000005,-74.00138000000001,648,7.9532
33,40.78748,-74.0014,649,7.9569
33,40.78743,-74.00146000000001,650,7.9645
33,40.787290000000006,-74.00159000000001,651,7.9835
33,40.787240000000004,-74.00164000000001,652,7.9905
33,40.787220000000005,-74.00166,653,7.9933
33,40.787200000000006,-74.00168000000001,654,7.996
33,40.787150000000004,-74.00173000000001,655,8.003
33,40.786950000000004,-74.00191000000001,656,8.0299
33,40.786950000000004,-74.00192000000001,657,8.0308
33,40.78674,-74.00209000000001,658,8.0582
33,40.786410000000004,-74.00236000000001,659,8.1013
33,40.78618,-74.00254000000001,660,8.1311
33,40.78616,-74.00255,661,8.1334
33,40.78616,-74.00256,662,8.1343
33,40.786,-74.00268000000001,663,8.1547
33,40.785810000000005,-74.00284,664,8.1798
33,40.785700000000006,-74.00293,665,8.1942
33,40.78562,-74.00299000000001,666,8.2044
33,40.78533,-74.00324,667,8.2429
33,40.785180000000004,-74.00338,668,8.2633
33,40.785030000000006,-74.00354,669,8.2848
33,40.78486,-74.00372,670,8.309
33,40.78472,-74.00389000000001,671,8.3301
33,40.784510000000004,-74.00415000000001,672,8.3622
33,40.784440000000004,-74.00426,673,8.3743
33,40.78428,-74.00450000000001,674,8.4012
33,40.784220000000005,-74.00459000000001,675,8.4113
33,40.78417,-74.00468000000001,676,8.4207
33,40.78417,-74.00469000000001,677,8.4215
33,40.784130000000005,-74.00475,678,8.4283
33,40.784060000000004,-74.00491000000001,679,8.4438
33,40.78399,-74.00506,680,8.4586
33,40.78389000000001,-74.00528,681,8.4803
33,40.783770000000004,-74.00558000000001,682,8.5088
33,40.78372,-74.00571000000001,683,8.5211
33,40.78367,-74.00583,684,8.5326
33,40.783550000000005,-74.00613000000001,685,8.5612
33,40.783500000000004,-74.00625000000001,686,8.5727
33,40.783300000000004,-74.00676,687,8.6211
33,40.78325,-74.00688000000001,688,8.6326
33,40.7832,-74.00703,689,8.6464
33,40.783170000000005,-74.00709,690,8.6525
33,40.783150000000006,-74.00715000000001,691,8.658
33,40.78313,-74.00718,692,8.6613
33,40.783120000000004,-74.00723,693,8.6657
33,40.782970000000006,-74.00757,694,8.6988
33,40.78291,-74.00774000000001,695,8.7146
33,40.78289,-74.00779,696,8.7194
33,40.782880000000006,-74.00781,697,8.7214
33,40.78286000000001,-74.00784,698,8.7248
33,40.78284,-74.00787000000001,699,8.7281
33,40.782810000000005,-74.00793,700,8.7342
33,40.78278,-74.00800000000001,701,8.741
33,40.782720000000005,-74.00809000000001,702,8.7511
33,40.78267,-74.00817,703,8.7598
33,40.782610000000005,-74.00826,704,8.7699
33,40.78255,-74.00832000000001,705,8.7783
33,40.782500000000006,-74.00839,706,8.7864
33,40.782410000000006,-74.00849000000001,707,8.7994
33,40.782300000000006,-74.00859000000001,708,8.8143
33,40.78226,-74.00863000000001,709,8.8199
33,40.782180000000004,-74.0087,710,8.8305
33,40.78217,-74.0087,711,8.8317
33,40.781980000000004,-74.00886000000001,712,8.8567
33,40.781780000000005,-74.00901,713,8.8823
33,40.78141,-74.00930000000001,714,8.9301
33,40.781380000000006,-74.00933,715,8.9343
33,40.78136000000001,-74.00934000000001,716,8.9367
33,40.78134,-74.00936,717,8.9395
33,40.78092,-74.00968,718,8.9934
33,40.780800000000006,-74.00978,719,9.0092
33,40.780640000000005,-74.00989000000001,720,9.0292
33,40.780620000000006,-74.00991,721,9.032
33,40.78060000000001,-74.00993000000001,722,9.0348
33,40.78045,-74.01004,723,9.0539
33,40.78041,-74.01007000000001,724,9.059
33,40.78038,-74.01009,725,9.0627
33,40.78022,-74.01021,726,9.0832
33,40.780010000000004,-74.01037000000001,727,9.1102
33,40.77989,-74.01045,728,9.1251
33,40.779700000000005,-74.01059000000001,729,9.1493
33,40.77962,-74.01065000000001,730,9.1595
33,40.77953,-74.01071,731,9.1707
33,40.77947,-74.01076,732,9.1786
33,40.7794,-74.01081,733,9.1875
33,40.77935,-74.01084,734,9.1936
33,40.77933,-74.01086000000001,735,9.1964
33,40.77928,-74.0109,736,9.2029
33,40.7792,-74.01106,737,9.219
33,40.77908,-74.01116,738,9.2348
33,40.7789,-74.01132000000001,739,9.2589
33,40.778760000000005,-74.01144000000001,740,9.2775
33,40.77875,-74.01146,741,9.2795
33,40.7785,-74.01168000000001,742,9.3129
33,40.77848,-74.01169,743,9.3153
33,40.778270000000006,-74.01187,744,9.3431
33,40.778200000000005,-74.01193,745,9.3524
33,40.778130000000004,-74.01197,746,9.3609
33,40.77803,-74.01204000000001,747,9.3735
33,40.777910000000006,-74.0121,748,9.3877
33,40.777860000000004,-74.01212000000001,749,9.3935
33,40.777860000000004,-74.01213,750,9.3944
33,40.77781,-74.01215,751,9.4002
33,40.777660000000004,-74.01221000000001,752,9.4176
33,40.777640000000005,-74.01222,753,9.42
33,40.777620000000006,-74.01222,754,9.4222
33,40.77756,-74.01224,755,9.4291
33,40.77745,-74.01226000000001,756,9.4415
33,40.77743,-74.01226000000001,757,9.4437
33,40.77736,-74.01227,758,9.4515
33,40.77734,-74.01228,759,9.4539
33,40.77723,-74.01229000000001,760,9.4661
33,40.777060000000006,-74.01229000000001,761,9.485
33,40.776990000000005,-74.01229000000001,762,9.4928
33,40.77691,-74.01228,763,9.5018
33,40.776830000000004,-74.01227,764,9.5107
33,40.7768,-74.01227,765,9.514
33,40.776720000000005,-74.01226000000001,766,9.523
33,40.77669,-74.01226000000001,767,9.5263
33,40.77662,-74.01225000000001,768,9.5341
33,40.776500000000006,-74.01224,769,9.5475
33,40.776390000000006,-74.01223,770,9.5598
33,40.77617,-74.0122,771,9.5844
33,40.776120000000006,-74.0122,772,9.5899
33,40.77602,-74.01219,773,9.6011
33,40.775940000000006,-74.01219,774,9.61
33,40.775940000000006,-74.01203000000001,775,9.6234
33,40.77593,-74.01194000000001,776,9.6311
33,40.77594526063947,-74.01192833977576,777,9.6331
33,40.77675480870556,-74.01127878771808,778,9.7384
33,40.77640004137212,-74.01025667948201,779,9.8331
34,40.776359418546,-74.010074289269,0,0.0
34,40.77638379224465,-74.01019767088368,1,0.0107
34,40.77675658591703,-74.01131906321775,2,0.1139
34,40.777161697457124,-74.01098313957613,3,0.1671
34,40.77718,-74.01097,4,0.1694
34,40.77738,-74.01079,5,0.1963
34,40.7774,-74.01077000000001,6,0.1991
34,40.777440000000006,-74.01072,7,0.2052
34,40.77752,-74.01077000000001,8,0.215
34,40.777530000000006,-74.01077000000001,9,0.2162
34,40.77754,-74.01078000000001,10,0.2176
34,40.777590000000004,-74.01081,11,0.2237
34,40.777620000000006,-74.01087000000001,12,0.2297
34,40.777860000000004,-74.01142,13,0.2832
34,40.777890000000006,-74.01148,14,0.2892
34,40.77792,-74.01154000000001,15,0.2953
34,40.77799,-74.0117,16,0.3108
34,40.77805,-74.01183,17,0.3236
34,40.77807000000001,-74.01188,18,0.3284
34,40.778150000000004,-74.01182,19,0.3386
34,40.77821,-74.01178,20,0.3461
34,40.77826,-74.01174,21,0.3526
34,40.778420000000004,-74.0116,22,0.374
34,40.778650000000006,-74.01139,23,0.4051
34,40.77868,-74.01136000000001,24,0.4092
34,40.779030000000006,-74.01106,25,0.4556
34,40.779140000000005,-74.01095000000001,26,0.471
34,40.77928,-74.0109,27,0.4871
34,40.77933,-74.01086000000001,28,0.4936
34,40.77935,-74.01084,29,0.4964
34,40.7794,-74.01081,30,0.5025
34,40.77947,-74.01076,31,0.5113
34,40.77953,-74.01071,32,0.5192
34,40.77962,-74.01065000000001,33,0.5304
34,40.779700000000005,-74.01059000000001,34,0.5407
34,40.77989,-74.01045,35,0.5649
34,40.780010000000004,-74.01037000000001,36,0.5798
34,40.78022,-74.01021,37,0.6068
34,40.78038,-74.01009,38,0.6272
34,40.78041,-74.01007000000001,39,0.631
34,40.78045,-74.01004,40,0.6361
34,40.78060000000001,-74.00993000000001,41,0.6552
34,40.780620000000006,-74.00991,42,0.658
34,40.780640000000005,-74.00989000000001,43,0.6607
34,40.780800000000006,-74.00978,44,0.6808
34,40.78092,-74.00968,45,0.6966
34,40.78134,-74.00936,46,0.7505
34,40.78136000000001,-74.00934000000001,47,0.7533
34,40.781380000000006,-74.00933,48,0.7557
34,40.78141,-74.00930000000001,49,0.7599
34,40.781780000000005,-74.00901,50,0.8077
34,40.781980000000004,-74.00886000000001,51,0.8333
34,40.78217,-74.0087,52,0.8583
34,40.782180000000004,-74.0087,53,0.8594
34,40.78226,-74.00863000000001,54,0.8701
34,40.782300000000006,-74.00859000000001,55,0.8757
34,40.782410000000006,-74.00849000000001,56,0.8905
34,40.782500000000006,-74.00839,57,0.9036
34,40.78255,-74.00832000000001,58,0.9117
34,40.782610000000005,-74.00826,59,0.9201
34,40.78267,-74.00817,60,0.9302
34,40.782720000000005,-74.00809000000001,61,0.9389
34,40.78278,-74.00800000000001,62,0.949
34,40.782810000000005,-74.00793,63,0.9558
34,40.78284,-74.00787000000001,64,0.9618
34,40.78286000000001,-74.00784,65,0.9652
34,40.782880000000006,-74.00781,66,0.9686
34,40.78289,-74.00779,67,0.9706
34,40.78291,-74.00774000000001,68,0.9754
34,40.782970000000006,-74.00757,69,0.9911
34,40.783120000000004,-74.00723,70,1.0243
34,40.78313,-74.00718,71,1.0286
34,40.783150000000006,-74.00715000000001,72,1.032
34,40.783170000000005,-74.00709,73,1.0375
34,40.7832,-74.00703,74,1.0436
34,40.78325,-74.00688000000001,75,1.0574
34,40.783300000000004,-74.00676,76,1.0689
34,40.783500000000004,-74.00625000000001,77,1.1173
34,40.783550000000005,-74.00613000000001,78,1.1288
34,40.78367,-74.00583,79,1.1574
34,40.78372,-74.00571000000001,80,1.1689
34,40.783770000000004,-74.00558000000001,81,1.1812
34,40.78389000000001,-74.00528,82,1.2097
34,40.78399,-74.00506,83,1.2313
34,40.784060000000004,-74.00491000000001,84,1.2462
34,40.784130000000005,-74.00475,85,1.2617
34,40.78417,-74.00469000000001,86,1.2685
34,40.78417,-74.00468000000001,87,1.2693
34,40.784220000000005,-74.00459000000001,88,1.2787
34,40.78428,-74.00450000000001,89,1.2888
34,40.784440000000004,-74.00426,90,1.3157
34,40.784510000000004,-74.00415000000001,91,1.3278
34,40.78472,-74.00389000000001,92,1.3598
34,40.78486,-74.00372,93,1.381
34,40.785030000000006,-74.00354,94,1.4052
34,40.785180000000004,-74.00338,95,1.4266
34,40.78533,-74.00324,96,1.4471
34,40.78562,-74.00299000000001,97,1.4856
34,40.785700000000006,-74.00293,98,1.4958
34,40.785810000000005,-74.00284,99,1.5102
34,40.786,-74.00268000000001,100,1.5352
34,40.78616,-74.00256,101,1.5557
34,40.78616,-74.00255,102,1.5565
34,40.78618,-74.00254000000001,103,1.5589
34,40.786410000000004,-74.00236000000001,104,1.5887
34,40.78674,-74.00209000000001,105,1.6318
34,40.786950000000004,-74.00192000000001,106,1.6592
34,40.786950000000004,-74.00191000000001,107,1.6601
34,40.787150000000004,-74.00173000000001,108,1.687
34,40.787200000000006,-74.00168000000001,109,1.6939
34,40.787220000000005,-74.00166,110,1.6967
34,40.787240000000004,-74.00164000000001,111,1.6995
34,40.787290000000006,-74.00159000000001,112,1.7065
34,40.78743,-74.00146000000001,113,1.7255
34,40.78748,-74.0014,114,1.733
34,40.787510000000005,-74.00138000000001,115,1.7368
34,40.787510000000005,-74.00137000000001,116,1.7376
34,40.787650000000006,-74.00123,117,1.7571
34,40.7877,-74.00118,118,1.7641
34,40.787960000000005,-74.00093000000001,119,1.7999
34,40.78799,-74.00089000000001,120,1.8046
34,40.78801,-74.00088000000001,121,1.807
34,40.78824,-74.00069,122,1.8372
34,40.78826,-74.00067,123,1.84
34,40.78828,-74.00066000000001,124,1.8423
34,40.788450000000005,-74.00053000000001,125,1.8642
34,40.788470000000004,-74.00052000000001,126,1.8666
34,40.78858,-74.00044000000001,127,1.8805
34,40.788740000000004,-74.00033,128,1.9006
34,40.78886000000001,-74.00025000000001,129,1.9155
34,40.78905,-74.00011,130,1.9397
34,40.789120000000004,-74.00006,131,1.9486
34,40.78929,-73.99994000000001,132,1.97
34,40.789300000000004,-73.99993,133,1.9714
34,40.78931,-73.99992,134,1.9728
34,40.78938,-73.99988,135,1.9813
34,40.78942,-73.99985000000001,136,1.9864
34,40.78949,-73.99979,137,1.9957
34,40.789550000000006,-73.99975,138,2.0031
34,40.789590000000004,-73.99972000000001,139,2.0083
34,40.78961,-73.99971000000001,140,2.0106
34,40.789620000000006,-73.99971000000001,141,2.0117
34,40.789660000000005,-73.99969,142,2.0165
34,40.78976,-73.99964,143,2.0284
34,40.789860000000004,-73.99959000000001,144,2.0403
34,40.78996,-73.99954000000001,145,2.0522
34,40.790150000000004,-73.99945000000001,146,2.0746
34,40.79023,-73.99941000000001,147,2.0841
34,40.790470000000006,-73.9993,148,2.1124
34,40.790490000000005,-73.99929,149,2.1148
34,40.790530000000004,-73.99927000000001,150,2.1195
34,40.790690000000005,-73.9992,151,2.1383
34,40.79073,-73.99918000000001,152,2.143
34,40.79075,-73.99917,153,2.1454
34,40.79079,-73.99914000000001,154,2.1505
34,40.79081,-73.99913000000001,155,2.1529
34,40.790820000000004,-73.99912,156,2.1543
34,40.7912,-73.99887000000001,157,2.2015
34,40.79128,-73.99882000000001,158,2.2113
34,40.79137,-73.99877000000001,159,2.2222
34,40.79146,-73.99872,160,2.233
34,40.79159000000001,-73.99863,161,2.2494
34,40.791810000000005,-73.9985,162,2.2762
34,40.79204,-73.99836,163,2.3043
34,40.792190000000005,-73.99827,164,2.3226
34,40.792260000000006,-73.99823,165,2.3311
34,40.792320000000004,-73.99818,166,2.339
34,40.79249,-73.99808,167,2.3597
34,40.792500000000004,-73.99807000000001,168,2.3611
34,40.79254,-73.99805,169,2.3659
34,40.792550000000006,-73.99804,170,2.3673
34,40.792680000000004,-73.99797000000001,171,2.3829
34,40.7927,-73.99796,172,2.3852
34,40.79274,-73.99793000000001,173,2.3904
34,40.792750000000005,-73.99793000000001,174,2.3915
34,40.792930000000005,-73.99782,175,2.4135
34,40.79327000000001,-73.99763,176,2.4546
34,40.793380000000006,-73.99757000000001,177,2.4678
34,40.793530000000004,-73.9975,178,2.4855
34,40.793670000000006,-73.99744000000001,179,2.5019
34,40.79372,-73.99742,180,2.5077
34,40.79392,-73.99735000000001,181,2.5307
34,40.79403000000001,-73.99732,182,2.5432
34,40.79424,-73.99726000000001,183,2.567
34,40.794500000000006,-73.99718,184,2.5967
34,40.7946,-73.99715,185,2.6081
34,40.79484,-73.99709,186,2.6353
34,40.79502,-73.99703000000001,187,2.6559
34,40.795120000000004,-73.99701,188,2.6672
34,40.795210000000004,-73.99698000000001,189,2.6775
34,40.795300000000005,-73.99695000000001,190,2.6878
34,40.795460000000006,-73.99691,191,2.7059
34,40.79547,-73.99691,192,2.707
34,40.795480000000005,-73.99690000000001,193,2.7084
34,40.79565,-73.99685000000001,194,2.7278
34,40.795750000000005,-73.99682,195,2.7392
34,40.7958,-73.99681000000001,196,2.7448
34,40.795910000000006,-73.99678,197,2.7573
34,40.79608,-73.99672000000001,198,2.7769
34,40.79639,-73.99657,199,2.8136
34,40.79641,-73.99656,200,2.816
34,40.796440000000004,-73.99654000000001,201,2.8197
34,40.79672,-73.99639,202,2.8533
34,40.796730000000004,-73.99639,203,2.8544
34,40.79681,-73.99634,204,2.8643
34,40.79686,-73.99631000000001,205,2.8704
34,40.796870000000006,-73.99631000000001,206,2.8715
34,40.79697,-73.99624,207,2.8841
34,40.79713,-73.99614000000001,208,2.9038
34,40.79717,-73.99611,209,2.9089
34,40.797270000000005,-73.99605000000001,210,2.9211
34,40.797290000000004,-73.99603,211,2.9239
34,40.79748,-73.9959,212,2.9477
34,40.79766,-73.99579,213,2.9697
34,40.79778,-73.99571,214,2.9847
34,40.79798,-73.99558,215,3.0094
34,40.798100000000005,-73.99549,216,3.0248
34,40.798120000000004,-73.99548,217,3.0272
34,40.798170000000006,-73.99545,218,3.0333
34,40.798260000000006,-73.99539,219,3.0445
34,40.79838,-73.99531,220,3.0594
34,40.79856,-73.99520000000001,221,3.0815
34,40.79858,-73.99519000000001,222,3.0839
34,40.79867,-73.99512,223,3.0955
34,40.798770000000005,-73.99506000000001,224,3.1077
34,40.798860000000005,-73.995,225,3.1189
34,40.798930000000006,-73.99495,226,3.1278
34,40.79901,-73.9949,227,3.1376
34,40.79909000000001,-73.99485,228,3.1474
34,40.79912,-73.99483000000001,229,3.1512
34,40.799150000000004,-73.99481,230,3.1549
34,40.799640000000004,-73.9945,231,3.2153
34,40.7997,-73.99447,232,3.2225
34,40.79981,-73.99434000000001,233,3.2389
34,40.799870000000006,-73.99431000000001,234,3.246
34,40.799890000000005,-73.99430000000001,235,3.2484
34,40.799910000000004,-73.99429,236,3.2508
34,40.79994000000001,-73.99427,237,3.2545
34,40.79999,-73.99425000000001,238,3.2603
34,40.80006,-73.99421000000001,239,3.2688
34,40.800160000000005,-73.99416000000001,240,3.2807
34,40.800360000000005,-73.99406,241,3.3045
34,40.800580000000004,-73.99395000000001,242,3.3306
34,40.800740000000005,-73.99388,243,3.3494
34,40.80075,-73.99387,244,3.3507
34,40.800760000000004,-73.99386000000001,245,3.3521
34,40.80088000000001,-73.99381000000001,246,3.3661
34,40.80095,-73.99377000000001,247,3.3746
34,40.80104,-73.99374,248,3.3849
34,40.801230000000004,-73.99367000000001,249,3.4069
34,40.80136,-73.99364,250,3.4215
34,40.8014,-73.99363000000001,251,3.4261
34,40.80142,-73.99363000000001,252,3.4283
34,40.801590000000004,-73.99361,253,3.4473
34,40.80165,-73.9936,254,3.454
34,40.80171,-73.9936,255,3.4607
34,40.801790000000004,-73.99361,256,3.4696
34,40.80194,-73.99362,257,3.4863
34,40.80200000000001,-73.99362,258,3.493
34,40.802200000000006,-73.99362,259,3.5152
34,40.802490000000006,-73.99363000000001,260,3.5475
34,40.8025,-73.99363000000001,261,3.5486
34,40.802550000000004,-73.99364,262,3.5542
34,40.80261,-73.99364,263,3.5609
34,40.802670000000006,-73.99364,264,3.5676
34,40.80277,-73.99364,265,3.5787
34,40.802780000000006,-73.99364,266,3.5798
34,40.80283,-73.99364,267,3.5853
34,40.802890000000005,-73.99363000000001,268,3.5921
34,40.80295,-73.99363000000001,269,3.5987
34,40.803000000000004,-73.99362,270,3.6044
34,40.80301,-73.99362,271,3.6055
34,40.80312,-73.9936,272,3.6178
34,40.80328,-73.99356,273,3.6359
34,40.80344,-73.99352,274,3.654
34,40.80355,-73.99349000000001,275,3.6665
34,40.80371,-73.99343,276,3.685
34,40.804030000000004,-73.99328000000001,277,3.7228
34,40.804100000000005,-73.99323000000001,278,3.7316
34,40.80413,-73.99321,279,3.7354
34,40.8042,-73.99317,280,3.7438
34,40.804260000000006,-73.99312,281,3.7517
34,40.80436,-73.99305000000001,282,3.7643
34,40.80447,-73.99297,283,3.7783
34,40.80454,-73.99291000000001,284,3.7876
34,40.80463,-73.99283000000001,285,3.7996
34,40.804660000000005,-73.9928,286,3.8038
34,40.80476,-73.99271,287,3.8173
34,40.80485,-73.99263,288,3.8293
34,40.804930000000006,-73.99255000000001,289,3.8405
34,40.80501,-73.99248,290,3.8511
34,40.8051,-73.9924,291,3.8632
34,40.80516,-73.99234000000001,292,3.8716
34,40.80523,-73.99228000000001,293,3.8809
34,40.8053,-73.99222,294,3.8901
34,40.80532,-73.99220000000001,295,3.8929
34,40.80536,-73.99216000000001,296,3.8985
34,40.80545,-73.99209,297,3.9101
34,40.80552,-73.99201000000001,298,3.9204
34,40.805670000000006,-73.99188000000001,299,3.9404
34,40.805800000000005,-73.99176,300,3.958
34,40.80599,-73.9916,301,3.983
34,40.8061,-73.99151,302,3.9974
34,40.806140000000006,-73.99148000000001,303,4.0025
34,40.806200000000004,-73.99143000000001,304,4.0104
34,40.806230000000006,-73.99140000000001,305,4.0146
34,40.80624,-73.99140000000001,306,4.0157
34,40.806340000000006,-73.99131000000001,307,4.0292
34,40.80641000000001,-73.99125000000001,308,4.0385
34,40.80650000000001,-73.99118,309,4.0501
34,40.806580000000004,-73.99111,310,4.0607
34,40.80669,-73.99101,311,4.0756
34,40.80671,-73.99099000000001,312,4.0784
34,40.80679000000001,-73.99094000000001,313,4.0882
34,40.80688000000001,-73.99087,314,4.0998
34,40.807120000000005,-73.99066,315,4.1318
34,40.80715,-73.99064,316,4.1356
34,40.807190000000006,-73.9906,317,4.1412
34,40.80735000000001,-73.99047,318,4.162
34,40.807520000000004,-73.99033,319,4.1843
34,40.80754,-73.99032000000001,320,4.1867
34,40.807550000000006,-73.99031000000001,321,4.1881
34,40.807570000000005,-73.9903,322,4.1905
34,40.80763,-73.99025,323,4.1984
34,40.807660000000006,-73.99022000000001,324,4.2025
34,40.80773000000001,-73.99017,325,4.2114
34,40.807790000000004,-73.99013000000001,326,4.2189
34,40.807880000000004,-73.99007,327,4.2301
34,40.80791000000001,-73.99005000000001,328,4.2338
34,40.808080000000004,-73.98995000000001,329,4.2545
34,40.808110000000006,-73.98993,330,4.2582
34,40.80823,-73.98987000000001,331,4.2725
34,40.80828,-73.98984,332,4.2786
34,40.8083,-73.98983000000001,333,4.281
34,40.808600000000006,-73.9897,334,4.3161
34,40.80876000000001,-73.98963,335,4.3348
34,40.80879,-73.98962,336,4.3383
34,40.80892,-73.98956000000001,337,4.3536
34,40.80897,-73.98954,338,4.3594
34,40.809140000000006,-73.98947000000001,339,4.3792
34,40.80933,-73.9894,340,4.4011
34,40.80948,-73.98934000000001,341,4.4186
34,40.809560000000005,-73.98931,342,4.4278
34,40.809610000000006,-73.98929000000001,343,4.4336
34,40.80968,-73.98925000000001,344,4.4421
34,40.80973,-73.98922,345,4.4482
34,40.80977,-73.98919000000001,346,4.4533
34,40.809870000000004,-73.98912,347,4.4659
34,40.809990000000006,-73.98903,348,4.4812
34,40.81009,-73.98894,349,4.4947
34,40.810190000000006,-73.98884000000001,350,4.5086
34,40.810320000000004,-73.98871000000001,351,4.5268
34,40.810430000000004,-73.98858000000001,352,4.5432
34,40.810460000000006,-73.98855,353,4.5474
34,40.81049,-73.98852000000001,354,4.5516
34,40.810520000000004,-73.98848000000001,355,4.5563
34,40.81058,-73.98839000000001,356,4.5664
34,40.81072,-73.98825000000001,357,4.5859
34,40.81078,-73.98819,358,4.5943
34,40.810840000000006,-73.98812000000001,359,4.6032
34,40.810860000000005,-73.98811,360,4.6055
34,40.810990000000004,-73.98798000000001,361,4.6237
34,40.811040000000006,-73.98794000000001,362,4.6302
34,40.8111,-73.98788,363,4.6385
34,40.81114,-73.98784,364,4.6441
34,40.811150000000005,-73.98784,365,4.6452
34,40.811240000000005,-73.98776000000001,366,4.6573
34,40.81136,-73.98766,367,4.6731
34,40.811530000000005,-73.98752,368,4.6953
34,40.81154,-73.98751,369,4.6967
34,40.81157,-73.98749000000001,370,4.7005
34,40.811710000000005,-73.98738,371,4.7186
34,40.81201,-73.98715,372,4.7572
34,40.812020000000004,-73.98714000000001,373,4.7586
34,40.81208,-73.98709000000001,374,4.7664
34,40.812180000000005,-73.98702,375,4.779
34,40.812270000000005,-73.98694,376,4.7911
34,40.81235,-73.98687000000001,377,4.8018
34,40.812360000000005,-73.98686000000001,378,4.8032
34,40.812450000000005,-73.98678000000001,379,4.8152
34,40.81257,-73.98665000000001,380,4.8325
34,40.8126,-73.98662,381,4.8367
34,40.81262,-73.98659,382,4.84
34,40.81269,-73.98651000000001,383,4.8503
34,40.81271,-73.98647000000001,384,4.8543
34,40.81282,-73.98632,385,4.8719
34,40.812900000000006,-73.98618,386,4.8867
34,40.81295,-73.98610000000001,387,4.8954
34,40.812990000000006,-73.98603,388,4.9028
34,40.81302,-73.98595,389,4.9103
34,40.81307,-73.98584000000001,390,4.9211
34,40.813100000000006,-73.98578,391,4.9272
34,40.8132,-73.98552000000001,392,4.9517
34,40.81331,-73.98523,393,4.979
34,40.81338,-73.98507000000001,394,4.9946
34,40.813430000000004,-73.98494000000001,395,5.0068
34,40.813480000000006,-73.98482,396,5.0184
34,40.813520000000004,-73.98471,397,5.0286
34,40.81358,-73.98458000000001,398,5.0414
34,40.81363,-73.98445000000001,399,5.0537
34,40.81367,-73.98434,400,5.064
34,40.81373000000001,-73.98426,401,5.0735
34,40.8138,-73.98415,402,5.0856
34,40.81385,-73.98408,403,5.0937
34,40.813900000000004,-73.98401000000001,404,5.1018
34,40.81398,-73.9839,405,5.1146
34,40.81405,-73.98382000000001,406,5.1249
34,40.81419,-73.98365000000001,407,5.146
34,40.814530000000005,-73.98324000000001,408,5.1972
34,40.81457,-73.98320000000001,409,5.2028
34,40.814690000000006,-73.98305,410,5.2212
34,40.814710000000005,-73.98303,411,5.2239
34,40.81488,-73.98284000000001,412,5.2487
34,40.814980000000006,-73.98272,413,5.2637
34,40.81515,-73.98251,414,5.2896
34,40.81523000000001,-73.98242,415,5.3013
34,40.815270000000005,-73.98236,416,5.308
34,40.815360000000005,-73.98226000000001,417,5.3211
34,40.81537,-73.98225000000001,418,5.3225
34,40.815450000000006,-73.98216000000001,419,5.3342
34,40.815650000000005,-73.98195000000001,420,5.3626
34,40.81571,-73.98187,421,5.372
34,40.815940000000005,-73.98166,422,5.4031
34,40.81604,-73.98155000000001,423,5.4176
34,40.8162,-73.98140000000001,424,5.4394
34,40.816460000000006,-73.98114000000001,425,5.4757
34,40.81671,-73.9809,426,5.51
34,40.816770000000005,-73.98084,427,5.5184
34,40.81687,-73.98074000000001,428,5.5323
34,40.81698,-73.98064000000001,429,5.5472
34,40.8171,-73.98053,430,5.5634
34,40.81723,-73.9804,431,5.5816
34,40.81738,-73.98025000000001,432,5.6025
34,40.817460000000004,-73.98018,433,5.6131
34,40.81752,-73.98012,434,5.6215
34,40.81767000000001,-73.97997000000001,435,5.6424
34,40.81777,-73.97987,436,5.6564
34,40.817820000000005,-73.97981,437,5.6639
34,40.81795,-73.97968,438,5.682
34,40.81797,-73.97966000000001,439,5.6848
34,40.81821,-73.97942,440,5.7183
34,40.81828,-73.97935000000001,441,5.728
34,40.81839,-73.97925000000001,442,5.7429
34,40.81848,-73.97915,443,5.756
34,40.81853,-73.9791,444,5.7629
34,40.81862,-73.97901,445,5.7755
34,40.81870000000001,-73.97893,446,5.7866
34,40.818830000000005,-73.9788,447,5.8048
34,40.818870000000004,-73.97876000000001,448,5.8103
34,40.81897,-73.97866,449,5.8243
34,40.81909,-73.97855000000001,450,5.8405
34,40.81917000000001,-73.97847,451,5.8517
34,40.81924,-73.97840000000001,452,5.8614
34,40.819340000000004,-73.9783,453,5.8754
34,40.81936,-73.97828000000001,454,5.8782
34,40.819520000000004,-73.97812,455,5.9005
34,40.8196,-73.97804000000001,456,5.9116
34,40.81969,-73.97795,457,5.9242
34,40.819770000000005,-73.97788,458,5.9349
34,40.819880000000005,-73.97778000000001,459,5.9497
34,40.81993000000001,-73.97774000000001,460,5.9562
34,40.82001,-73.97768,461,5.9664
34,40.8202,-73.97755000000001,462,5.9902
34,40.82023,-73.97753,463,5.994
34,40.820280000000004,-73.9775,464,6.0001
34,40.82034,-73.97746000000001,465,6.0075
34,40.820510000000006,-73.97736,466,6.0282
34,40.820660000000004,-73.97728000000001,467,6.0462
34,40.82072,-73.97725000000001,468,6.0534
34,40.820820000000005,-73.97720000000001,469,6.0652
34,40.820840000000004,-73.97719000000001,470,6.0676
34,40.820870000000006,-73.97717,471,6.0714
34,40.821090000000005,-73.97705,472,6.0978
34,40.821200000000005,-73.97698000000001,473,6.1114
34,40.82126,-73.97694,474,6.1189
34,40.821360000000006,-73.97687,475,6.1314
34,40.82143000000001,-73.97682,476,6.1403
34,40.821560000000005,-73.97672,477,6.157
34,40.82171,-73.9766,478,6.1765
34,40.82184,-73.97649000000001,479,6.1937
34,40.82198,-73.97638,480,6.2118
34,40.82222,-73.97621000000001,481,6.2421
34,40.822250000000004,-73.97619,482,6.2458
34,40.822320000000005,-73.97613000000001,483,6.2551
34,40.82242,-73.97607,484,6.2673
34,40.82264,-73.97594000000001,485,6.2941
34,40.82269,-73.97591000000001,486,6.3002
34,40.822790000000005,-73.97586000000001,487,6.3121
34,40.82287,-73.97582000000001,488,6.3216
34,40.822880000000005,-73.97581000000001,489,6.323
34,40.823130000000006,-73.9757,490,6.3523
34,40.823190000000004,-73.97567000000001,491,6.3594
34,40.82321,-73.97566,492,6.3618
34,40.823220000000006,-73.97566,493,6.3629
34,40.82325,-73.97564000000001,494,6.3667
34,40.823330000000006,-73.9756,495,6.3762
34,40.82343,-73.97556,496,6.3878
34,40.82348,-73.97554000000001,497,6.3936
34,40.823510000000006,-73.97553,498,6.397
34,40.82358000000001,-73.97550000000001,499,6.4052
34,40.82368,-73.97545000000001,500,6.4171
34,40.82376,-73.97541000000001,501,6.4266
34,40.82386,-73.97536000000001,502,6.4385
34,40.82395,-73.97532000000001,503,6.4491
34,40.82408,-73.97524,504,6.465
34,40.8241,-73.97523000000001,505,6.4674
34,40.824160000000006,-73.97519000000001,506,6.4749
34,40.82423,-73.97515,507,6.4833
34,40.824290000000005,-73.97510000000001,508,6.4912
34,40.82435,-73.97506,509,6.4987
34,40.82439,-73.97503,510,6.5038
34,40.82448,-73.97496000000001,511,6.5154
34,40.824630000000006,-73.97483000000001,512,6.5354
34,40.82475,-73.97474000000001,513,6.5507
34,40.824940000000005,-73.97459,514,6.5753
34,40.825100000000006,-73.97447000000001,515,6.5958
34,40.825190000000006,-73.97442000000001,516,6.6066
34,40.82527,-73.97436,517,6.6169
34,40.82536,-73.9743,518,6.6281
34,40.82544,-73.97426,519,6.6376
34,40.825660000000006,-73.97414,520,6.664
34,40.825750000000006,-73.97408,521,6.6753
34,40.82576,-73.97408,522,6.6764
34,40.82585,-73.97403,523,6.6872
34,40.825880000000005,-73.97401,524,6.6909
34,40.825970000000005,-73.97397000000001,525,6.7015
34,40.82602000000001,-73.97394000000001,526,6.7076
34,40.826150000000005,-73.97387,527,6.7232
34,40.826190000000004,-73.97384000000001,528,6.7283
34,40.826260000000005,-73.97380000000001,529,6.7368
34,40.82631000000001,-73.97377,530,6.7429
34,40.826420000000006,-73.97371000000001,531,6.7562
34,40.82668,-73.97356,532,6.7877
34,40.82678000000001,-73.9735,533,6.7999
34,40.826800000000006,-73.97349000000001,534,6.8023
34,40.826930000000004,-73.97341,535,6.8182
34,40.82694,-73.97340000000001,536,6.8196
34,40.826950000000004,-73.97340000000001,537,6.8207
34,40.827110000000005,-73.97331000000001,538,6.8401
34,40.82723,-73.97324,539,6.8547
34,40.82723,-73.97323,540,6.8555
34,40.827360000000006,-73.97316000000001,541,6.8711
34,40.827450000000006,-73.9731,542,6.8823
34,40.82748,-73.97308000000001,543,6.8861
34,40.827510000000004,-73.97307,544,6.8895
34,40.827540000000006,-73.97305,545,6.8932
34,40.827580000000005,-73.97302,546,6.8984
34,40.82775,-73.97292,547,6.919
34,40.82790000000001,-73.97283,548,6.9374
34,40.827940000000005,-73.9728,549,6.9425
34,40.828050000000005,-73.97273000000001,550,6.956
34,40.828120000000006,-73.97269,551,6.9645
34,40.828140000000005,-73.97268000000001,552,6.9669
34,40.82817,-73.97267000000001,553,6.9703
34,40.82822,-73.97263000000001,554,6.9768
34,40.82824,-73.97262,555,6.9792
34,40.82829,-73.97259000000001,556,6.9853
34,40.82836,-73.97254000000001,557,6.9942
34,40.82837000000001,-73.97254000000001,558,6.9953
34,40.8284,-73.97252,559,6.999
34,40.82840210602597,-73.9725186131567,560,6.9993
34,40.82895463712692,-73.9721400838314,561,7.0685
34,40.828792235976096,-73.97173134971045,562,7.1073
34,40.82858270802574,-73.97159511118781,563,7.1333
34,40.82794868458316,-73.96977232417335,564,7.3021
34,40.82859561219206,-73.9716029723321,565,7.4721
34,40.828807445459326,-73.97174663675861,566,7.4986
34,40.82894344067305,-73.9721364617912,567,7.5347
34,40.82921762929993,-73.97197108616936,568,7.5682
34,40.82938230239944,-73.97187925982999,569,7.5881
34,40.829501788444944,-73.9718446640339,570,7.6017
34,40.8296779168083,-73.97181386156868,571,7.6214
34,40.82983794699013,-73.97184426004546,572,7.6394
34,40.8300501650985,-73.97194176168122,573,7.6644
34,40.830308857949994,-73.97205517961797,574,7.6947
34,40.8304451673197,-73.97210986868488,575,7.7105
34,40.830576384583836,-73.97212908534998,576,7.7252
34,40.83084134317775,-73.97221585885163,577,7.7556
34,40.831279684162524,-73.97232284050096,578,7.8051
34,40.83168327996425,-73.97241536506307,579,7.8507
34,40.832018194594546,-73.97247624416082,580,7.8883
34,40.83216351608157,-73.97248259640666,581,7.9044
34,40.83218281870837,-73.97253137114676,582,7.9091
34,40.83222651100761,-73.97253503190812,583,7.9139
34,40.83235807529138,-73.97251270541044,584,7.9287
34,40.83236,-73.97253,585,7.9302
34,40.832440000000005,-73.97251,586,7.9392
34,40.83245,-73.97251,587,7.9403
34,40.83267,-73.97248,588,7.9649
34,40.832770000000004,-73.97246000000001,589,7.9762
34,40.83279,-73.97246000000001,590,7.9784
34,40.832840000000004,-73.97245000000001,591,7.984
34,40.83287000000001,-73.97244,592,7.9875
34,40.832910000000005,-73.97244,593,7.9919
34,40.832950000000004,-73.97243,594,7.9964
34,40.83297,-73.97242,595,7.9988
34,40.83299,-73.97242,596,8.001
34,40.83305,-73.97240000000001,597,8.0079
34,40.833090000000006,-73.97239,598,8.0124
34,40.83312,-73.97238,599,8.0159
34,40.83317,-73.97235,600,8.022
34,40.83321,-73.97234,601,8.0265
34,40.83328,-73.97231000000001,602,8.0347
34,40.83332,-73.97229,603,8.0395
34,40.833360000000006,-73.97227000000001,604,8.0442
34,40.83337,-73.97227000000001,605,8.0453
34,40.83344,-73.97224,606,8.0535
34,40.833980000000004,-73.97200000000001,607,8.1168
34,40.83408,-73.97193,608,8.1294
34,40.83417,-73.97187000000001,609,8.1406
34,40.83428000000001,-73.97179000000001,610,8.1546
34,40.834300000000006,-73.97178000000001,611,8.157
34,40.834410000000005,-73.97170000000001,612,8.1709
34,40.83444,-73.97168,613,8.1747
34,40.83451,-73.97163,614,8.1835
34,40.834590000000006,-73.97157,615,8.1937
34,40.83464,-73.97153,616,8.2002
34,40.83473,-73.97147000000001,617,8.2115
34,40.834830000000004,-73.9714,618,8.224
34,40.834860000000006,-73.97138000000001,619,8.2278
34,40.834970000000006,-73.9713,620,8.2417
34,40.83503,-73.97127,621,8.2489
34,40.835040000000006,-73.97126,622,8.2503
34,40.83505,-73.97125000000001,623,8.2517
34,40.83513000000001,-73.97122,624,8.2609
34,40.835170000000005,-73.97117,625,8.267
34,40.83518,-73.97116000000001,626,8.2684
34,40.835190000000004,-73.97116000000001,627,8.2695
34,40.83522000000001,-73.97115000000001,628,8.273
34,40.83527,-73.97113,629,8.2788
34,40.835280000000004,-73.97112,630,8.2802
34,40.83536,-73.97109,631,8.2894
34,40.8354,-73.97107000000001,632,8.2942
34,40.83549,-73.97104,633,8.3045
34,40.83556,-73.97101,634,8.3127
34,40.835620000000006,-73.971,635,8.3194
34,40.83563,-73.97099,636,8.3208
34,40.835660000000004,-73.97098000000001,637,8.3242
34,40.835750000000004,-73.97095,638,8.3346
34,40.83579,-73.97094000000001,639,8.3391
34,40.835840000000005,-73.97092,640,8.3449
34,40.83585,-73.97092,641,8.346
34,40.835930000000005,-73.97089000000001,642,8.3552
34,40.83601,-73.97086,643,8.3645
34,40.83606,-73.97084000000001,644,8.3703
34,40.83619,-73.97080000000001,645,8.3851
34,40.836200000000005,-73.97079000000001,646,8.3865
34,40.836270000000006,-73.97077,647,8.3945
34,40.836330000000004,-73.97074,648,8.4016
34,40.83641,-73.97071000000001,649,8.4109
34,40.836420000000004,-73.97070000000001,650,8.4123
34,40.83646,-73.97069,651,8.4168
34,40.83655,-73.97067000000001,652,8.427
34,40.836600000000004,-73.97066000000001,653,8.4326
34,40.83668,-73.97064,654,8.4416
34,40.83673,-73.97063,655,8.4473
34,40.83677,-73.97062000000001,656,8.4518
34,40.836830000000006,-73.9706,657,8.4587
34,40.83693,-73.97056,658,8.4703
34,40.837050000000005,-73.97053000000001,659,8.4839
34,40.83706,-73.97052000000001,660,8.4852
34,40.837160000000004,-73.9705,661,8.4965
34,40.83717,-73.9705,662,8.4976
34,40.83722,-73.9705,663,8.5032
34,40.837360000000004,-73.97045,664,8.5193
34,40.837450000000004,-73.97042,665,8.5296
34,40.83749,-73.97040000000001,666,8.5344
34,40.83757000000001,-73.97037,667,8.5436
34,40.837590000000006,-73.97037,668,8.5458
34,40.837650000000004,-73.97035000000001,669,8.5527
34,40.837680000000006,-73.97034000000001,670,8.5562
34,40.83773,-73.97033,671,8.5618
34,40.83775000000001,-73.97032,672,8.5642
34,40.837770000000006,-73.97032,673,8.5664
34,40.8378,-73.97032,674,8.5697
34,40.83785,-73.97031000000001,675,8.5753
34,40.83787,-73.97030000000001,676,8.5777
34,40.837880000000006,-73.97030000000001,677,8.5788
34,40.83793,-73.97029,678,8.5845
34,40.838010000000004,-73.97028,679,8.5934
34,40.838060000000006,-73.97027,680,8.599
34,40.83809,-73.97027,681,8.6023
34,40.83811,-73.97026000000001,682,8.6047
34,40.83812,-73.97026000000001,683,8.6058
34,40.83813000000001,-73.97026000000001,684,8.6069
34,40.838210000000004,-73.97025000000001,685,8.6159
34,40.838240000000006,-73.97025000000001,686,8.6192
34,40.838260000000005,-73.97024,687,8.6216
34,40.83827,-73.97024,688,8.6227
34,40.838280000000005,-73.97024,689,8.6238
34,40.83829,-73.97024,690,8.6249
34,40.838300000000004,-73.97024,691,8.626
34,40.83831,-73.97024,692,8.6271
34,40.838420000000006,-73.97022000000001,693,8.6395
34,40.838530000000006,-73.97021000000001,694,8.6517
34,40.838620000000006,-73.9702,695,8.6618
34,40.83865,-73.9702,696,8.6651
34,40.838730000000005,-73.9702,697,8.674
34,40.838800000000006,-73.97019,698,8.6819
34,40.83883,-73.97019,699,8.6852
34,40.83888,-73.97019,700,8.6907
34,40.83897,-73.97019,701,8.7008
34,40.83899,-73.97019,702,8.703
34,40.839000000000006,-73.97019,703,8.7041
34,40.83907000000001,-73.97019,704,8.7119
34,40.839090000000006,-73.97019,705,8.7141
34,40.83917,-73.97019,706,8.723
34,40.83921,-73.97018,707,8.7275
34,40.839220000000005,-73.97018,708,8.7286
34,40.839240000000004,-73.97018,709,8.7309
34,40.839290000000005,-73.97018,710,8.7364
34,40.839400000000005,-73.97018,711,8.7486
34,40.83943,-73.97018,712,8.752
34,40.83946,-73.97018,713,8.7553
34,40.839470000000006,-73.97018,714,8.7564
34,40.839510000000004,-73.97018,715,8.7609
34,40.83954000000001,-73.97018,716,8.7642
34,40.83957,-73.97018,717,8.7675
34,40.83959,-73.97018,718,8.7698
34,40.839600000000004,-73.97018,719,8.7709
34,40.839620000000004,-73.97018,720,8.7731
34,40.839670000000005,-73.97017000000001,721,8.7787
34,40.839760000000005,-73.97017000000001,722,8.7887
34,40.83979,-73.97016,723,8.7922
34,40.83982,-73.97016,724,8.7955
34,40.83984,-73.97014,725,8.7983
34,40.8399,-73.97012000000001,726,8.8052
34,40.83997,-73.97009,727,8.8134
34,40.839980000000004,-73.97009,728,8.8145
34,40.84,-73.97008000000001,729,8.8168
34,40.84010000000001,-73.97003000000001,730,8.8287
34,40.84024,-73.96996,731,8.8454
34,40.840250000000005,-73.96995000000001,732,8.8468
34,40.84026,-73.96995000000001,733,8.8479
34,40.84026,-73.96994000000001,734,8.8487
34,40.84031,-73.96992,735,8.8545
34,40.84031,-73.96991000000001,736,8.8554
34,40.84033,-73.96990000000001,737,8.8577
34,40.840340000000005,-73.96989,738,8.8591
34,40.84042,-73.96984,739,8.869
34,40.84055,-73.96977000000001,740,8.8846
34,40.84058,-73.96975,741,8.8883
34,40.8406,-73.96974,742,8.8907
34,40.84062,-73.96973000000001,743,8.8931
34,40.840630000000004,-73.96973000000001,744,8.8942
34,40.84064,-73.96972000000001,745,8.8956
34,40.84071,-73.96969,746,8.9038
34,40.84078,-73.96967000000001,747,8.9117
34,40.84087,-73.96963000000001,748,8.9223
34,40.840880000000006,-73.96963000000001,749,8.9234
34,40.84098,-73.96959000000001,750,8.935
34,40.841010000000004,-73.9696,751,8.9384
34,40.84109,-73.96958000000001,752,8.9475
34,40.84111,-73.96958000000001,753,8.9497
34,40.841120000000004,-73.96958000000001,754,8.9508
34,40.841150000000006,-73.96957,755,8.9543
34,40.84134,-73.96954000000001,756,8.9756
34,40.84134,-73.96953,757,8.9764
34,40.841460000000005,-73.96951,758,8.9898
34,40.841530000000006,-73.96950000000001,759,8.9977
34,40.841570000000004,-73.96948,760,9.0024
34,40.841590000000004,-73.96947,761,9.0048
34,40.841620000000006,-73.96946000000001,762,9.0082
34,40.841640000000005,-73.96945000000001,763,9.0106
34,40.841710000000006,-73.96941000000001,764,9.0191
34,40.841770000000004,-73.96938,765,9.0262
34,40.841840000000005,-73.96934,766,9.0347
34,40.84189000000001,-73.96931000000001,767,9.0408
34,40.84196,-73.96925,768,9.0501
34,40.842060000000004,-73.96917,769,9.0631
34,40.8421,-73.96914000000001,770,9.0682
34,40.842130000000004,-73.96911,771,9.0724
34,40.842150000000004,-73.96909000000001,772,9.0752
34,40.842180000000006,-73.96906000000001,773,9.0794
34,40.84219,-73.96905000000001,774,9.0808
34,40.842220000000005,-73.96902,775,9.0849
34,40.842240000000004,-73.96900000000001,776,9.0877
34,40.842270000000006,-73.96897000000001,777,9.0919
34,40.842310000000005,-73.96893,778,9.0975
34,40.84235,-73.96889,779,9.1031
34,40.84237,-73.96888000000001,780,9.1054
34,40.842400000000005,-73.96884,781,9.1102
34,40.84246,-73.96878000000001,782,9.1185
34,40.842490000000005,-73.96875,783,9.1227
34,40.8425,-73.96874000000001,784,9.1241
34,40.84254000000001,-73.96870000000001,785,9.1297
34,40.84259,-73.96865000000001,786,9.1367
34,40.842600000000004,-73.96864000000001,787,9.1381
34,40.842620000000004,-73.96862,788,9.1408
34,40.84263000000001,-73.96861000000001,789,9.1422
34,40.84275,-73.96849,790,9.159
34,40.842830000000006,-73.96841,791,9.1701
34,40.8429,-73.96835,792,9.1794
34,40.84301000000001,-73.96824000000001,793,9.1947
34,40.84301000000001,-73.96823,794,9.1956
34,40.843070000000004,-73.96817,795,9.2039
34,40.843140000000005,-73.9681,796,9.2137
34,40.843210000000006,-73.96804,797,9.223
34,40.84335,-73.96788000000001,798,9.2436
34,40.843410000000006,-73.96782,799,9.2519
34,40.843520000000005,-73.96769,800,9.2683
34,40.843630000000005,-73.96757000000001,801,9.2842
34,40.84367,-73.96754,802,9.2893
34,40.84373,-73.96748000000001,803,9.2977
34,40.8438,-73.96742,804,9.3069
34,40.84384,-73.96739000000001,805,9.3121
34,40.84387,-73.96737,806,9.3158
34,40.84394,-73.96733,807,9.3243
34,40.844,-73.96731000000001,808,9.3312
34,40.84402,-73.96730000000001,809,9.3335
34,40.84407,-73.96728,810,9.3393
34,40.844120000000004,-73.96727,811,9.345
34,40.84416,-73.96726000000001,812,9.3495
34,40.84423,-73.96725,813,9.3573
34,40.84431,-73.96724,814,9.3663
34,40.844350000000006,-73.96724,815,9.3707
34,40.84442000000001,-73.96722000000001,816,9.3787
34,40.84447,-73.96722000000001,817,9.3842
34,40.84452,-73.9672,818,9.39
34,40.84458,-73.96719,819,9.3968
34,40.84465,-73.96718,820,9.4046
34,40.844730000000006,-73.96716,821,9.4136
34,40.844800000000006,-73.96714,822,9.4216
34,40.844860000000004,-73.96712000000001,823,9.4285
34,40.844950000000004,-73.9671,824,9.4386
34,40.845040000000004,-73.96707,825,9.449
34,40.8451,-73.96705,826,9.4558
34,40.845110000000005,-73.96705,827,9.4569
34,40.845130000000005,-73.96704000000001,828,9.4593
34,40.84516,-73.96703000000001,829,9.4628
34,40.845220000000005,-73.96700000000001,830,9.4699
34,40.845310000000005,-73.96696,831,9.4804
34,40.84536000000001,-73.96693,832,9.4866
34,40.84543,-73.96690000000001,833,9.4947
34,40.84548,-73.96688,834,9.5005
34,40.84573,-73.96676000000001,835,9.5301
34,40.84575,-73.96675,836,9.5325
34,40.84577,-73.96674,837,9.5349
34,40.84581,-73.96672000000001,838,9.5396
34,40.84588,-73.96669,839,9.5478
34,40.84593,-73.96666,840,9.5539
34,40.846070000000005,-73.96659000000001,841,9.5706
34,40.84615,-73.96655000000001,842,9.5801
34,40.846210000000006,-73.96652,843,9.5872
34,40.846230000000006,-73.96651,844,9.5896
34,40.84630000000001,-73.96647,845,9.5981
34,40.8464,-73.96642,846,9.6099
34,40.846470000000004,-73.96640000000001,847,9.6179
34,40.84649,-73.96639,848,9.6203
34,40.846520000000005,-73.96639,849,9.6236
34,40.846540000000005,-73.96638,850,9.626
34,40.846560000000004,-73.96638,851,9.6282
34,40.846590000000006,-73.96637000000001,852,9.6317
34,40.84662,-73.96637000000001,853,9.635
34,40.846680000000006,-73.96637000000001,854,9.6417
35,41.157076125989,-73.870822538987,0,0.0
35,41.157297203073,-73.87382372476661,1,0.2525
35,41.157658760519666,-73.87682131831113,2,0.5066
35,41.158234088148475,-73.88091994459383,3,0.8557
35,41.15961274124052,-73.88758563474713,4,1.4344
35,41.161902126351606,-73.89518279153374,5,2.1194
35,41.16687119236289,-73.90574081838496,6,3.1617
35,41.189551605498224,-73.94951354025939,7,7.6093
35,41.192661500666446,-73.95624986397524,8,8.2706
35,41.19279753178171,-73.95697878577991,9,8.3335
35,41.19280493467,-73.958084468291,10,8.426
36,41.19280493467,-73.958084468291,0,0.0
36,41.19280767473529,-73.9574690767972,1,0.0515
36,41.19276340427302,-73.95687407833728,2,0.1015
36,41.19261848708206,-73.95623298546836,3,0.1575
36,41.16239870774086,-73.89714711718858,4,6.1363
36,41.15958557292072,-73.88759388797463,5,6.995
36,41.1578970500716,-73.8775878835674,6,7.8535
36,41.1572712576459,-73.87397509997805,7,8.1639
36,41.15702248546097,-73.87216172341218,8,8.3182
36,41.157076125989,-73.870822538987,9,8.4304
37,40.776359418546,-74.010074289269,0,0.0
37,40.77605860910924,-74.0094631743718,1,0.0614
37,40.775114694081026,-74.00800497223561,2,0.2229
37,40.773072925803234,-74.00707726483668,3,0.463
37,40.769319587469624,-74.00693287510208,4,0.8805
37,40.76534584691308,-74.00733818250582,5,1.3237
37,40.762644553680644,-74.0062056749444,6,1.6389
37,40.76155393592188,-74.00537772665227,7,1.7788
37,40.760896514135226,-74.004437101325,8,1.8865
37,40.76062395229,-74.003851516287,9,1.9444
38,40.76062395229,-74.003851516287,0,0.0
38,40.760990434324896,-74.00477981932605,1,0.0882
38,40.76160925338658,-74.00570271727511,2,0.192
38,40.76277170415824,-74.00654243684258,3,0.3393
38,40.76700176691568,-74.00768911039358,4,0.8195
38,40.772649741504154,-74.00800014874294,5,1.4481
38,40.77517363059599,-74.00861317886186,6,1.7334
38,40.77605754186206,-74.00932293101738,7,1.8484
38,40.776359418546,-74.010074289269,8,1.9201
39,40.758720776126,-74.022661271313,0,0.0
39,40.75749943556323,-74.01988686354849,1,0.2703
39,40.75732235067176,-74.01735264361159,2,0.4846
39,40.76113198243726,-74.00890020236204,3,1.313
39,40.76141197187903,-74.00582745364515,4,1.5737
39,40.76062395229,-74.003851516287,5,1.7618
40,40.76062395229,-74.003851516287,0,0.0
40,40.761048964959826,-74.00501815959879,1,0.109
40,40.760999678095374,-74.00659611626477,2,0.242
40,40.7604426940799,-74.00977617435946,3,0.517
40,40.75856866324108,-74.01472439356313,4,0.9829
40,40.757675980652806,-74.01750077504302,5,1.237
40,40.757661221151125,-74.02001049703445,6,1.4483
40,40.758720776126,-74.022661271313,7,1.7008
41,40.7765006565427,-74.01130563605749,0,0.0
41,40.776553466099536,-74.01147193301641,1,0.0152
41,40.775966006969114,-74.0119322995149,2,0.0911
41,40.77592373124417,-74.01203250881659,3,0.1008
41,40.77592174493538,-74.01219019473068,4,0.1141
41,40.77580673417094,-74.01221540948418,5,0.127
41,40.77564490278962,-74.01230817182176,6,0.1467
41,40.77520939275952,-74.01260490258126,7,0.2012
41,40.77494460612992,-74.01278431251156,8,0.2342
41,40.77394720014057,-74.01348669722442,9,0.3599
41,40.77388864427123,-74.01338510244092,10,0.3707
41,40.774197989300276,-74.01318570008776,11,0.409
41,40.77439860806803,-74.01303968538134,12,0.4344
41,40.77452523048422,-74.01296511070709,13,0.4499
41,40.77487182010786,-74.0127362490974,14,0.4929
41,40.77510223936573,-74.01255920436681,15,0.5226
41,40.77526034570324,-74.01243570831647,16,0.543
41,40.77549526016997,-74.01223767237028,17,0.574
41,40.775785571769234,-74.01203566076461,18,0.6105
41,40.775867219026104,-74.01202139681465,19,0.6197
41,40.776273646606356,-74.01207899611214,20,0.6651
41,40.776270000000004,-74.01208000000001,21,0.6655
41,40.77637,-74.01209,22,0.6767
41,40.776740000000004,-74.01214,23,0.718
41,40.77694,-74.01216000000001,24,0.7403
41,40.77707,-74.01217000000001,25,0.7548
41,40.77718,-74.01217000000001,26,0.7671
41,40.777240000000006,-74.01217000000001,27,0.7737
41,40.777300000000004,-74.01217000000001,28,0.7804
41,40.777350000000006,-74.01216000000001,29,0.786
41,40.777440000000006,-74.01214,30,0.7962
41,40.77749,-74.01213,31,0.8018
41,40.77756,-74.01211,32,0.8098
41,40.7777,-74.01206,33,0.8259
41,40.777800000000006,-74.01201,34,0.8378
41,40.7779,-74.01197,35,0.8494
41,40.778000000000006,-74.01192,36,0.8613
41,40.77805,-74.01189000000001,37,0.8674
41,40.77807000000001,-74.01188,38,0.8698
41,40.778150000000004,-74.01182,39,0.88
41,40.77821,-74.01178,40,0.8875
41,40.77826,-74.01174,41,0.894
41,40.778420000000004,-74.0116,42,0.9153
41,40.778650000000006,-74.01139,43,0.9464
41,40.77868,-74.01136000000001,44,0.9506
41,40.779030000000006,-74.01106,45,0.997
41,40.779140000000005,-74.01095000000001,46,1.0123
41,40.77928,-74.0109,47,1.0285
41,40.77933,-74.01086000000001,48,1.035
41,40.77935,-74.01084,49,1.0377
41,40.7794,-74.01081,50,1.0438
41,40.77947,-74.01076,51,1.0527
41,40.779520000000005,-74.01072,52,1.0592
41,40.77953,-74.01071,53,1.0606
41,40.77962,-74.01065000000001,54,1.0718
41,40.779700000000005,-74.01059000000001,55,1.082
41,40.77989,-74.01045,56,1.1062
41,40.780010000000004,-74.01037000000001,57,1.1212
41,40.78022,-74.01021,58,1.1481
41,40.78038,-74.01009,59,1.1686
41,40.78041,-74.01007000000001,60,1.1723
41,40.78045,-74.01004,61,1.1774
41,40.78060000000001,-74.00993000000001,62,1.1965
41,40.780620000000006,-74.00991,63,1.1993
41,40.780640000000005,-74.00989000000001,64,1.2021
41,40.780800000000006,-74.00978,65,1.2222
41,40.78092,-74.00968,66,1.2379
41,40.78134,-74.00936,67,1.2919
41,40.78136000000001,-74.00934000000001,68,1.2946
41,40.781380000000006,-74.00933,69,1.297
41,40.78141,-74.00930000000001,70,1.3012
41,40.781780000000005,-74.00901,71,1.3491
41,40.781980000000004,-74.00886000000001,72,1.3746
41,40.78217,-74.0087,73,1.3997
41,40.782180000000004,-74.0087,74,1.4008
41,40.78226,-74.00863000000001,75,1.4115
41,40.782300000000006,-74.00859000000001,76,1.417
41,40.782410000000006,-74.00849000000001,77,1.4319
41,40.782500000000006,-74.00839,78,1.445
41,40.78255,-74.00832000000001,79,1.4531
41,40.782610000000005,-74.00826,80,1.4614
41,40.78267,-74.00817,81,1.4715
41,40.782720000000005,-74.00809000000001,82,1.4803
41,40.78278,-74.00800000000001,83,1.4904
41,40.782810000000005,-74.00793,84,1.4971
41,40.78284,-74.00787000000001,85,1.5032
41,40.78286000000001,-74.00784,86,1.5066
41,40.782880000000006,-74.00781,87,1.5099
41,40.78289,-74.00779,88,1.5119
41,40.78291,-74.00774000000001,89,1.5167
41,40.782970000000006,-74.00757,90,1.5325
41,40.783120000000004,-74.00723,91,1.5656
41,40.78313,-74.00718,92,1.57
41,40.783150000000006,-74.00715000000001,93,1.5734
41,40.783170000000005,-74.00709,94,1.5789
41,40.7832,-74.00703,95,1.5849
41,40.78325,-74.00688000000001,96,1.5987
41,40.783300000000004,-74.00676,97,1.6103
41,40.783500000000004,-74.00625000000001,98,1.6586
41,40.783550000000005,-74.00613000000001,99,1.6701
41,40.78367,-74.00583,100,1.6987
41,40.78372,-74.00571000000001,101,1.7102
41,40.783770000000004,-74.00558000000001,102,1.7225
41,40.78389000000001,-74.00528,103,1.7511
41,40.78399,-74.00506,104,1.7727
41,40.784060000000004,-74.00491000000001,105,1.7875
41,40.784130000000005,-74.00475,106,1.8031
41,40.78417,-74.00469000000001,107,1.8098
41,40.78417,-74.00468000000001,108,1.8107
41,40.784220000000005,-74.00459000000001,109,1.8201
41,40.78428,-74.00450000000001,110,1.8302
41,40.784440000000004,-74.00426,111,1.8571
41,40.784510000000004,-74.00415000000001,112,1.8692
41,40.78472,-74.00389000000001,113,1.9012
41,40.78486,-74.00372,114,1.9223
41,40.785030000000006,-74.00354,115,1.9466
41,40.785180000000004,-74.00338,116,1.968
41,40.78533,-74.00324,117,1.9884
41,40.78562,-74.00299000000001,118,2.0269
41,40.785700000000006,-74.00293,119,2.0372
41,40.785810000000005,-74.00284,120,2.0516
41,40.786,-74.00268000000001,121,2.0766
41,40.78616,-74.00256,122,2.0971
41,40.78616,-74.00255,123,2.0979
41,40.78618,-74.00254000000001,124,2.1003
41,40.786410000000004,-74.00236000000001,125,2.13
41,40.78674,-74.00209000000001,126,2.1732
41,40.786950000000004,-74.00192000000001,127,2.2006
41,40.786950000000004,-74.00191000000001,128,2.2014
41,40.787150000000004,-74.00173000000001,129,2.2283
41,40.787200000000006,-74.00168000000001,130,2.2353
41,40.787220000000005,-74.00166,131,2.2381
41,40.787240000000004,-74.00164000000001,132,2.2409
41,40.787290000000006,-74.00159000000001,133,2.2478
41,40.78743,-74.00146000000001,134,2.2669
41,40.78748,-74.0014,135,2.2744
41,40.787510000000005,-74.00138000000001,136,2.2781
41,40.787510000000005,-74.00137000000001,137,2.279
41,40.787650000000006,-74.00123,138,2.2985
41,40.7877,-74.00118,139,2.3055
41,40.787960000000005,-74.00093000000001,140,2.3412
41,40.78799,-74.00089000000001,141,2.346
41,40.78801,-74.00088000000001,142,2.3484
41,40.78824,-74.00069,143,2.3785
41,40.78826,-74.00067,144,2.3813
41,40.78828,-74.00066000000001,145,2.3837
41,40.788450000000005,-74.00053000000001,146,2.4055
41,40.788470000000004,-74.00052000000001,147,2.4079
41,40.78858,-74.00044000000001,148,2.4219
41,40.788740000000004,-74.00033,149,2.4419
41,40.78886000000001,-74.00025000000001,150,2.4569
41,40.78905,-74.00011,151,2.4811
41,40.789120000000004,-74.00006,152,2.4899
41,40.78929,-73.99994000000001,153,2.5114
41,40.789300000000004,-73.99993,154,2.5127
41,40.78931,-73.99992,155,2.5141
41,40.78938,-73.99988,156,2.5226
41,40.78942,-73.99985000000001,157,2.5277
41,40.78949,-73.99979,158,2.537
41,40.789550000000006,-73.99975,159,2.5445
41,40.78956,-73.99974,160,2.5459
41,40.789590000000004,-73.99972000000001,161,2.5496
41,40.78961,-73.99971000000001,162,2.552
41,40.789620000000006,-73.99971000000001,163,2.5531
41,40.789660000000005,-73.99969,164,2.5579
41,40.78976,-73.99964,165,2.5698
41,40.789860000000004,-73.99959000000001,166,2.5817
41,40.78996,-73.99954000000001,167,2.5935
41,40.790150000000004,-73.99945000000001,168,2.616
41,40.79023,-73.99941000000001,169,2.6255
41,40.790470000000006,-73.9993,170,2.6538
41,40.790490000000005,-73.99929,171,2.6561
41,40.790530000000004,-73.99927000000001,172,2.6609
41,40.790690000000005,-73.9992,173,2.6796
41,40.79073,-73.99918000000001,174,2.6844
41,40.79075,-73.99917,175,2.6868
41,40.79079,-73.99914000000001,176,2.6919
41,40.79081,-73.99913000000001,177,2.6943
41,40.790820000000004,-73.99912,178,2.6957
41,40.7912,-73.99887000000001,179,2.7429
41,40.79128,-73.99882000000001,180,2.7527
41,40.79137,-73.99877000000001,181,2.7636
41,40.79146,-73.99872,182,2.7744
41,40.79159000000001,-73.99863,183,2.7907
41,40.791810000000005,-73.9985,184,2.8175
41,40.79204,-73.99836,185,2.8457
41,40.792190000000005,-73.99827,186,2.864
41,40.792260000000006,-73.99823,187,2.8725
41,40.792320000000004,-73.99818,188,2.8804
41,40.79249,-73.99808,189,2.9011
41,40.792500000000004,-73.99807000000001,190,2.9025
41,40.79254,-73.99805,191,2.9072
41,40.792550000000006,-73.99804,192,2.9086
41,40.792680000000004,-73.99797000000001,193,2.9242
41,40.7927,-73.99796,194,2.9266
41,40.79274,-73.99793000000001,195,2.9317
41,40.792750000000005,-73.99793000000001,196,2.9328
41,40.792930000000005,-73.99782,197,2.9549
41,40.79327000000001,-73.99763,198,2.9959
41,40.793380000000006,-73.99757000000001,199,3.0092
41,40.793530000000004,-73.9975,200,3.0269
41,40.793670000000006,-73.99744000000001,201,3.0432
41,40.79372,-73.99742,202,3.049
41,40.793780000000005,-73.99739000000001,203,3.0562
41,40.793780000000005,-73.9974,204,3.057
41,40.79392,-73.99735000000001,205,3.0731
41,40.79403000000001,-73.99732,206,3.0856
41,40.79424,-73.99726000000001,207,3.1095
41,40.794500000000006,-73.99718,208,3.1392
41,40.7946,-73.99715,209,3.1506
41,40.79484,-73.99709,210,3.1778
41,40.79502,-73.99703000000001,211,3.1984
41,40.795120000000004,-73.99701,212,3.2097
41,40.795210000000004,-73.99698000000001,213,3.22
41,40.795300000000005,-73.99695000000001,214,3.2303
41,40.795460000000006,-73.99691,215,3.2484
41,40.79547,-73.99691,216,3.2495
41,40.795480000000005,-73.99690000000001,217,3.2509
41,40.79565,-73.99685000000001,218,3.2703
41,40.795750000000005,-73.99682,219,3.2817
41,40.7958,-73.99681000000001,220,3.2873
41,40.795910000000006,-73.99678,221,3.2998
41,40.79608,-73.99672000000001,222,3.3194
41,40.79639,-73.99657,223,3.3561
41,40.79641,-73.99656,224,3.3585
41,40.796440000000004,-73.99654000000001,225,3.3622
41,40.79672,-73.99639,226,3.3958
41,40.796730000000004,-73.99639,227,3.3969
41,40.79681,-73.99634,228,3.4067
41,40.79686,-73.99631000000001,229,3.4128
41,40.796870000000006,-73.99631000000001,230,3.414
41,40.79697,-73.99624,231,3.4265
41,40.79713,-73.99614000000001,232,3.4462
41,40.79717,-73.99611,233,3.4513
41,40.797270000000005,-73.99605000000001,234,3.4636
41,40.797290000000004,-73.99603,235,3.4663
41,40.79748,-73.9959,236,3.4901
41,40.7976,-73.99582000000001,237,3.5051
41,40.79766,-73.99579,238,3.5122
41,40.79778,-73.99571,239,3.5272
41,40.79798,-73.99558,240,3.5519
41,40.798100000000005,-73.99549,241,3.5673
41,40.798120000000004,-73.99548,242,3.5697
41,40.798170000000006,-73.99545,243,3.5758
41,40.798260000000006,-73.99539,244,3.587
41,40.79838,-73.99531,245,3.6019
41,40.79856,-73.99520000000001,246,3.624
41,40.79858,-73.99519000000001,247,3.6264
41,40.79867,-73.99512,248,3.638
41,40.798770000000005,-73.99506000000001,249,3.6502
41,40.798860000000005,-73.995,250,3.6614
41,40.798930000000006,-73.99495,251,3.6702
41,40.79901,-73.9949,252,3.6801
41,40.79909000000001,-73.99485,253,3.6899
41,40.79912,-73.99483000000001,254,3.6937
41,40.799150000000004,-73.99481,255,3.6974
41,40.799640000000004,-73.9945,256,3.7578
41,40.7997,-73.99447,257,3.765
41,40.79981,-73.99434000000001,258,3.7814
41,40.799870000000006,-73.99431000000001,259,3.7885
41,40.799890000000005,-73.99430000000001,260,3.7909
41,40.799910000000004,-73.99429,261,3.7933
41,40.79994000000001,-73.99427,262,3.797
41,40.79999,-73.99425000000001,263,3.8028
41,40.80006,-73.99421000000001,264,3.8113
41,40.800160000000005,-73.99416000000001,265,3.8232
41,40.800360000000005,-73.99406,266,3.847
41,40.800580000000004,-73.99395000000001,267,3.8731
41,40.800740000000005,-73.99388,268,3.8919
41,40.80075,-73.99387,269,3.8932
41,40.800760000000004,-73.99386000000001,270,3.8946
41,40.80088000000001,-73.99381000000001,271,3.9086
41,40.80095,-73.99377000000001,272,3.9171
41,40.80104,-73.99374,273,3.9274
41,40.801230000000004,-73.99367000000001,274,3.9494
41,40.80136,-73.99364,275,3.964
41,40.8014,-73.99363000000001,276,3.9686
41,40.80142,-73.99363000000001,277,3.9708
41,40.801590000000004,-73.99361,278,3.9898
41,40.80165,-73.9936,279,3.9965
41,40.80171,-73.9936,280,4.0032
41,40.801790000000004,-73.99361,281,4.0121
41,40.80194,-73.99362,282,4.0288
41,40.80200000000001,-73.99362,283,4.0355
41,40.802200000000006,-73.99362,284,4.0577
41,40.802490000000006,-73.99363000000001,285,4.09
41,40.8025,-73.99363000000001,286,4.0911
41,40.802550000000004,-73.99364,287,4.0967
41,40.80261,-73.99364,288,4.1034
41,40.802670000000006,-73.99364,289,4.1101
41,40.80277,-73.99364,290,4.1212
41,40.802780000000006,-73.99364,291,4.1223
41,40.80283,-73.99364,292,4.1278
41,40.802870000000006,-73.99364,293,4.1323
41,40.802890000000005,-73.99363000000001,294,4.1347
41,40.80295,-73.99363000000001,295,4.1413
41,40.803000000000004,-73.99362,296,4.147
41,40.80301,-73.99362,297,4.1481
41,40.80312,-73.9936,298,4.1604
41,40.80328,-73.99356,299,4.1785
41,40.80344,-73.99352,300,4.1966
41,40.80355,-73.99349000000001,301,4.2091
41,40.80371,-73.99343,302,4.2276
41,40.804030000000004,-73.99328000000001,303,4.2654
41,40.804100000000005,-73.99323000000001,304,4.2742
41,40.80413,-73.99321,305,4.278
41,40.8042,-73.99317,306,4.2864
41,40.804260000000006,-73.99312,307,4.2943
41,40.804300000000005,-73.99310000000001,308,4.2991
41,40.80436,-73.99305000000001,309,4.307
41,40.80447,-73.99297,310,4.3209
41,40.80454,-73.99291000000001,311,4.3302
41,40.80463,-73.99283000000001,312,4.3423
41,40.804660000000005,-73.9928,313,4.3465
41,40.80476,-73.99271,314,4.3599
41,40.80485,-73.99263,315,4.372
41,40.804930000000006,-73.99255000000001,316,4.3831
41,40.80501,-73.99248,317,4.3938
41,40.8051,-73.9924,318,4.4059
41,40.80516,-73.99234000000001,319,4.4142
41,40.80523,-73.99228000000001,320,4.4235
41,40.8053,-73.99222,321,4.4328
41,40.80532,-73.99220000000001,322,4.4356
41,40.80536,-73.99216000000001,323,4.4412
41,40.80545,-73.99209,324,4.4528
41,40.80563,-73.99203,325,4.4734
41,40.80568,-73.992,326,4.4795
41,40.80577,-73.99193000000001,327,4.4911
41,40.806270000000005,-73.99152000000001,328,4.5566
41,40.806400000000004,-73.99140000000001,329,4.5742
41,40.806540000000005,-73.99129,330,4.5923
41,40.80662,-73.99122000000001,331,4.603
41,40.80666,-73.99134000000001,332,4.614
41,40.806740000000005,-73.99158,333,4.6361
41,40.806760000000004,-73.99164,334,4.6416
41,40.80678,-73.99170000000001,335,4.6471
41,40.8068,-73.99175000000001,336,4.6519
41,40.80682,-73.99179000000001,337,4.6559
41,40.80684,-73.99182,338,4.6593
41,40.80686,-73.99186,339,4.6633
41,40.806900000000006,-73.9919,340,4.6689
41,40.806940000000004,-73.99195,341,4.675
41,40.80697000000001,-73.99197000000001,342,4.6788
41,40.807,-73.992,343,4.6829
41,40.80702,-73.99202000000001,344,4.6857
41,40.807050000000004,-73.99204,345,4.6895
41,40.80707,-73.99205,346,4.6918
41,40.807100000000005,-73.99207000000001,347,4.6956
41,40.807120000000005,-73.99208,348,4.698
41,40.80715,-73.99209,349,4.7014
41,40.80718,-73.99210000000001,350,4.7048
41,40.8072,-73.99211000000001,351,4.7072
41,40.80726000000001,-73.99212,352,4.7139
41,40.807320000000004,-73.99213,353,4.7207
41,40.80733,-73.99213,354,4.7218
41,40.80736,-73.99213,355,4.7251
41,40.8074,-73.99213,356,4.7296
41,40.80751,-73.99211000000001,357,4.7419
41,40.80756,-73.99209,358,4.7477
41,40.8076,-73.99207000000001,359,4.7525
41,40.807700000000004,-73.99203,360,4.7641
41,40.807790000000004,-73.992,361,4.7744
41,40.80785,-73.99196,362,4.7819
41,40.80787,-73.99195,363,4.7843
41,40.807900000000004,-73.99193000000001,364,4.788
41,40.808150000000005,-73.99177,365,4.8189
41,40.80818,-73.99175000000001,366,4.8226
41,40.80821,-73.99173,367,4.8264
41,40.80834,-73.99165,368,4.8423
41,40.80843,-73.9916,369,4.8532
41,40.80854,-73.99155,370,4.8661
41,40.80866,-73.99149000000001,371,4.8804
41,40.808730000000004,-73.99145,372,4.8888
41,40.808800000000005,-73.99142,373,4.897
41,40.80892,-73.99137,374,4.911
41,40.80897,-73.99135000000001,375,4.9168
41,40.809020000000004,-73.99133,376,4.9226
41,40.80904,-73.99132,377,4.925
41,40.80913,-73.99130000000001,378,4.9352
41,40.809180000000005,-73.99128,379,4.941
41,40.80923000000001,-73.99127,380,4.9466
41,40.80931,-73.99126000000001,381,4.9555
41,40.809340000000006,-73.99125000000001,382,4.959
41,40.809360000000005,-73.99125000000001,383,4.9612
41,40.809470000000005,-73.99123,384,4.9735
41,40.80951,-73.99122000000001,385,4.9781
41,40.809560000000005,-73.99121000000001,386,4.9837
41,40.80964,-73.9912,387,4.9926
41,40.809670000000004,-73.9912,388,4.996
41,40.80978,-73.99119,389,5.0082
41,40.809920000000005,-73.99117000000001,390,5.0239
41,40.80998,-73.99116000000001,391,5.0306
41,40.81009,-73.99115,392,5.0429
41,40.81022,-73.99114,393,5.0573
41,40.81026000000001,-73.99113000000001,394,5.0619
41,40.81031,-73.99113000000001,395,5.0674
41,40.81038,-73.99112000000001,396,5.0753
41,40.810410000000005,-73.99111,397,5.0787
41,40.81045,-73.99111,398,5.0831
41,40.81047,-73.9911,399,5.0855
41,40.81053,-73.99109,400,5.0922
41,40.810570000000006,-73.99108000000001,401,5.0968
41,40.81062,-73.99107000000001,402,5.1024
41,40.810660000000006,-73.99106,403,5.1069
41,40.81078,-73.99102,404,5.1207
41,40.8108,-73.99101,405,5.1231
41,40.810990000000004,-73.99095000000001,406,5.1448
41,40.811150000000005,-73.99090000000001,407,5.1631
41,40.811240000000005,-73.99087,408,5.1734
41,40.8113,-73.99085000000001,409,5.1803
41,40.81136,-73.99082,410,5.1874
41,40.81141,-73.99080000000001,411,5.1932
41,40.811490000000006,-73.99075,412,5.203
41,40.811510000000006,-73.99074,413,5.2054
41,40.81154,-73.99072000000001,414,5.2092
41,40.81166,-73.99065,415,5.2237
41,40.811710000000005,-73.99062,416,5.2299
41,40.81176000000001,-73.99059000000001,417,5.236
41,40.811820000000004,-73.99056,418,5.2431
41,40.811870000000006,-73.99053,419,5.2492
41,40.8119,-73.99051,420,5.2529
41,40.811930000000004,-73.99049000000001,421,5.2567
41,40.81203,-73.99045000000001,422,5.2683
41,40.81206,-73.99043,423,5.272
41,40.812110000000004,-73.99042,424,5.2776
41,40.812200000000004,-73.99041000000001,425,5.2877
41,40.812250000000006,-73.99040000000001,426,5.2933
41,40.81228,-73.99040000000001,427,5.2967
41,40.812380000000005,-73.99038,428,5.3079
41,40.812470000000005,-73.99037000000001,429,5.3179
41,40.81253,-73.99037000000001,430,5.3246
41,40.812810000000006,-73.99035,431,5.3558
41,40.81295,-73.99033,432,5.3714
41,40.81302,-73.99032000000001,433,5.3793
41,40.813100000000006,-73.99031000000001,434,5.3882
41,40.8132,-73.9903,435,5.3994
41,40.81329,-73.99029,436,5.4094
41,40.813340000000004,-73.99028000000001,437,5.415
41,40.81336,-73.99028000000001,438,5.4173
41,40.81342,-73.99027000000001,439,5.424
41,40.81351,-73.99026,440,5.434
41,40.81364000000001,-73.99023000000001,441,5.4487
41,40.813810000000004,-73.99018000000001,442,5.4681
41,40.813950000000006,-73.99014000000001,443,5.484
41,40.814040000000006,-73.99011,444,5.4943
41,40.814080000000004,-73.99010000000001,445,5.4988
41,40.81421,-73.99005000000001,446,5.5139
41,40.81425,-73.99021,447,5.5281
41,40.814260000000004,-73.99025,448,5.5316
41,40.814260000000004,-73.99027000000001,449,5.5333
41,40.814350000000005,-73.99056,450,5.5597
41,40.814370000000004,-73.99063000000001,451,5.566
41,40.81439,-73.9907,452,5.5723
41,40.814460000000004,-73.99094000000001,453,5.5939
41,40.8145,-73.99107000000001,454,5.6057
41,40.81456,-73.99123,455,5.6208
41,40.814620000000005,-73.99136,456,5.6336
41,40.814490000000006,-73.99142,457,5.6489
41,40.814460000000004,-73.99144000000001,458,5.6526
41,40.81441,-73.99146,459,5.6584
41,40.813930000000006,-73.99168,460,5.7149
41,40.813810000000004,-73.99174000000001,461,5.7292
41,40.813570000000006,-73.99185,462,5.7574
41,40.81327,-73.99199,463,5.7928
41,40.81322,-73.99201000000001,464,5.7986
41,40.81316,-73.99202000000001,465,5.8053
41,40.81288,-73.99216000000001,466,5.8386
41,40.81268,-73.99225000000001,467,5.8621
41,40.81248,-73.99234000000001,468,5.8856
41,40.812400000000004,-73.99238000000001,469,5.8951
41,40.811890000000005,-73.99262,470,5.9553
41,40.81179,-73.99266,471,5.9669
41,40.811620000000005,-73.99275,472,5.9873
41,40.811600000000006,-73.99276,473,5.9897
41,40.81138000000001,-73.99288,474,6.0161
41,40.811150000000005,-73.99303,475,6.0447
41,40.81107,-73.99309000000001,476,6.0549
41,40.81098,-73.99315,477,6.0661
41,40.810930000000006,-73.99319000000001,478,6.0726
41,40.810900000000004,-73.99321,479,6.0763
41,40.81083,-73.99326,480,6.0852
41,40.81067,-73.99337000000001,481,6.1052
41,40.81056,-73.99345000000001,482,6.1192
41,40.810460000000006,-73.99352,483,6.1318
41,40.810340000000004,-73.99361,484,6.1471
41,40.81017000000001,-73.99373,485,6.1686
41,40.810010000000005,-73.99384,486,6.1886
41,40.80991,-73.99391,487,6.2012
41,40.80982,-73.99397,488,6.2124
41,40.809740000000005,-73.99402,489,6.2223
41,40.80904,-73.99447,490,6.3088
41,40.80903,-73.99447,491,6.3099
41,40.80894000000001,-73.99453000000001,492,6.3211
41,40.8083,-73.99493000000001,493,6.3999
41,40.80825,-73.99497000000001,494,6.4064
41,40.80818,-73.99501000000001,495,6.4148
41,40.808150000000005,-73.99503,496,6.4186
41,40.80774,-73.9953,497,6.4695
41,40.807660000000006,-73.99534000000001,498,6.479
41,40.807570000000005,-73.99541,499,6.4907
41,40.80726000000001,-73.99560000000001,500,6.5286
41,40.807230000000004,-73.99563,501,6.5328
41,40.807210000000005,-73.99565000000001,502,6.5356
41,40.807190000000006,-73.99566,503,6.538
41,40.807140000000004,-73.99572,504,6.5455
41,40.80709,-73.9958,505,6.5542
41,40.806960000000004,-73.99599,506,6.5758
41,40.80686,-73.99614000000001,507,6.5926
41,40.806810000000006,-73.99621,508,6.6007
41,40.80678,-73.99626,509,6.6061
41,40.806740000000005,-73.99632000000001,510,6.6128
41,40.80668,-73.99641000000001,511,6.6229
41,40.80666,-73.99643,512,6.6257
41,40.8066,-73.99652,513,6.6358
41,40.80657,-73.99658000000001,514,6.6419
41,40.80651,-73.99666,515,6.6513
41,40.80626,-73.99704000000001,516,6.6937
41,40.80622,-73.99709,517,6.6998
41,40.80619,-73.99714,518,6.7052
41,40.806180000000005,-73.99715,519,6.7066
41,40.80615,-73.9972,520,6.712
41,40.80613,-73.99723,521,6.7153
41,40.806110000000004,-73.99725000000001,522,6.7181
41,40.80603,-73.99738,523,6.7322
41,40.80599,-73.99743000000001,524,6.7383
41,40.80594000000001,-73.99752000000001,525,6.7477
41,40.80592,-73.99754,526,6.7505
41,40.8059,-73.99757000000001,527,6.7539
41,40.80586,-73.99763,528,6.7606
41,40.80585000000001,-73.99765000000001,529,6.7626
41,40.80584,-73.99767,530,6.7647
41,40.80583,-73.99768,531,6.7661
41,40.80576000000001,-73.99779000000001,532,6.7781
41,40.8057,-73.99789000000001,533,6.7889
41,40.805640000000004,-73.99798000000001,534,6.799
41,40.80548,-73.99822,535,6.8259
41,40.80547000000001,-73.99824000000001,536,6.8279
41,40.805460000000004,-73.99827,537,6.8307
41,40.80545,-73.9983,538,6.8334
41,40.80543,-73.99834000000001,539,6.8375
41,40.80528,-73.99838000000001,540,6.8545
41,40.80521,-73.99839,541,6.8623
41,40.80519,-73.99839,542,6.8645
41,40.80516,-73.9984,543,6.868
41,40.805130000000005,-73.9984,544,6.8713
41,40.8051,-73.9984,545,6.8746
41,40.805080000000004,-73.9984,546,6.8769
41,40.805040000000005,-73.99839,547,6.8814
41,40.80503,-73.99839,548,6.8825
41,40.805020000000006,-73.99839,549,6.8836
41,40.80500000000001,-73.99839,550,6.8858
41,40.80498,-73.99839,551,6.8881
41,40.80496,-73.99838000000001,552,6.8904
41,40.80494,-73.99838000000001,553,6.8927
41,40.80491000000001,-73.99839,554,6.8961
41,40.80481,-73.99836,555,6.9075
41,40.80471,-73.99815000000001,556,6.9284
41,40.80433,-73.99730000000001,557,7.0115
41,40.804320000000004,-73.99729,558,7.0129
41,40.804280000000006,-73.9972,559,7.0217
41,40.80425,-73.99714,560,7.0277
41,40.804190000000006,-73.99701,561,7.0405
41,40.80416,-73.99694000000001,562,7.0473
41,40.804100000000005,-73.99680000000001,563,7.0608
41,40.80404,-73.99668000000001,564,7.0729
41,40.804010000000005,-73.99663000000001,565,7.0783
41,40.803960000000004,-73.99653,566,7.0884
41,40.803940000000004,-73.99651,567,7.0912
41,40.80393,-73.99649000000001,568,7.0932
41,40.80389,-73.99642,569,7.1006
41,40.80386,-73.99639,570,7.1048
41,40.80382,-73.99634,571,7.1109
41,40.80377,-73.99629,572,7.1179
41,40.803720000000006,-73.99625,573,7.1244
41,40.803670000000004,-73.99621,574,7.1309
41,40.80364,-73.99619000000001,575,7.1346
41,40.803630000000005,-73.99618000000001,576,7.136
41,40.80357,-73.99614000000001,577,7.1435
41,40.80351,-73.99611,578,7.1506
41,40.80344,-73.99608,579,7.1588
41,40.80341000000001,-73.99607,580,7.1622
41,40.80332000000001,-73.99604000000001,581,7.1726
41,40.80328,-73.99603,582,7.1771
41,40.80322,-73.99603,583,7.1838
41,40.80317,-73.99603,584,7.1893
41,40.80312,-73.99603,585,7.1949
41,40.803090000000005,-73.99603,586,7.1982
41,40.80304,-73.99604000000001,587,7.2038
41,40.802960000000006,-73.99605000000001,588,7.2128
41,40.802820000000004,-73.99608,589,7.2285
41,40.80274,-73.99609000000001,590,7.2375
41,40.80266,-73.99610000000001,591,7.2464
41,40.802620000000005,-73.99611,592,7.2509
41,40.802490000000006,-73.99614000000001,593,7.2656
41,40.80234,-73.99617,594,7.2825
41,40.802220000000005,-73.9962,595,7.2961
41,40.80209000000001,-73.99624,596,7.3109
41,40.80200000000001,-73.99626,597,7.3211
41,40.801930000000006,-73.99627000000001,598,7.3289
41,40.80185,-73.9963,599,7.3381
41,40.801660000000005,-73.99635,600,7.3597
41,40.80163,-73.99636000000001,601,7.3631
41,40.801570000000005,-73.99637000000001,602,7.3698
41,40.801480000000005,-73.99640000000001,603,7.3802
41,40.8014,-73.99642,604,7.3892
41,40.80082,-73.99659000000001,605,7.4553
41,40.80055,-73.99667000000001,606,7.486
41,40.800540000000005,-73.99667000000001,607,7.4872
41,40.80046,-73.99669,608,7.4962
41,40.800360000000005,-73.99672000000001,609,7.5076
41,40.800320000000006,-73.99673,610,7.5121
41,40.80024,-73.99675,611,7.5212
41,40.80008,-73.99684,612,7.5405
41,40.80004,-73.99684,613,7.545
41,40.79999,-73.99683,614,7.5506
41,40.79994000000001,-73.99682,615,7.5562
41,40.799890000000005,-73.99682,616,7.5618
41,40.79988,-73.99681000000001,617,7.5632
41,40.799870000000006,-73.99681000000001,618,7.5643
41,40.79979,-73.99681000000001,619,7.5732
41,40.799760000000006,-73.99680000000001,620,7.5766
41,40.799690000000005,-73.99680000000001,621,7.5844
41,40.799600000000005,-73.99679,622,7.5945
41,40.79957,-73.99679,623,7.5978
41,40.799510000000005,-73.99679,624,7.6045
41,40.79943,-73.99678,625,7.6134
41,40.79927,-73.99679,626,7.6312
41,40.799240000000005,-73.99679,627,7.6345
41,40.79918000000001,-73.99679,628,7.6412
41,40.799130000000005,-73.99679,629,7.6468
41,40.79912,-73.99680000000001,630,7.6482
41,40.799080000000004,-73.99680000000001,631,7.6526
41,40.799040000000005,-73.99681000000001,632,7.6572
41,40.79891000000001,-73.99684,633,7.6718
41,40.798820000000006,-73.99687,634,7.6821
41,40.79874,-73.99690000000001,635,7.6914
41,40.798660000000005,-73.99694000000001,636,7.7009
41,40.79863,-73.99695000000001,637,7.7043
41,40.79854,-73.99701,638,7.7156
41,40.79844000000001,-73.99709,639,7.7286
41,40.798320000000004,-73.99719,640,7.7443
41,40.798010000000005,-73.99746,641,7.7856
41,40.79795,-73.9975,642,7.7931
41,40.79791,-73.99755,643,7.7992
41,40.797850000000004,-73.9976,644,7.8071
41,40.79782,-73.99764,645,7.8118
41,40.797790000000006,-73.99766000000001,646,7.8156
41,40.797650000000004,-73.99782,647,7.8362
41,40.79757,-73.99791,648,7.8479
41,40.797560000000004,-73.99792000000001,649,7.8493
41,40.79751,-73.99797000000001,650,7.8562
41,40.79748,-73.998,651,7.8604
41,40.797410000000006,-73.99807000000001,652,7.8702
41,40.79737,-73.99811000000001,653,7.8758
41,40.797320000000006,-73.99815000000001,654,7.8823
41,40.7973,-73.99817,655,7.885
41,40.797270000000005,-73.99819000000001,656,7.8888
41,40.79724,-73.99821,657,7.8925
41,40.797200000000004,-73.99823,658,7.8973
41,40.79717,-73.99825000000001,659,7.901
41,40.79715,-73.99827,660,7.9038
41,40.79711,-73.99828000000001,661,7.9083
41,40.79708,-73.9983,662,7.9121
41,40.79704,-73.99832,663,7.9168
41,40.797000000000004,-73.99834000000001,664,7.9216
41,40.796960000000006,-73.99835,665,7.9261
41,40.79692,-73.99837000000001,666,7.9309
41,40.79688,-73.99839,667,7.9356
41,40.796870000000006,-73.99839,668,7.9367
41,40.796850000000006,-73.9984,669,7.9391
41,40.796820000000004,-73.99841,670,7.9425
41,40.79677,-73.99842000000001,671,7.9482
41,40.796690000000005,-73.99843,672,7.9571
41,40.796600000000005,-73.99844,673,7.9671
41,40.79655,-73.99845,674,7.9728
41,40.79648,-73.99845,675,7.9805
41,40.79636,-73.99846000000001,676,7.9939
41,40.79612,-73.99847000000001,677,8.0206
41,40.79603,-73.99847000000001,678,8.0306
41,40.79599,-73.99848,679,8.0352
41,40.795700000000004,-73.99849,680,8.0674
41,40.79554,-73.9985,681,8.0852
41,40.79543,-73.9985,682,8.0975
41,40.79538,-73.99851000000001,683,8.1031
41,40.795370000000005,-73.99851000000001,684,8.1042
41,40.7952,-73.99851000000001,685,8.1231
41,40.794470000000004,-73.99855000000001,686,8.2043
41,40.79446,-73.99855000000001,687,8.2055
41,40.7944,-73.99855000000001,688,8.2121
41,40.79428,-73.99860000000001,689,8.2261
41,40.794200000000004,-73.99860000000001,690,8.235
41,40.79406,-73.99861,691,8.2506
41,40.79404,-73.99861,692,8.2528
41,40.79402,-73.99862,693,8.2552
41,40.79399,-73.99863,694,8.2586
41,40.793960000000006,-73.99864000000001,695,8.2621
41,40.793940000000006,-73.99866,696,8.2649
41,40.79392,-73.99868000000001,697,8.2677
41,40.7939,-73.9987,698,8.2705
41,40.7939,-73.99871,699,8.2713
41,40.79388,-73.99873000000001,700,8.2741
41,40.793870000000005,-73.99876,701,8.2769
41,40.793870000000005,-73.99879,702,8.2794
41,40.793870000000005,-73.99881,703,8.2811
41,40.793870000000005,-73.99884,704,8.2836
41,40.793870000000005,-73.99889,705,8.2878
41,40.79388,-73.99893,706,8.2914
41,40.7939,-73.99899,707,8.2969
41,40.793960000000006,-73.99913000000001,708,8.3104
41,40.79402,-73.99924,709,8.3218
41,40.79402,-73.99926,710,8.3235
41,40.79403000000001,-73.99929,711,8.3263
41,40.79408,-73.99939,712,8.3364
41,40.794160000000005,-73.99956,713,8.3532
41,40.79424,-73.99973,714,8.3701
41,40.79428,-73.99983,715,8.3796
41,40.794290000000004,-73.99984,716,8.381
41,40.79431,-73.99988,717,8.385
41,40.79431,-73.99990000000001,718,8.3867
41,40.79433,-73.99993,719,8.3901
41,40.794340000000005,-73.99996,720,8.3928
41,40.79435,-73.99998000000001,721,8.3948
41,40.79435,-74,722,8.3965
41,40.794360000000005,-74.00002,723,8.3985
41,40.794360000000005,-74.00006,724,8.4019
41,40.794360000000005,-74.00009,725,8.4044
41,40.794360000000005,-74.00011,726,8.4061
41,40.794360000000005,-74.00014,727,8.4086
41,40.794360000000005,-74.00016000000001,728,8.4103
41,40.794360000000005,-74.0002,729,8.4137
41,40.794360000000005,-74.00034000000001,730,8.4255
41,40.794340000000005,-74.00041,731,8.4318
41,40.79433,-74.00044000000001,732,8.4345
41,40.794320000000006,-74.00047,733,8.4373
41,40.79431,-74.00049,734,8.4393
41,40.794290000000004,-74.00054,735,8.4441
41,40.794270000000004,-74.00057000000001,736,8.4474
41,40.794250000000005,-74.00059,737,8.4502
41,40.794230000000006,-74.00062000000001,738,8.4536
41,40.794200000000004,-74.00064,739,8.4573
41,40.794200000000004,-74.00065000000001,740,8.4582
41,40.79413,-74.00070000000001,741,8.467
41,40.79411,-74.00072,742,8.4698
41,40.794090000000004,-74.00073,743,8.4722
41,40.79406,-74.00075000000001,744,8.4759
41,40.79404,-74.00077,745,8.4787
41,40.79401,-74.00079000000001,746,8.4825
41,40.793980000000005,-74.00082,747,8.4866
41,40.7939,-74.00089000000001,748,8.4973
41,40.793310000000005,-74.00136,749,8.5739
41,40.793220000000005,-74.00143,750,8.5855
41,40.793130000000005,-74.00151000000001,751,8.5976
41,40.793060000000004,-74.00154,752,8.6058
41,40.79299,-74.00157,753,8.614
41,40.792950000000005,-74.00158,754,8.6185
41,40.792910000000006,-74.00159000000001,755,8.623
41,40.792820000000006,-74.00158,756,8.6331
41,40.792750000000005,-74.00156000000001,757,8.641
41,40.792680000000004,-74.00152,758,8.6495
41,40.792570000000005,-74.00145,759,8.6631
41,40.79256,-74.00143,760,8.6651
41,40.79251,-74.00135,761,8.6738
41,40.79247,-74.00129000000001,762,8.6806
41,40.792440000000006,-74.00125000000001,763,8.6853
41,40.79243,-74.00122,764,8.6881
41,40.79238,-74.00116000000001,765,8.6956
41,40.792320000000004,-74.00112,766,8.7031
41,40.79231,-74.00112,767,8.7042
41,40.79227,-74.00109,768,8.7093
41,40.7922200042244,-74.00107219756556,769,8.715
41,40.79222,-74.00107000000001,770,8.7152
41,40.79215000000001,-74.00103,771,8.7237
41,40.79211,-74.00101000000001,772,8.7285
41,40.79207,-74.00098000000001,773,8.7336
41,40.79204,-74.00095,774,8.7378
41,40.79196,-74.00083000000001,775,8.7512
41,40.79191,-74.00076,776,8.7593
41,40.79184,-74.00062000000001,777,8.7734
41,40.7918,-74.00059,778,8.7786
41,40.79177000000001,-74.00057000000001,779,8.7823
41,40.791760000000004,-74.00057000000001,780,8.7834
41,40.79171,-74.00054,781,8.7895
41,40.79168000000001,-74.00053000000001,782,8.793
41,40.79167,-74.00053000000001,783,8.7941
41,40.79166,-74.00053000000001,784,8.7952
41,40.79159000000001,-74.00051,785,8.8032
41,40.79153,-74.00051,786,8.8098
41,40.791470000000004,-74.00051,787,8.8165
41,40.7914,-74.00053000000001,788,8.8245
41,40.791320000000006,-74.00057000000001,789,8.834
41,40.79101,-74.00076,790,8.872
41,40.790690000000005,-74.00096,791,8.9113
41,40.79059,-74.00102000000001,792,8.9235
41,40.79054,-74.00105,793,8.9297
41,40.7905,-74.00108,794,8.9348
41,40.790420000000005,-74.00114,795,8.945
41,40.790220000000005,-74.0013,796,8.971
41,40.79007,-74.00146000000001,797,8.9924
41,40.78998686318038,-74.00106631917687,798,9.0268
41,40.78986196623197,-74.00057340637828,799,9.0706
41,40.789860000000004,-74.00057000000001,800,9.071
41,40.78983,-74.00053000000001,801,9.0757
41,40.78980000000001,-74.00046,802,9.0825
41,40.789640000000006,-74.00011,803,9.1169
41,40.7896,-74.00004000000001,804,9.1243
41,40.789590000000004,-74.00001,805,9.127
41,40.789550000000006,-73.99993,806,9.1351
41,40.78949,-73.99979,807,9.1486
41,40.78942,-73.99985000000001,808,9.1579
41,40.78938,-73.99988,809,9.163
41,40.78931,-73.99992,810,9.1715
41,40.789300000000004,-73.99993,811,9.1729
41,40.78929,-73.99994000000001,812,9.1743
41,40.789120000000004,-74.00006,813,9.1958
41,40.78905,-74.00011,814,9.2046
41,40.78886000000001,-74.00025000000001,815,9.2288
41,40.788740000000004,-74.00033,816,9.2437
41,40.78858,-74.00044000000001,817,9.2638
41,40.788470000000004,-74.00052000000001,818,9.2778
41,40.788450000000005,-74.00053000000001,819,9.2801
41,40.78828,-74.00066000000001,820,9.302
41,40.78826,-74.00067,821,9.3044
41,40.78824,-74.00069,822,9.3072
41,40.78801,-74.00088000000001,823,9.3373
41,40.78799,-74.00089000000001,824,9.3397
41,40.787960000000005,-74.00093000000001,825,9.3444
41,40.7877,-74.00118,826,9.3802
41,40.787650000000006,-74.00123,827,9.3872
41,40.787510000000005,-74.00137000000001,828,9.4067
41,40.787510000000005,-74.00138000000001,829,9.4075
41,40.78748,-74.0014,830,9.4113
41,40.78743,-74.00146000000001,831,9.4188
41,40.787290000000006,-74.00159000000001,832,9.4378
41,40.787240000000004,-74.00164000000001,833,9.4448
41,40.787220000000005,-74.00166,834,9.4476
41,40.787200000000006,-74.00168000000001,835,9.4504
41,40.787150000000004,-74.00173000000001,836,9.4574
41,40.786950000000004,-74.00191000000001,837,9.4843
41,40.786950000000004,-74.00192000000001,838,9.4851
41,40.78674,-74.00209000000001,839,9.5125
41,40.786410000000004,-74.00236000000001,840,9.5557
41,40.78618,-74.00254000000001,841,9.5854
41,40.78616,-74.00255,842,9.5878
41,40.78616,-74.00256,843,9.5886
41,40.786,-74.00268000000001,844,9.6091
41,40.785810000000005,-74.00284,845,9.6341
41,40.785700000000006,-74.00293,846,9.6485
41,40.78562,-74.00299000000001,847,9.6587
41,40.78533,-74.00324,848,9.6972
41,40.785180000000004,-74.00338,849,9.7177
41,40.785030000000006,-74.00354,850,9.7391
41,40.78486,-74.00372,851,9.7633
41,40.78472,-74.00389000000001,852,9.7845
41,40.784510000000004,-74.00415000000001,853,9.8165
41,40.784440000000004,-74.00426,854,9.8286
41,40.78428,-74.00450000000001,855,9.8555
41,40.784220000000005,-74.00459000000001,856,9.8656
41,40.78417,-74.00468000000001,857,9.875
41,40.78417,-74.00469000000001,858,9.8759
41,40.784130000000005,-74.00475,859,9.8826
41,40.784060000000004,-74.00491000000001,860,9.8981
41,40.78399,-74.00506,861,9.913
41,40.78389000000001,-74.00528,862,9.9346
41,40.783770000000004,-74.00558000000001,863,9.9632
41,40.78372,-74.00571000000001,864,9.9754
41,40.78367,-74.00583,865,9.987
41,40.783550000000005,-74.00613000000001,866,10.0155
41,40.783500000000004,-74.00625000000001,867,10.0271
41,40.783300000000004,-74.00676,868,10.0754
41,40.78325,-74.00688000000001,869,10.0869
41,40.7832,-74.00703,870,10.1007
41,40.783170000000005,-74.00709,871,10.1068
41,40.783150000000006,-74.00715000000001,872,10.1123
41,40.78313,-74.00718,873,10.1157
41,40.783120000000004,-74.00723,874,10.12
41,40.782970000000006,-74.00757,875,10.1532
41,40.78291,-74.00774000000001,876,10.169
41,40.78289,-74.00779,877,10.1737
41,40.782880000000006,-74.00781,878,10.1757
41,40.78286000000001,-74.00784,879,10.1791
41,40.78284,-74.00787000000001,880,10.1825
41,40.782810000000005,-74.00793,881,10.1885
41,40.782810000000005,-74.00794,882,10.1894
41,40.782805609727426,-74.00793399201045,883,10.1901
41,40.782810000000005,-74.00794,884,10.1908
41,40.78278,-74.00800000000001,885,10.1968
41,40.782720000000005,-74.00809000000001,886,10.2069
41,40.78267,-74.00817,887,10.2156
41,40.782610000000005,-74.00826,888,10.2257
41,40.78255,-74.00832000000001,889,10.2341
41,40.782500000000006,-74.00839,890,10.2422
41,40.782410000000006,-74.00849000000001,891,10.2553
41,40.782300000000006,-74.00859000000001,892,10.2701
41,40.78226,-74.00863000000001,893,10.2757
41,40.782180000000004,-74.0087,894,10.2864
41,40.78217,-74.0087,895,10.2875
41,40.781980000000004,-74.00886000000001,896,10.3126
41,40.781780000000005,-74.00901,897,10.3381
41,40.78141,-74.00930000000001,898,10.386
41,40.781380000000006,-74.00933,899,10.3902
41,40.78136000000001,-74.00934000000001,900,10.3925
41,40.78134,-74.00936,901,10.3953
41,40.78092,-74.00968,902,10.4493
41,40.780800000000006,-74.00978,903,10.465
41,40.780640000000005,-74.00989000000001,904,10.4851
41,40.780620000000006,-74.00991,905,10.4879
41,40.78060000000001,-74.00993000000001,906,10.4907
41,40.78045,-74.01004,907,10.5097
41,40.78041,-74.01007000000001,908,10.5149
41,40.78038,-74.01009,909,10.5186
41,40.78022,-74.01021,910,10.5391
41,40.780010000000004,-74.01037000000001,911,10.566
41,40.77989,-74.01045,912,10.581
41,40.779700000000005,-74.01059000000001,913,10.6052
41,40.77962,-74.01065000000001,914,10.6154
41,40.77953,-74.01071,915,10.6266
41,40.77947,-74.01076,916,10.6345
41,40.7794,-74.01081,917,10.6433
41,40.77935,-74.01084,918,10.6494
41,40.77933,-74.01086000000001,919,10.6522
41,40.77928,-74.0109,920,10.6587
41,40.7792,-74.01106,921,10.6749
41,40.77908,-74.01116,922,10.6907
41,40.7789,-74.01132000000001,923,10.7148
41,40.778760000000005,-74.01144000000001,924,10.7333
41,40.77875,-74.01146,925,10.7354
41,40.7785,-74.01168000000001,926,10.7688
41,40.77848,-74.01169,927,10.7711
41,40.778270000000006,-74.01187,928,10.799
41,40.778200000000005,-74.01193,929,10.8083
41,40.778130000000004,-74.01197,930,10.8167
41,40.77803,-74.01204000000001,931,10.8293
41,40.777910000000006,-74.0121,932,10.8436
41,40.777860000000004,-74.01212000000001,933,10.8494
41,40.777860000000004,-74.01213,934,10.8502
41,40.77781,-74.01215,935,10.856
41,40.777660000000004,-74.01221000000001,936,10.8735
41,40.777640000000005,-74.01222,937,10.8759
41,40.777620000000006,-74.01222,938,10.8781
41,40.77756,-74.01224,939,10.885
41,40.77745,-74.01226000000001,940,10.8973
41,40.77743,-74.01226000000001,941,10.8995
41,40.77736,-74.01227,942,10.9074
41,40.77734,-74.01228,943,10.9097
41,40.77723,-74.01229000000001,944,10.922
41,40.777060000000006,-74.01229000000001,945,10.9409
41,40.776990000000005,-74.01229000000001,946,10.9487
41,40.77691,-74.01228,947,10.9576
41,40.776830000000004,-74.01227,948,10.9666
41,40.7768,-74.01227,949,10.9699
41,40.776720000000005,-74.01226000000001,950,10.9788
41,40.77669,-74.01226000000001,951,10.9822
41,40.77662,-74.01225000000001,952,10.99
41,40.776500000000006,-74.01224,953,11.0034
41,40.776390000000006,-74.01223,954,11.0156
41,40.77617,-74.0122,955,11.0402
41,40.776120000000006,-74.0122,956,11.0458
41,40.77602,-74.01219,957,11.0569
41,40.775940000000006,-74.01219,958,11.0658
41,40.77588,-74.01219,959,11.0725
41,40.775850000000005,-74.0122,960,11.0759
41,40.77581,-74.01221000000001,961,11.0805
41,40.775780000000005,-74.01223,962,11.0842
41,40.775740000000006,-74.01225000000001,963,11.089
41,40.77568,-74.01228,964,11.0961
41,40.77559,-74.01234000000001,965,11.1073
41,40.775490000000005,-74.01241,966,11.1199
41,40.77546,-74.01243000000001,967,11.1236
41,40.775360000000006,-74.0125,968,11.1362
41,40.77534,-74.01251,969,11.1386
41,40.775330000000004,-74.01252000000001,970,11.14
41,40.77532,-74.01253000000001,971,11.1414
41,40.775310000000005,-74.01254,972,11.1428
41,40.775110000000005,-74.01267,973,11.1676
41,40.775040000000004,-74.01272,974,11.1764
41,40.774950000000004,-74.01278,975,11.1876
41,40.77494,-74.01278,976,11.1887
41,40.77438,-74.01319000000001,977,11.2599
41,40.77434,-74.01323000000001,978,11.2655
41,40.77427,-74.01328000000001,979,11.2744
41,40.77405,-74.01342000000001,980,11.3015
41,40.773950000000006,-74.01349,981,11.3141
41,40.773917963258256,-74.0134578511069,982,11.3186
41,40.77389046896497,-74.01338885710776,983,11.3251
41,40.774199673000936,-74.01318666598331,984,11.3635
41,40.77657000000001,-74.01145000000001,985,11.6649
42,40.7765006565427,-74.01130563605749,0,0.0
42,40.776562606210895,-74.01145583976232,1,0.0144
42,40.77640029549001,-74.01157617410945,2,0.0351
42,40.77593248255328,-74.01193970170006,3,0.0955
42,40.77594179116009,-74.0120357482175,4,0.1036
42,40.7759286185312,-74.01219751525227,5,0.1173
42,40.77578857691676,-74.01223018254426,6,0.1331
42,40.775675948298904,-74.01228388014673,7,0.1464
42,40.77530532960265,-74.0125426734637,8,0.1931
42,40.774611238771335,-74.01301951618186,9,0.2801
42,40.7739455035095,-74.0134971201691,10,0.3643
42,40.77390000416336,-74.013364933792,11,0.3765
42,40.77454682330873,-74.01295072699067,12,0.4565
42,40.77503912201551,-74.01261767200553,13,0.518
42,40.77555972952768,-74.01219938262962,14,0.5857
42,40.7757610663861,-74.01203974506417,15,0.6118
42,40.77584112226831,-74.01200878404177,16,0.6211
42,40.77603024589833,-74.0120426546101,17,0.6423
42,40.776030000000006,-74.01204000000001,18,0.6426
42,40.776160000000004,-74.01206,19,0.6571
42,40.77637,-74.01209,20,0.6806
42,40.776740000000004,-74.01214,21,0.722
42,40.77684,-74.01215,22,0.7331
42,40.77694,-74.01216000000001,23,0.7443
42,40.77707,-74.01217000000001,24,0.7588
42,40.77718,-74.01217000000001,25,0.771
42,40.777240000000006,-74.01217000000001,26,0.7777
42,40.777300000000004,-74.01217000000001,27,0.7843
42,40.777350000000006,-74.01216000000001,28,0.79
42,40.777440000000006,-74.01214,29,0.8001
42,40.77749,-74.01213,30,0.8057
42,40.77756,-74.01211,31,0.8137
42,40.7777,-74.01206,32,0.8298
42,40.777800000000006,-74.01201,33,0.8417
42,40.7779,-74.01197,34,0.8533
42,40.778000000000006,-74.01192,35,0.8652
42,40.77807000000001,-74.01188,36,0.8737
42,40.77808344512286,-74.01187000209835,37,0.8754
42,40.778150000000004,-74.01182,38,0.8839
42,40.77821,-74.01178,39,0.8914
42,40.77826,-74.01174,40,0.8979
42,40.778420000000004,-74.0116,41,0.9193
42,40.778650000000006,-74.01139,42,0.9503
42,40.77868,-74.01136000000001,43,0.9545
42,40.779030000000006,-74.01106,44,1.0009
42,40.779140000000005,-74.01095000000001,45,1.0163
42,40.77928,-74.0109,46,1.0324
42,40.77933,-74.01086000000001,47,1.0389
42,40.77935,-74.01084,48,1.0417
42,40.7794,-74.01081,49,1.0478
42,40.77947,-74.01076,50,1.0566
42,40.77953,-74.01072,51,1.0641
42,40.77953,-74.01071,52,1.065
42,40.77962,-74.01065000000001,53,1.0762
42,40.779700000000005,-74.01059000000001,54,1.0864
42,40.77989,-74.01045,55,1.1106
42,40.780010000000004,-74.01037000000001,56,1.1255
42,40.78022,-74.01021,57,1.1525
42,40.78038,-74.01009,58,1.173
42,40.78041,-74.01007000000001,59,1.1767
42,40.78045,-74.01004,60,1.1818
42,40.78060000000001,-74.00993000000001,61,1.2009
42,40.780620000000006,-74.00991,62,1.2037
42,40.780640000000005,-74.00989000000001,63,1.2065
42,40.780800000000006,-74.00978,64,1.2265
42,40.78092,-74.00968,65,1.2423
42,40.78134,-74.00936,66,1.2962
42,40.78136000000001,-74.00934000000001,67,1.299
42,40.781380000000006,-74.00933,68,1.3014
42,40.78141,-74.00930000000001,69,1.3056
42,40.781780000000005,-74.00901,70,1.3534
42,40.781980000000004,-74.00886000000001,71,1.379
42,40.78217,-74.0087,72,1.404
42,40.782180000000004,-74.0087,73,1.4052
42,40.78226,-74.00863000000001,74,1.4158
42,40.782300000000006,-74.00859000000001,75,1.4214
42,40.782410000000006,-74.00849000000001,76,1.4363
42,40.782500000000006,-74.00839,77,1.4493
42,40.78255,-74.00832000000001,78,1.4574
42,40.782610000000005,-74.00826,79,1.4658
42,40.78267,-74.00817,80,1.4759
42,40.782720000000005,-74.00809000000001,81,1.4846
42,40.78278,-74.00800000000001,82,1.4947
42,40.782810000000005,-74.00793,83,1.5015
42,40.78284,-74.00787000000001,84,1.5076
42,40.78286000000001,-74.00784,85,1.5109
42,40.782880000000006,-74.00781,86,1.5143
42,40.78289,-74.00779,87,1.5163
42,40.78291,-74.00774000000001,88,1.5211
42,40.782970000000006,-74.00757,89,1.5369
42,40.783120000000004,-74.00723,90,1.57
42,40.78313,-74.00718,91,1.5743
42,40.783150000000006,-74.00715000000001,92,1.5777
42,40.783170000000005,-74.00709,93,1.5832
42,40.7832,-74.00703,94,1.5893
42,40.78325,-74.00688000000001,95,1.6031
42,40.783300000000004,-74.00676,96,1.6146
42,40.783500000000004,-74.00625000000001,97,1.663
42,40.783550000000005,-74.00613000000001,98,1.6745
42,40.78367,-74.00583,99,1.7031
42,40.78372,-74.00571000000001,100,1.7146
42,40.783770000000004,-74.00558000000001,101,1.7269
42,40.78389000000001,-74.00528,102,1.7554
42,40.78399,-74.00506,103,1.7771
42,40.784060000000004,-74.00491000000001,104,1.7919
42,40.784130000000005,-74.00475,105,1.8074
42,40.78417,-74.00469000000001,106,1.8142
42,40.78417,-74.00468000000001,107,1.815
42,40.784220000000005,-74.00459000000001,108,1.8244
42,40.78428,-74.00450000000001,109,1.8345
42,40.784440000000004,-74.00426,110,1.8614
42,40.784510000000004,-74.00415000000001,111,1.8735
42,40.78472,-74.00389000000001,112,1.9055
42,40.78486,-74.00372,113,1.9267
42,40.785030000000006,-74.00354,114,1.9509
42,40.785180000000004,-74.00338,115,1.9724
42,40.78533,-74.00324,116,1.9928
42,40.78562,-74.00299000000001,117,2.0313
42,40.785700000000006,-74.00293,118,2.0415
42,40.785810000000005,-74.00284,119,2.0559
42,40.786,-74.00268000000001,120,2.081
42,40.78616,-74.00256,121,2.1014
42,40.78616,-74.00255,122,2.1023
42,40.78618,-74.00254000000001,123,2.1046
42,40.786410000000004,-74.00236000000001,124,2.1344
42,40.78674,-74.00209000000001,125,2.1775
42,40.786950000000004,-74.00192000000001,126,2.2049
42,40.786950000000004,-74.00191000000001,127,2.2058
42,40.787150000000004,-74.00173000000001,128,2.2327
42,40.787200000000006,-74.00168000000001,129,2.2397
42,40.787220000000005,-74.00166,130,2.2424
42,40.787240000000004,-74.00164000000001,131,2.2452
42,40.787290000000006,-74.00159000000001,132,2.2522
42,40.78743,-74.00146000000001,133,2.2712
42,40.78748,-74.0014,134,2.2788
42,40.787510000000005,-74.00138000000001,135,2.2825
42,40.787510000000005,-74.00137000000001,136,2.2833
42,40.787650000000006,-74.00123,137,2.3029
42,40.7877,-74.00118,138,2.3098
42,40.787960000000005,-74.00093000000001,139,2.3456
42,40.78799,-74.00089000000001,140,2.3503
42,40.78801,-74.00088000000001,141,2.3527
42,40.78824,-74.00069,142,2.3829
42,40.78826,-74.00067,143,2.3857
42,40.78828,-74.00066000000001,144,2.3881
42,40.788450000000005,-74.00053000000001,145,2.4099
42,40.788470000000004,-74.00052000000001,146,2.4123
42,40.78858,-74.00044000000001,147,2.4262
42,40.788740000000004,-74.00033,148,2.4463
42,40.78886000000001,-74.00025000000001,149,2.4612
42,40.78905,-74.00011,150,2.4854
42,40.789120000000004,-74.00006,151,2.4943
42,40.78929,-73.99994000000001,152,2.5157
42,40.789300000000004,-73.99993,153,2.5171
42,40.78931,-73.99992,154,2.5185
42,40.78938,-73.99988,155,2.527
42,40.78942,-73.99985000000001,156,2.5321
42,40.78949,-73.99979,157,2.5414
42,40.789550000000006,-73.99993,158,2.5549
42,40.789590000000004,-74.00001,159,2.563
42,40.7896,-74.00004000000001,160,2.5658
42,40.789640000000006,-74.00011,161,2.5731
42,40.78980000000001,-74.00046,162,2.6076
42,40.78983,-74.00053000000001,163,2.6143
42,40.789860000000004,-74.00057000000001,164,2.6191
42,40.789880000000004,-74.0006,165,2.6224
42,40.78988572188208,-74.00060327579936,166,2.6231
42,40.79002786163826,-74.00099768456877,167,2.6599
42,40.79012,-74.00141,168,2.6961
42,40.790220000000005,-74.0013,169,2.7106
42,40.790420000000005,-74.00114,170,2.7366
42,40.7905,-74.00108,171,2.7468
42,40.79054,-74.00105,172,2.7519
42,40.79059,-74.00102000000001,173,2.758
42,40.790690000000005,-74.00096,174,2.7702
42,40.79101,-74.00076,175,2.8096
42,40.791320000000006,-74.00057000000001,176,2.8476
42,40.7914,-74.00053000000001,177,2.8571
42,40.791470000000004,-74.00051,178,2.8651
42,40.79153,-74.00051,179,2.8717
42,40.79159000000001,-74.00051,180,2.8784
42,40.79166,-74.00053000000001,181,2.8864
42,40.79167,-74.00053000000001,182,2.8875
42,40.79168000000001,-74.00053000000001,183,2.8886
42,40.79171,-74.00054,184,2.8921
42,40.791760000000004,-74.00057000000001,185,2.8982
42,40.79177000000001,-74.00057000000001,186,2.8993
42,40.7918,-74.00059,187,2.903
42,40.79184,-74.00062000000001,188,2.9081
42,40.79198,-74.00070000000001,189,2.9251
42,40.792080000000006,-74.00082,190,2.9401
42,40.79211,-74.00085,191,2.9443
42,40.79214,-74.00087,192,2.948
42,40.792210000000004,-74.00093000000001,193,2.9573
42,40.792260000000006,-74.00097000000001,194,2.9638
42,40.792320000000004,-74.00101000000001,195,2.9713
42,40.79233000000001,-74.00102000000001,196,2.9727
42,40.792350000000006,-74.00103,197,2.9751
42,40.7924,-74.00107000000001,198,2.9816
42,40.792420947674266,-74.00109219040249,199,2.9845
42,40.79245,-74.00112,200,2.9885
42,40.792460000000005,-74.00113,201,2.9899
42,40.79252,-74.00120000000001,202,2.9988
42,40.79256,-74.00126,203,3.0056
42,40.79263,-74.00136,204,3.017
42,40.792680000000004,-74.00141,205,3.024
42,40.79281,-74.00147000000001,206,3.0393
42,40.79287,-74.00148,207,3.046
42,40.792950000000005,-74.00148,208,3.0549
42,40.79301,-74.00147000000001,209,3.0617
42,40.79307,-74.00145,210,3.0685
42,40.79314,-74.00142000000001,211,3.0767
42,40.79314,-74.00141,212,3.0776
42,40.79323,-74.00135,213,3.0888
42,40.793290000000006,-74.00131,214,3.0963
42,40.793330000000005,-74.00126,215,3.1024
42,40.793400000000005,-74.00121,216,3.1112
42,40.79386,-74.00081,217,3.1725
42,40.79399,-74.00071000000001,218,3.1892
42,40.793980000000005,-74.00069,219,3.1912
42,40.79403000000001,-74.00065000000001,220,3.1977
42,40.79408,-74.0006,221,3.2047
42,40.79412000000001,-74.00057000000001,222,3.2098
42,40.794140000000006,-74.00053000000001,223,3.2138
42,40.79417,-74.00049,224,3.2186
42,40.794180000000004,-74.00045,225,3.2221
42,40.794200000000004,-74.00042,226,3.2255
42,40.794200000000004,-74.00041,227,3.2263
42,40.79421000000001,-74.00038,228,3.2291
42,40.79422,-74.00035000000001,229,3.2318
42,40.79426,-74.00030000000001,230,3.238
42,40.794270000000004,-74.00019,231,3.2473
42,40.794270000000004,-74.00013000000001,232,3.2523
42,40.794270000000004,-74.00008000000001,233,3.2566
42,40.794270000000004,-74.00004000000001,234,3.2599
42,40.794270000000004,-74,235,3.2633
42,40.79426,-73.99995000000001,236,3.2676
42,40.794250000000005,-73.99991,237,3.2712
42,40.794230000000006,-73.99987,238,3.2752
42,40.79421000000001,-73.99981000000001,239,3.2807
42,40.794000000000004,-73.99937,240,3.3245
42,40.793960000000006,-73.99931000000001,241,3.3313
42,40.79393,-73.99921,242,3.3403
42,40.793820000000004,-73.99895000000001,243,3.3654
42,40.793800000000005,-73.99891000000001,244,3.3694
42,40.79379,-73.99886000000001,245,3.3738
42,40.79379,-73.99885,246,3.3746
42,40.79379,-73.99883000000001,247,3.3763
42,40.793780000000005,-73.99881,248,3.3783
42,40.793780000000005,-73.99879,249,3.38
42,40.793780000000005,-73.99877000000001,250,3.3817
42,40.793780000000005,-73.99875,251,3.3834
42,40.793780000000005,-73.99873000000001,252,3.3851
42,40.79379,-73.99872,253,3.3865
42,40.79379,-73.99871,254,3.3873
42,40.79379,-73.99869000000001,255,3.389
42,40.793800000000005,-73.99867,256,3.391
42,40.79381,-73.99865000000001,257,3.393
42,40.79383,-73.99862,258,3.3964
42,40.793850000000006,-73.99859000000001,259,3.3998
42,40.79386,-73.99859000000001,260,3.4009
42,40.79388,-73.99857,261,3.4037
42,40.7939,-73.99856000000001,262,3.406
42,40.793910000000004,-73.99855000000001,263,3.4074
42,40.79393,-73.99854,264,3.4098
42,40.79395,-73.99853,265,3.4122
42,40.793980000000005,-73.99853,266,3.4155
42,40.794000000000004,-73.99852,267,3.4179
42,40.79402,-73.99852,268,3.4201
42,40.794050000000006,-73.99851000000001,269,3.4236
42,40.7941,-73.99851000000001,270,3.4291
42,40.79421000000001,-73.99851000000001,271,3.4414
42,40.794250000000005,-73.99851000000001,272,3.4458
42,40.7944,-73.99855000000001,273,3.4628
42,40.79446,-73.99855000000001,274,3.4695
42,40.794470000000004,-73.99855000000001,275,3.4706
42,40.7952,-73.99851000000001,276,3.5519
42,40.795370000000005,-73.99851000000001,277,3.5708
42,40.79538,-73.99851000000001,278,3.5719
42,40.79543,-73.9985,279,3.5775
42,40.79554,-73.9985,280,3.5897
42,40.795700000000004,-73.99849,281,3.6075
42,40.79599,-73.99848,282,3.6398
42,40.79603,-73.99847000000001,283,3.6443
42,40.79612,-73.99847000000001,284,3.6543
42,40.79636,-73.99846000000001,285,3.681
42,40.79648,-73.99845,286,3.6944
42,40.79655,-73.99845,287,3.7022
42,40.796600000000005,-73.99844,288,3.7078
42,40.796690000000005,-73.99843,289,3.7179
42,40.79677,-73.99842000000001,290,3.7268
42,40.796820000000004,-73.99841,291,3.7324
42,40.796850000000006,-73.9984,292,3.7359
42,40.796870000000006,-73.99839,293,3.7382
42,40.79688,-73.99839,294,3.7393
42,40.79692,-73.99837000000001,295,3.7441
42,40.796960000000006,-73.99835,296,3.7489
42,40.797000000000004,-73.99834000000001,297,3.7534
42,40.79704,-73.99832,298,3.7581
42,40.79708,-73.9983,299,3.7629
42,40.79711,-73.99828000000001,300,3.7666
42,40.79715,-73.99827,301,3.7712
42,40.79717,-73.99825000000001,302,3.7739
42,40.797200000000004,-73.99823,303,3.7777
42,40.79724,-73.99821,304,3.7824
42,40.797270000000005,-73.99819000000001,305,3.7862
42,40.7973,-73.99817,306,3.7899
42,40.797320000000006,-73.99815000000001,307,3.7927
42,40.79737,-73.99811000000001,308,3.7992
42,40.797410000000006,-73.99807000000001,309,3.8048
42,40.79748,-73.998,310,3.8145
42,40.79751,-73.99797000000001,311,3.8187
42,40.797560000000004,-73.99792000000001,312,3.8257
42,40.79757,-73.99791,313,3.8271
42,40.797650000000004,-73.99782,314,3.8388
42,40.797790000000006,-73.99766000000001,315,3.8594
42,40.79782,-73.99764,316,3.8631
42,40.797850000000004,-73.9976,317,3.8678
42,40.79791,-73.99755,318,3.8757
42,40.79795,-73.9975,319,3.8819
42,40.798010000000005,-73.99746,320,3.8893
42,40.798320000000004,-73.99719,321,3.9306
42,40.79844000000001,-73.99709,322,3.9464
42,40.79854,-73.99701,323,3.9594
42,40.79863,-73.99695000000001,324,3.9706
42,40.798660000000005,-73.99694000000001,325,3.9741
42,40.79874,-73.99690000000001,326,3.9836
42,40.798820000000006,-73.99687,327,3.9928
42,40.79891000000001,-73.99684,328,4.0031
42,40.799040000000005,-73.99681000000001,329,4.0178
42,40.799080000000004,-73.99680000000001,330,4.0223
42,40.79912,-73.99680000000001,331,4.0268
42,40.799130000000005,-73.99679,332,4.0282
42,40.79918000000001,-73.99679,333,4.0337
42,40.799240000000005,-73.99679,334,4.0404
42,40.79927,-73.99679,335,4.0437
42,40.79943,-73.99678,336,4.0616
42,40.799510000000005,-73.99679,337,4.0705
42,40.79957,-73.99679,338,4.0772
42,40.799600000000005,-73.99679,339,4.0805
42,40.799690000000005,-73.99680000000001,340,4.0905
42,40.799760000000006,-73.99680000000001,341,4.0983
42,40.79979,-73.99681000000001,342,4.1018
42,40.799870000000006,-73.99681000000001,343,4.1107
42,40.79988,-73.99681000000001,344,4.1118
42,40.799890000000005,-73.99682,345,4.1132
42,40.79994000000001,-73.99682,346,4.1187
42,40.79999,-73.99683,347,4.1244
42,40.80004,-73.99684,348,4.13
42,40.80008,-73.99684,349,4.1344
42,40.80024,-73.99675,350,4.1538
42,40.800320000000006,-73.99673,351,4.1628
42,40.800360000000005,-73.99672000000001,352,4.1673
42,40.80046,-73.99669,353,4.1787
42,40.800540000000005,-73.99667000000001,354,4.1878
42,40.80055,-73.99667000000001,355,4.1889
42,40.80082,-73.99659000000001,356,4.2197
42,40.8014,-73.99642,357,4.2857
42,40.801480000000005,-73.99640000000001,358,4.2948
42,40.801570000000005,-73.99637000000001,359,4.3051
42,40.80163,-73.99636000000001,360,4.3118
42,40.801660000000005,-73.99635,361,4.3153
42,40.80185,-73.9963,362,4.3368
42,40.801930000000006,-73.99627000000001,363,4.3461
42,40.80200000000001,-73.99626,364,4.3539
42,40.80209000000001,-73.99624,365,4.3641
42,40.802220000000005,-73.9962,366,4.3789
42,40.80234,-73.99617,367,4.3925
42,40.802490000000006,-73.99614000000001,368,4.4093
42,40.802620000000005,-73.99611,369,4.424
42,40.80266,-73.99610000000001,370,4.4285
42,40.80274,-73.99609000000001,371,4.4375
42,40.802820000000004,-73.99608,372,4.4464
42,40.802960000000006,-73.99605000000001,373,4.4622
42,40.80304,-73.99604000000001,374,4.4711
42,40.803090000000005,-73.99603,375,4.4767
42,40.80312,-73.99603,376,4.4801
42,40.80317,-73.99603,377,4.4856
42,40.80322,-73.99603,378,4.4912
42,40.80328,-73.99603,379,4.4979
42,40.80332000000001,-73.99604000000001,380,4.5024
42,40.80341000000001,-73.99607,381,4.5127
42,40.80344,-73.99608,382,4.5162
42,40.80351,-73.99611,383,4.5243
42,40.80357,-73.99614000000001,384,4.5315
42,40.803630000000005,-73.99618000000001,385,4.539
42,40.80364,-73.99619000000001,386,4.5403
42,40.803670000000004,-73.99621,387,4.5441
42,40.803720000000006,-73.99625,388,4.5506
42,40.80377,-73.99629,389,4.5571
42,40.80382,-73.99634,390,4.5641
42,40.80386,-73.99639,391,4.5702
42,40.80389,-73.99642,392,4.5744
42,40.80393,-73.99649000000001,393,4.5817
42,40.803940000000004,-73.99651,394,4.5838
42,40.803960000000004,-73.99653,395,4.5866
42,40.804010000000005,-73.99663000000001,396,4.5966
42,40.80404,-73.99668000000001,397,4.602
42,40.804100000000005,-73.99680000000001,398,4.6141
42,40.80416,-73.99694000000001,399,4.6277
42,40.804190000000006,-73.99701,400,4.6344
42,40.80425,-73.99714,401,4.6472
42,40.804280000000006,-73.9972,402,4.6533
42,40.804320000000004,-73.99729,403,4.6621
42,40.80433,-73.99730000000001,404,4.6635
42,40.80471,-73.99815000000001,405,4.7466
42,40.80481,-73.99836,406,4.7674
42,40.80491000000001,-73.99839,407,4.7788
42,40.80494,-73.99838000000001,408,4.7823
42,40.80496,-73.99838000000001,409,4.7845
42,40.80498,-73.99839,410,4.7869
42,40.80500000000001,-73.99839,411,4.7891
42,40.805020000000006,-73.99839,412,4.7913
42,40.80503,-73.99839,413,4.7924
42,40.805040000000005,-73.99839,414,4.7936
42,40.805080000000004,-73.9984,415,4.7981
42,40.8051,-73.9984,416,4.8003
42,40.805130000000005,-73.9984,417,4.8036
42,40.80516,-73.9984,418,4.807
42,40.80519,-73.99839,419,4.8104
42,40.80521,-73.99839,420,4.8126
42,40.80528,-73.99838000000001,421,4.8205
42,40.80543,-73.99834000000001,422,4.8375
42,40.80545,-73.9983,423,4.8415
42,40.805460000000004,-73.99827,424,4.8443
42,40.80547000000001,-73.99824000000001,425,4.847
42,40.80548,-73.99822,426,4.8491
42,40.805640000000004,-73.99798000000001,427,4.876
42,40.8057,-73.99789000000001,428,4.8861
42,40.80576000000001,-73.99779000000001,429,4.8968
42,40.80583,-73.99768,430,4.9089
42,40.80584,-73.99767,431,4.9103
42,40.80585000000001,-73.99765000000001,432,4.9123
42,40.80586,-73.99763,433,4.9143
42,40.8059,-73.99757000000001,434,4.9211
42,40.80592,-73.99754,435,4.9244
42,40.80594000000001,-73.99752000000001,436,4.9272
42,40.80599,-73.99743000000001,437,4.9366
42,40.80603,-73.99738,438,4.9427
42,40.806110000000004,-73.99725000000001,439,4.9568
42,40.80613,-73.99723,440,4.9596
42,40.80615,-73.9972,441,4.963
42,40.806180000000005,-73.99715,442,4.9684
42,40.80619,-73.99714,443,4.9698
42,40.80622,-73.99709,444,4.9751
42,40.80626,-73.99704000000001,445,4.9813
42,40.80651,-73.99666,446,5.0236
42,40.80657,-73.99658000000001,447,5.0331
42,40.8066,-73.99652,448,5.0392
42,40.80666,-73.99643,449,5.0493
42,40.80668,-73.99641000000001,450,5.052
42,40.806740000000005,-73.99632000000001,451,5.0621
42,40.80678,-73.99626,452,5.0689
42,40.806810000000006,-73.99621,453,5.0742
42,40.80686,-73.99614000000001,454,5.0823
42,40.806960000000004,-73.99599,455,5.0992
42,40.80709,-73.9958,456,5.1207
42,40.807140000000004,-73.99572,457,5.1294
42,40.807190000000006,-73.99566,458,5.137
42,40.807210000000005,-73.99565000000001,459,5.1393
42,40.807230000000004,-73.99563,460,5.1421
42,40.80726000000001,-73.99560000000001,461,5.1463
42,40.807570000000005,-73.99541,462,5.1843
42,40.807660000000006,-73.99534000000001,463,5.1959
42,40.80774,-73.9953,464,5.2054
42,40.808150000000005,-73.99503,465,5.2564
42,40.80818,-73.99501000000001,466,5.2601
42,40.80825,-73.99497000000001,467,5.2686
42,40.8083,-73.99493000000001,468,5.2751
42,40.80894000000001,-73.99453000000001,469,5.3538
42,40.80904,-73.99447,470,5.366
42,40.809050000000006,-73.99446,471,5.3674
42,40.809740000000005,-73.99402,472,5.4526
42,40.80982,-73.99397,473,5.4625
42,40.80991,-73.99391,474,5.4737
42,40.810010000000005,-73.99384,475,5.4862
42,40.81017000000001,-73.99373,476,5.5063
42,40.810340000000004,-73.99361,477,5.5277
42,40.810460000000006,-73.99352,478,5.5431
42,40.81056,-73.99345000000001,479,5.5557
42,40.81067,-73.99337000000001,480,5.5696
42,40.81083,-73.99326,481,5.5897
42,40.810900000000004,-73.99321,482,5.5985
42,40.81098,-73.99315,483,5.6088
42,40.81107,-73.99309000000001,484,5.62
42,40.811080000000004,-73.99308,485,5.6214
42,40.811150000000005,-73.99303,486,5.6302
42,40.81138000000001,-73.99288,487,5.6587
42,40.811600000000006,-73.99276,488,5.6852
42,40.811620000000005,-73.99275,489,5.6876
42,40.81179,-73.99266,490,5.7079
42,40.811890000000005,-73.99262,491,5.7196
42,40.812400000000004,-73.99238000000001,492,5.7798
42,40.81248,-73.99234000000001,493,5.7893
42,40.81268,-73.99225000000001,494,5.8128
42,40.81288,-73.99216000000001,495,5.8362
42,40.81316,-73.99202000000001,496,5.8695
42,40.81322,-73.99201000000001,497,5.8763
42,40.81349,-73.99189000000001,498,5.9079
42,40.813570000000006,-73.99185,499,5.9174
42,40.813810000000004,-73.99174000000001,500,5.9457
42,40.813930000000006,-73.99168,501,5.96
42,40.81441,-73.99146,502,6.0165
42,40.814460000000004,-73.99144000000001,503,6.0223
42,40.814490000000006,-73.99142,504,6.026
42,40.814620000000005,-73.99136,505,6.0413
42,40.81456,-73.99123,506,6.0541
42,40.8145,-73.99107000000001,507,6.0692
42,40.814400000000006,-73.99072000000001,508,6.1006
42,40.81439,-73.9907,509,6.1027
42,40.814370000000004,-73.99063000000001,510,6.109
42,40.814350000000005,-73.99056,511,6.1152
42,40.814260000000004,-73.99027000000001,512,6.1416
42,40.814260000000004,-73.99025,513,6.1433
42,40.81425,-73.99021,514,6.1469
42,40.81421,-73.99005000000001,515,6.161
42,40.814080000000004,-73.99010000000001,516,6.1761
42,40.813950000000006,-73.99014000000001,517,6.1909
42,40.813860000000005,-73.99017,518,6.2013
42,40.813810000000004,-73.99018000000001,519,6.2069
42,40.81364000000001,-73.99023000000001,520,6.2262
42,40.81351,-73.99026,521,6.2409
42,40.81342,-73.99027000000001,522,6.251
42,40.81336,-73.99028000000001,523,6.2577
42,40.813340000000004,-73.99028000000001,524,6.2599
42,40.81329,-73.99029,525,6.2655
42,40.8132,-73.9903,526,6.2756
42,40.813100000000006,-73.99031000000001,527,6.2867
42,40.81302,-73.99032000000001,528,6.2957
42,40.81295,-73.99033,529,6.3035
42,40.812810000000006,-73.99035,530,6.3191
42,40.81253,-73.99037000000001,531,6.3503
42,40.812470000000005,-73.99037000000001,532,6.357
42,40.812380000000005,-73.99038,533,6.367
42,40.81228,-73.99040000000001,534,6.3783
42,40.812250000000006,-73.99040000000001,535,6.3816
42,40.812200000000004,-73.99041000000001,536,6.3872
42,40.812110000000004,-73.99042,537,6.3973
42,40.81206,-73.99043,538,6.4029
42,40.81203,-73.99045000000001,539,6.4066
42,40.811930000000004,-73.99049000000001,540,6.4183
42,40.8119,-73.99051,541,6.422
42,40.811870000000006,-73.99053,542,6.4257
42,40.811820000000004,-73.99056,543,6.4318
42,40.81176000000001,-73.99059000000001,544,6.439
42,40.811710000000005,-73.99062,545,6.4451
42,40.81167000000001,-73.99065,546,6.4502
42,40.81166,-73.99065,547,6.4513
42,40.81154,-73.99072000000001,548,6.4659
42,40.811510000000006,-73.99074,549,6.4696
42,40.811490000000006,-73.99075,550,6.472
42,40.81141,-73.99080000000001,551,6.4818
42,40.81136,-73.99082,552,6.4877
42,40.8113,-73.99085000000001,553,6.4948
42,40.811240000000005,-73.99087,554,6.5017
42,40.811150000000005,-73.99090000000001,555,6.512
42,40.810990000000004,-73.99095000000001,556,6.5303
42,40.8108,-73.99101,557,6.552
42,40.81078,-73.99102,558,6.5544
42,40.810660000000006,-73.99106,559,6.5681
42,40.81062,-73.99107000000001,560,6.5727
42,40.810570000000006,-73.99108000000001,561,6.5783
42,40.81053,-73.99109,562,6.5828
42,40.81047,-73.9911,563,6.5895
42,40.81045,-73.99111,564,6.5919
42,40.810410000000005,-73.99111,565,6.5964
42,40.81038,-73.99112000000001,566,6.5998
42,40.81031,-73.99113000000001,567,6.6076
42,40.81026000000001,-73.99113000000001,568,6.6132
42,40.81022,-73.99114,569,6.6177
42,40.81009,-73.99115,570,6.6322
42,40.80998,-73.99116000000001,571,6.6445
42,40.809920000000005,-73.99117000000001,572,6.6512
42,40.80978,-73.99119,573,6.6668
42,40.809670000000004,-73.9912,574,6.6791
42,40.80964,-73.9912,575,6.6824
42,40.809560000000005,-73.99121000000001,576,6.6914
42,40.80951,-73.99122000000001,577,6.697
42,40.809470000000005,-73.99123,578,6.7015
42,40.809360000000005,-73.99125000000001,579,6.7139
42,40.809340000000006,-73.99125000000001,580,6.7161
42,40.80931,-73.99126000000001,581,6.7195
42,40.80923000000001,-73.99127,582,6.7285
42,40.809180000000005,-73.99128,583,6.7341
42,40.80913,-73.99130000000001,584,6.7399
42,40.80904,-73.99132,585,6.75
42,40.809020000000004,-73.99133,586,6.7524
42,40.80892,-73.99137,587,6.764
42,40.808840000000004,-73.99140000000001,588,6.7733
42,40.808800000000005,-73.99142,589,6.778
42,40.808730000000004,-73.99145,590,6.7862
42,40.80866,-73.99149000000001,591,6.7947
42,40.80854,-73.99155,592,6.809
42,40.80843,-73.9916,593,6.8219
42,40.80834,-73.99165,594,6.8328
42,40.80821,-73.99173,595,6.8487
42,40.80818,-73.99175000000001,596,6.8524
42,40.808150000000005,-73.99177,597,6.8562
42,40.807900000000004,-73.99193000000001,598,6.8871
42,40.80787,-73.99195,599,6.8908
42,40.80785,-73.99196,600,6.8932
42,40.807790000000004,-73.992,601,6.9007
42,40.80772,-73.99210000000001,602,6.9121
42,40.807700000000004,-73.99212,603,6.9149
42,40.80767,-73.99214,604,6.9187
42,40.80765,-73.99215000000001,605,6.921
42,40.807640000000006,-73.99216000000001,606,6.9224
42,40.807610000000004,-73.99218,607,6.9262
42,40.80751,-73.99224000000001,608,6.9384
42,40.80749,-73.99225000000001,609,6.9408
42,40.807460000000006,-73.99226,610,6.9442
42,40.80744000000001,-73.99227,611,6.9466
42,40.80742,-73.99227,612,6.9488
42,40.8074,-73.99227,613,6.951
42,40.80736,-73.99228000000001,614,6.9555
42,40.807320000000004,-73.99228000000001,615,6.96
42,40.80729,-73.99228000000001,616,6.9633
42,40.80726000000001,-73.99228000000001,617,6.9667
42,40.80724,-73.99228000000001,618,6.9689
42,40.8072,-73.99227,619,6.9734
42,40.80713,-73.99224000000001,620,6.9816
42,40.80709,-73.99223,621,6.9861
42,40.807050000000004,-73.99221,622,6.9909
42,40.807010000000005,-73.99218,623,6.996
42,40.80697000000001,-73.99216000000001,624,7.0007
42,40.806920000000005,-73.99212,625,7.0072
42,40.80689,-73.99209,626,7.0114
42,40.80686,-73.99206000000001,627,7.0156
42,40.80677,-73.99203,628,7.0259
42,40.806700000000006,-73.99196,629,7.0357
42,40.80668,-73.99194,630,7.0385
42,40.806650000000005,-73.99192000000001,631,7.0422
42,40.806580000000004,-73.99185,632,7.052
42,40.80653,-73.99180000000001,633,7.059
42,40.806520000000006,-73.99179000000001,634,7.0603
42,40.80651,-73.99178,635,7.0617
42,40.806490000000004,-73.99177,636,7.0641
42,40.80648,-73.99176,637,7.0655
42,40.80646,-73.99175000000001,638,7.0679
42,40.806430000000006,-73.99174000000001,639,7.0713
42,40.806400000000004,-73.99174000000001,640,7.0747
42,40.806380000000004,-73.99173,641,7.077
42,40.80637,-73.99173,642,7.0781
42,40.806360000000005,-73.99173,643,7.0793
42,40.80633,-73.99174000000001,644,7.0827
42,40.8063,-73.99174000000001,645,7.086
42,40.80626,-73.99176,646,7.0908
42,40.80622,-73.99177,647,7.0953
42,40.806180000000005,-73.99178,648,7.0998
42,40.80612,-73.99179000000001,649,7.1066
42,40.806050000000006,-73.99184000000001,650,7.1154
42,40.8059,-73.99196,651,7.1349
42,40.805710000000005,-73.99212,652,7.16
42,40.805550000000004,-73.99225000000001,653,7.1809
42,40.805420000000005,-73.99235,654,7.1976
42,40.805130000000005,-73.99259,655,7.2356
42,40.8051,-73.99262,656,7.2398
42,40.8048,-73.99287000000001,657,7.2793
42,40.80469,-73.99295000000001,658,7.2932
42,40.804680000000005,-73.99296000000001,659,7.2946
42,40.80465,-73.99299,660,7.2988
42,40.80453000000001,-73.99309000000001,661,7.3146
42,40.8044,-73.99319000000001,662,7.3313
42,40.80435000000001,-73.99323000000001,663,7.3378
42,40.80427,-73.99329,664,7.348
42,40.804190000000006,-73.99333,665,7.3575
42,40.804170000000006,-73.99335,666,7.3603
42,40.80416,-73.99335,667,7.3614
42,40.80409,-73.99339,668,7.3699
42,40.80407,-73.99341000000001,669,7.3727
42,40.80402,-73.99344,670,7.3788
42,40.803960000000004,-73.99346000000001,671,7.3857
42,40.803940000000004,-73.99347,672,7.3881
42,40.80386,-73.99351,673,7.3976
42,40.803810000000006,-73.99353,674,7.4034
42,40.803630000000005,-73.9936,675,7.4243
42,40.80355,-73.99362,676,7.4333
42,40.803520000000006,-73.99363000000001,677,7.4368
42,40.803470000000004,-73.99365,678,7.4426
42,40.803430000000006,-73.99366,679,7.4471
42,40.80326,-73.9937,680,7.4663
42,40.80315,-73.99372000000001,681,7.4786
42,40.803070000000005,-73.99373,682,7.4876
42,40.803000000000004,-73.99375,683,7.4955
42,40.802890000000005,-73.99376000000001,684,7.5078
42,40.802780000000006,-73.99377000000001,685,7.5201
42,40.8027,-73.99377000000001,686,7.529
42,40.801860000000005,-73.99374,687,7.6224
42,40.801840000000006,-73.99374,688,7.6246
42,40.80176,-73.99374,689,7.6335
42,40.80174,-73.99373,690,7.6359
42,40.80167,-73.99373,691,7.6437
42,40.80158,-73.99374,692,7.6537
42,40.80153000000001,-73.99374,693,7.6593
42,40.80144000000001,-73.99375,694,7.6693
42,40.80136,-73.99377000000001,695,7.6784
42,40.801260000000006,-73.99379,696,7.6896
42,40.80116,-73.99383,697,7.7013
42,40.801080000000006,-73.99386000000001,698,7.7105
42,40.80096,-73.99391,699,7.7245
42,40.800830000000005,-73.99396,700,7.7395
42,40.800810000000006,-73.99397,701,7.7419
42,40.80075,-73.99401,702,7.7494
42,40.80059000000001,-73.99409,703,7.7684
42,40.80039,-73.99419,704,7.7922
42,40.800180000000005,-73.99429,705,7.817
42,40.800110000000004,-73.99433,706,7.8255
42,40.79999,-73.99439000000001,707,7.8398
42,40.799980000000005,-73.99440000000001,708,7.8412
42,40.79992,-73.99442,709,7.848
42,40.7999,-73.99444000000001,710,7.8508
42,40.79986,-73.99445,711,7.8554
42,40.7997,-73.99447,712,7.8732
42,40.799640000000004,-73.9945,713,7.8804
42,40.799150000000004,-73.99481,714,7.9408
42,40.79912,-73.99483000000001,715,7.9445
42,40.79909000000001,-73.99485,716,7.9482
42,40.79901,-73.9949,717,7.9581
42,40.798930000000006,-73.99495,718,7.9679
42,40.798860000000005,-73.995,719,7.9768
42,40.798770000000005,-73.99506000000001,720,7.988
42,40.79867,-73.99512,721,8.0002
42,40.79858,-73.99519000000001,722,8.0118
42,40.79856,-73.99520000000001,723,8.0142
42,40.79838,-73.99531,724,8.0362
42,40.798260000000006,-73.99539,725,8.0512
42,40.798170000000006,-73.99545,726,8.0624
42,40.798120000000004,-73.99548,727,8.0685
42,40.798100000000005,-73.99549,728,8.0709
42,40.798030000000004,-73.99554,729,8.0797
42,40.79798,-73.99558,730,8.0862
42,40.79778,-73.99571,731,8.111
42,40.79766,-73.99579,732,8.126
42,40.79748,-73.9959,733,8.148
42,40.797290000000004,-73.99603,734,8.1718
42,40.797270000000005,-73.99605000000001,735,8.1746
42,40.79717,-73.99611,736,8.1868
42,40.79713,-73.99614000000001,737,8.1919
42,40.79697,-73.99624,738,8.2116
42,40.796870000000006,-73.99631000000001,739,8.2242
42,40.79686,-73.99631000000001,740,8.2253
42,40.79681,-73.99634,741,8.2314
42,40.796730000000004,-73.99639,742,8.2413
42,40.79672,-73.99639,743,8.2424
42,40.796440000000004,-73.99654000000001,744,8.276
42,40.79641,-73.99656,745,8.2797
42,40.79639,-73.99657,746,8.2821
42,40.79608,-73.99672000000001,747,8.3188
42,40.795910000000006,-73.99678,748,8.3384
42,40.7958,-73.99681000000001,749,8.3509
42,40.795750000000005,-73.99682,750,8.3565
42,40.79565,-73.99685000000001,751,8.3679
42,40.795480000000005,-73.99690000000001,752,8.3872
42,40.79547,-73.99691,753,8.3886
42,40.795460000000006,-73.99691,754,8.3898
42,40.795300000000005,-73.99695000000001,755,8.4079
42,40.795210000000004,-73.99698000000001,756,8.4182
42,40.795120000000004,-73.99701,757,8.4285
42,40.79502,-73.99703000000001,758,8.4397
42,40.79484,-73.99709,759,8.4604
42,40.7946,-73.99715,760,8.4875
42,40.794500000000006,-73.99718,761,8.499
42,40.79424,-73.99726000000001,762,8.5286
42,40.79403000000001,-73.99732,763,8.5525
42,40.79392,-73.99735000000001,764,8.565
42,40.79372,-73.99742,765,8.588
42,40.793670000000006,-73.99744000000001,766,8.5938
42,40.793580000000006,-73.99748000000001,767,8.6044
42,40.793530000000004,-73.9975,768,8.6102
42,40.793380000000006,-73.99757000000001,769,8.6279
42,40.79327000000001,-73.99763,770,8.6411
42,40.792930000000005,-73.99782,771,8.6822
42,40.792750000000005,-73.99793000000001,772,8.7042
42,40.79274,-73.99793000000001,773,8.7053
42,40.7927,-73.99796,774,8.7104
42,40.792680000000004,-73.99797000000001,775,8.7128
42,40.792550000000006,-73.99804,776,8.7284
42,40.79254,-73.99805,777,8.7298
42,40.792500000000004,-73.99807000000001,778,8.7346
42,40.79249,-73.99808,779,8.736
42,40.792320000000004,-73.99818,780,8.7567
42,40.792260000000006,-73.99823,781,8.7646
42,40.792190000000005,-73.99827,782,8.773
42,40.79204,-73.99836,783,8.7914
42,40.791810000000005,-73.9985,784,8.8195
42,40.79159000000001,-73.99863,785,8.8463
42,40.79146,-73.99872,786,8.8626
42,40.79137,-73.99877000000001,787,8.8735
42,40.79128,-73.99882000000001,788,8.8844
42,40.7912,-73.99887000000001,789,8.8942
42,40.790820000000004,-73.99912,790,8.9414
42,40.79081,-73.99913000000001,791,8.9428
42,40.79079,-73.99914000000001,792,8.9452
42,40.79075,-73.99917,793,8.9503
42,40.79073,-73.99918000000001,794,8.9527
42,40.790690000000005,-73.9992,795,8.9574
42,40.790530000000004,-73.99927000000001,796,8.9762
42,40.790490000000005,-73.99929,797,8.9809
42,40.790470000000006,-73.9993,798,8.9833
42,40.79023,-73.99941000000001,799,9.0116
42,40.790150000000004,-73.99945000000001,800,9.0211
42,40.78996,-73.99954000000001,801,9.0435
42,40.789860000000004,-73.99959000000001,802,9.0554
42,40.78976,-73.99964,803,9.0673
42,40.789660000000005,-73.99969,804,9.0792
42,40.789620000000006,-73.99971000000001,805,9.0839
42,40.78961,-73.99971000000001,806,9.0851
42,40.789590000000004,-73.99972000000001,807,9.0874
42,40.789550000000006,-73.99975,808,9.0925
42,40.78949,-73.99979,809,9.1
42,40.78942,-73.99985000000001,810,9.1093
42,40.78938,-73.99988,811,9.1144
42,40.78931,-73.99992,812,9.1229
42,40.789300000000004,-73.99993,813,9.1243
42,40.78929,-73.99994000000001,814,9.1257
42,40.789120000000004,-74.00006,815,9.1471
42,40.78905,-74.00011,816,9.156
42,40.78886000000001,-74.00025000000001,817,9.1802
42,40.788740000000004,-74.00033,818,9.1951
42,40.78858,-74.00044000000001,819,9.2152
42,40.788470000000004,-74.00052000000001,820,9.2291
42,40.788450000000005,-74.00053000000001,821,9.2315
42,40.78828,-74.00066000000001,822,9.2534
42,40.78826,-74.00067,823,9.2557
42,40.78824,-74.00069,824,9.2585
42,40.78801,-74.00088000000001,825,9.2887
42,40.78799,-74.00089000000001,826,9.2911
42,40.787960000000005,-74.00093000000001,827,9.2958
42,40.7877,-74.00118,828,9.3316
42,40.787650000000006,-74.00123,829,9.3385
42,40.787510000000005,-74.00137000000001,830,9.3581
42,40.787510000000005,-74.00138000000001,831,9.3589
42,40.78748,-74.0014,832,9.3627
42,40.78743,-74.00146000000001,833,9.3702
42,40.787290000000006,-74.00159000000001,834,9.3892
42,40.787240000000004,-74.00164000000001,835,9.3962
42,40.787220000000005,-74.00166,836,9.399
42,40.787200000000006,-74.00168000000001,837,9.4018
42,40.787150000000004,-74.00173000000001,838,9.4087
42,40.786950000000004,-74.00191000000001,839,9.4356
42,40.786950000000004,-74.00192000000001,840,9.4365
42,40.78674,-74.00209000000001,841,9.4639
42,40.786410000000004,-74.00236000000001,842,9.507
42,40.78618,-74.00254000000001,843,9.5368
42,40.78616,-74.00255,844,9.5391
42,40.78616,-74.00256,845,9.54
42,40.786,-74.00268000000001,846,9.5604
42,40.785810000000005,-74.00284,847,9.5855
42,40.785700000000006,-74.00293,848,9.5999
42,40.78562,-74.00299000000001,849,9.6101
42,40.78533,-74.00324,850,9.6486
42,40.785180000000004,-74.00338,851,9.669
42,40.785030000000006,-74.00354,852,9.6905
42,40.78486,-74.00372,853,9.7147
42,40.78472,-74.00389000000001,854,9.7359
42,40.784510000000004,-74.00415000000001,855,9.7679
42,40.784440000000004,-74.00426,856,9.78
42,40.78428,-74.00450000000001,857,9.8069
42,40.784220000000005,-74.00459000000001,858,9.817
42,40.78417,-74.00468000000001,859,9.8264
42,40.78417,-74.00469000000001,860,9.8272
42,40.784130000000005,-74.00475,861,9.834
42,40.784060000000004,-74.00491000000001,862,9.8495
42,40.78399,-74.00506,863,9.8644
42,40.78389000000001,-74.00528,864,9.886
42,40.783770000000004,-74.00558000000001,865,9.9145
42,40.78372,-74.00571000000001,866,9.9268
42,40.78367,-74.00583,867,9.9383
42,40.783550000000005,-74.00613000000001,868,9.9669
42,40.783500000000004,-74.00625000000001,869,9.9784
42,40.783300000000004,-74.00676,870,10.0268
42,40.78325,-74.00688000000001,871,10.0383
42,40.7832,-74.00703,872,10.0521
42,40.783170000000005,-74.00709,873,10.0582
42,40.783150000000006,-74.00715000000001,874,10.0637
42,40.78313,-74.00718,875,10.0671
42,40.783120000000004,-74.00723,876,10.0714
42,40.782970000000006,-74.00757,877,10.1045
42,40.78291,-74.00774000000001,878,10.1203
42,40.78289,-74.00779,879,10.1251
42,40.782880000000006,-74.00781,880,10.1271
42,40.78286000000001,-74.00784,881,10.1305
42,40.78284,-74.00787000000001,882,10.1338
42,40.782810000000005,-74.00793,883,10.1399
42,40.78278,-74.00800000000001,884,10.1467
42,40.782720000000005,-74.00809000000001,885,10.1568
42,40.78267,-74.00817,886,10.1655
42,40.782610000000005,-74.00826,887,10.1756
42,40.78255,-74.00832000000001,888,10.184
42,40.782500000000006,-74.00839,889,10.1921
42,40.782410000000006,-74.00849000000001,890,10.2051
42,40.782300000000006,-74.00859000000001,891,10.22
42,40.78226,-74.00863000000001,892,10.2256
42,40.782180000000004,-74.0087,893,10.2362
42,40.78217,-74.0087,894,10.2374
42,40.781980000000004,-74.00886000000001,895,10.2624
42,40.781780000000005,-74.00901,896,10.288
42,40.78141,-74.00930000000001,897,10.3358
42,40.781380000000006,-74.00933,898,10.34
42,40.78136000000001,-74.00934000000001,899,10.3424
42,40.78134,-74.00936,900,10.3452
42,40.78092,-74.00968,901,10.3991
42,40.780800000000006,-74.00978,902,10.4149
42,40.780640000000005,-74.00989000000001,903,10.4349
42,40.780620000000006,-74.00991,904,10.4377
42,40.78060000000001,-74.00993000000001,905,10.4405
42,40.78045,-74.01004,906,10.4596
42,40.78041,-74.01007000000001,907,10.4647
42,40.78038,-74.01009,908,10.4685
42,40.78022,-74.01021,909,10.4889
42,40.780010000000004,-74.01037000000001,910,10.5159
42,40.77989,-74.01045,911,10.5308
42,40.779700000000005,-74.01059000000001,912,10.555
42,40.77962,-74.01065000000001,913,10.5652
42,40.77953,-74.01071,914,10.5765
42,40.77947,-74.01076,915,10.5843
42,40.7794,-74.01081,916,10.5932
42,40.77935,-74.01084,917,10.5993
42,40.77933,-74.01086000000001,918,10.6021
42,40.77928,-74.0109,919,10.6086
42,40.7792,-74.01106,920,10.6247
42,40.77908,-74.01116,921,10.6405
42,40.7789,-74.01132000000001,922,10.6646
42,40.778760000000005,-74.01144000000001,923,10.6832
42,40.77875,-74.01146,924,10.6852
42,40.7785,-74.01168000000001,925,10.7186
42,40.77848,-74.01169,926,10.721
42,40.778270000000006,-74.01187,927,10.7488
42,40.778200000000005,-74.01193,928,10.7581
42,40.778130000000004,-74.01197,929,10.7666
42,40.77803,-74.01204000000001,930,10.7792
42,40.777910000000006,-74.0121,931,10.7934
42,40.777860000000004,-74.01212000000001,932,10.7993
42,40.777860000000004,-74.01213,933,10.8001
42,40.77781,-74.01215,934,10.8059
42,40.777660000000004,-74.01221000000001,935,10.8233
42,40.777640000000005,-74.01222,936,10.8257
42,40.777620000000006,-74.01222,937,10.8279
42,40.77756,-74.01224,938,10.8348
42,40.77745,-74.01226000000001,939,10.8472
42,40.77743,-74.01226000000001,940,10.8494
42,40.77736,-74.01227,941,10.8572
42,40.77734,-74.01228,942,10.8596
42,40.77723,-74.01229000000001,943,10.8719
42,40.777060000000006,-74.01229000000001,944,10.8908
42,40.776990000000005,-74.01229000000001,945,10.8985
42,40.77691,-74.01228,946,10.9075
42,40.776830000000004,-74.01227,947,10.9164
42,40.7768,-74.01227,948,10.9197
42,40.776720000000005,-74.01226000000001,949,10.9287
42,40.77669,-74.01226000000001,950,10.932
42,40.77662,-74.01225000000001,951,10.9398
42,40.776500000000006,-74.01224,952,10.9532
42,40.776390000000006,-74.01223,953,10.9655
42,40.77617,-74.0122,954,10.9901
42,40.776120000000006,-74.0122,955,10.9956
42,40.77606575274314,-74.01219381758418,956,11.0017
42,40.77602,-74.01219,957,11.0068
42,40.775940000000006,-74.01219,958,11.0157
42,40.77588,-74.01219,959,11.0224
42,40.775850000000005,-74.0122,960,11.0258
42,40.77581,-74.01221000000001,961,11.0303
42,40.775780000000005,-74.01223,962,11.0341
42,40.775740000000006,-74.01225000000001,963,11.0388
42,40.77568,-74.01228,964,11.0459
42,40.77559,-74.01234000000001,965,11.0572
42,40.775490000000005,-74.01241,966,11.0697
42,40.77546,-74.01243000000001,967,11.0735
42,40.775360000000006,-74.0125,968,11.0861
42,40.77534,-74.01251,969,11.0884
42,40.775330000000004,-74.01252000000001,970,11.0898
42,40.77532,-74.01253000000001,971,11.0912
42,40.775310000000005,-74.01254,972,11.0926
42,40.775110000000005,-74.01267,973,11.1174
42,40.775040000000004,-74.01272,974,11.1263
42,40.774950000000004,-74.01278,975,11.1375
42,40.77494,-74.01278,976,11.1386
42,40.77438,-74.01319000000001,977,11.2098
42,40.77434,-74.01323000000001,978,11.2154
42,40.77427,-74.01328000000001,979,11.2242
42,40.77405,-74.01342000000001,980,11.2514
42,40.77396452052786,-74.01348663985223,981,11.2624
42,40.77396,-74.01349,982,11.263
42,40.77394496870803,-74.0134978597853,983,11.2648
42,40.77390435692449,-74.0133776155666,984,11.2759
42,40.77393927049033,-74.013357337762,985,11.2801
42,40.774010000000004,-74.01331,986,11.2889
42,40.774210000000004,-74.01318,987,11.3137
42,40.77431,-74.01311000000001,988,11.3263
42,40.77447,-74.01301000000001,989,11.346
42,40.774570000000004,-74.01295,990,11.3582
42,40.77467,-74.01289000000001,991,11.3704
42,40.77485,-74.01276,992,11.3932
42,40.77507000000001,-74.0126,993,11.4212
42,40.775090000000006,-74.01258,994,11.4239
42,40.7751,-74.01257000000001,995,11.4253
42,40.77512,-74.01256000000001,996,11.4277
42,40.775150000000004,-74.01253000000001,997,11.4319
42,40.77521,-74.01247000000001,998,11.4403
42,40.77528,-74.01241,999,11.4495
42,40.77532,-74.01238000000001,1000,11.4547
42,40.77534,-74.01236,1001,11.4575
42,40.77537,-74.01234000000001,1002,11.4612
42,40.77553,-74.01222,1003,11.4817
42,40.77557,-74.01218,1004,11.4872
42,40.77561,-74.01216000000001,1005,11.492
42,40.77564,-74.01213,1006,11.4962
42,40.775670000000005,-74.01211,1007,11.4999
42,40.775690000000004,-74.01209,1008,11.5027
42,40.77575,-74.01205,1009,11.5102
42,40.77579,-74.01203000000001,1010,11.5149
42,40.77584,-74.01201,1011,11.5207
42,40.775940000000006,-74.01203000000001,1012,11.532
42,40.77593,-74.01194000000001,1013,11.5396
42,40.77617,-74.01176000000001,1014,11.5703
42,40.77657000000001,-74.01145000000001,1015,11.6219
43,40.776359418546,-74.010074289269,0,0.0
43,40.77639191680899,-74.01018694204762,1,0.0102
43,40.776793507207124,-74.0112468023412,2,0.1099
43,40.77713429899204,-74.01100348749787,3,0.153
43,40.77714,-74.01100000000001,4,0.1537
43,40.77718,-74.01097,5,0.1588
43,40.77738,-74.01079,6,0.1858
43,40.7774,-74.01077000000001,7,0.1885
43,40.777440000000006,-74.01072,8,0.1947
43,40.77752,-74.01077000000001,9,0.2045
43,40.777530000000006,-74.01077000000001,10,0.2056
43,40.77754,-74.01078000000001,11,0.207
43,40.777590000000004,-74.01081,12,0.2131
43,40.777620000000006,-74.01087000000001,13,0.2192
43,40.777860000000004,-74.01142,14,0.2726
43,40.777890000000006,-74.01148,15,0.2787
43,40.77792,-74.01154000000001,16,0.2847
43,40.77799,-74.0117,17,0.3003
43,40.77805,-74.01183,18,0.3131
43,40.77807000000001,-74.01188,19,0.3179
43,40.778150000000004,-74.01182,20,0.3281
43,40.77821,-74.01178,21,0.3356
43,40.77826,-74.01174,22,0.3421
43,40.778420000000004,-74.0116,23,0.3634
43,40.778650000000006,-74.01139,24,0.3945
43,40.77868,-74.01136000000001,25,0.3987
43,40.779030000000006,-74.01106,26,0.4451
43,40.779140000000005,-74.01095000000001,27,0.4604
43,40.77928,-74.0109,28,0.4766
43,40.77933,-74.01086000000001,29,0.4831
43,40.77935,-74.01084,30,0.4859
43,40.7794,-74.01081,31,0.492
43,40.77947,-74.01076,32,0.5008
43,40.77953,-74.01071,33,0.5087
43,40.77962,-74.01065000000001,34,0.5199
43,40.779700000000005,-74.01059000000001,35,0.5301
43,40.77989,-74.01045,36,0.5543
43,40.780010000000004,-74.01037000000001,37,0.5693
43,40.78022,-74.01021,38,0.5962
43,40.78038,-74.01009,39,0.6167
43,40.78041,-74.01007000000001,40,0.6204
43,40.78045,-74.01004,41,0.6256
43,40.78060000000001,-74.00993000000001,42,0.6446
43,40.780620000000006,-74.00991,43,0.6474
43,40.780640000000005,-74.00989000000001,44,0.6502
43,40.780800000000006,-74.00978,45,0.6703
43,40.78092,-74.00968,46,0.6861
43,40.78134,-74.00936,47,0.74
43,40.78136000000001,-74.00934000000001,48,0.7428
43,40.781380000000006,-74.00933,49,0.7451
43,40.78141,-74.00930000000001,50,0.7493
43,40.781780000000005,-74.00901,51,0.7972
43,40.781980000000004,-74.00886000000001,52,0.8227
43,40.78217,-74.0087,53,0.8478
43,40.782180000000004,-74.0087,54,0.8489
43,40.78226,-74.00863000000001,55,0.8596
43,40.782300000000006,-74.00859000000001,56,0.8652
43,40.782410000000006,-74.00849000000001,57,0.88
43,40.782500000000006,-74.00839,58,0.8931
43,40.78255,-74.00832000000001,59,0.9012
43,40.782610000000005,-74.00826,60,0.9096
43,40.78267,-74.00817,61,0.9197
43,40.782720000000005,-74.00809000000001,62,0.9284
43,40.78278,-74.00800000000001,63,0.9385
43,40.782810000000005,-74.00793,64,0.9453
43,40.78284,-74.00787000000001,65,0.9513
43,40.78286000000001,-74.00784,66,0.9547
43,40.782880000000006,-74.00781,67,0.958
43,40.78289,-74.00779,68,0.9601
43,40.78291,-74.00774000000001,69,0.9648
43,40.782970000000006,-74.00757,70,0.9806
43,40.783120000000004,-74.00723,71,1.0137
43,40.78313,-74.00718,72,1.0181
43,40.783150000000006,-74.00715000000001,73,1.0215
43,40.783170000000005,-74.00709,74,1.027
43,40.7832,-74.00703,75,1.033
43,40.78325,-74.00688000000001,76,1.0468
43,40.783300000000004,-74.00676,77,1.0584
43,40.783500000000004,-74.00625000000001,78,1.1067
43,40.783550000000005,-74.00613000000001,79,1.1183
43,40.78367,-74.00583,80,1.1468
43,40.78372,-74.00571000000001,81,1.1584
43,40.783770000000004,-74.00558000000001,82,1.1706
43,40.78389000000001,-74.00528,83,1.1992
43,40.78399,-74.00506,84,1.2208
43,40.784060000000004,-74.00491000000001,85,1.2356
43,40.784130000000005,-74.00475,86,1.2512
43,40.78417,-74.00469000000001,87,1.2579
43,40.78417,-74.00468000000001,88,1.2588
43,40.784220000000005,-74.00459000000001,89,1.2682
43,40.78428,-74.00450000000001,90,1.2783
43,40.784440000000004,-74.00426,91,1.3052
43,40.784510000000004,-74.00415000000001,92,1.3173
43,40.78472,-74.00389000000001,93,1.3493
43,40.78486,-74.00372,94,1.3704
43,40.785030000000006,-74.00354,95,1.3947
43,40.785180000000004,-74.00338,96,1.4161
43,40.78533,-74.00324,97,1.4365
43,40.78562,-74.00299000000001,98,1.475
43,40.785700000000006,-74.00293,99,1.4853
43,40.785810000000005,-74.00284,100,1.4997
43,40.786,-74.00268000000001,101,1.5247
43,40.78616,-74.00256,102,1.5452
43,40.78616,-74.00255,103,1.546
43,40.78618,-74.00254000000001,104,1.5484
43,40.786410000000004,-74.00236000000001,105,1.5781
43,40.78674,-74.00209000000001,106,1.6213
43,40.786950000000004,-74.00192000000001,107,1.6487
43,40.786950000000004,-74.00191000000001,108,1.6495
43,40.787150000000004,-74.00173000000001,109,1.6764
43,40.787200000000006,-74.00168000000001,110,1.6834
43,40.787220000000005,-74.00166,111,1.6862
43,40.787240000000004,-74.00164000000001,112,1.689
43,40.787290000000006,-74.00159000000001,113,1.696
43,40.78743,-74.00146000000001,114,1.715
43,40.78748,-74.0014,115,1.7225
43,40.787510000000005,-74.00138000000001,116,1.7262
43,40.787510000000005,-74.00137000000001,117,1.7271
43,40.787650000000006,-74.00123,118,1.7466
43,40.7877,-74.00118,119,1.7536
43,40.787960000000005,-74.00093000000001,120,1.7893
43,40.78799,-74.00089000000001,121,1.7941
43,40.78801,-74.00088000000001,122,1.7965
43,40.78824,-74.00069,123,1.8266
43,40.78826,-74.00067,124,1.8294
43,40.78828,-74.00066000000001,125,1.8318
43,40.788450000000005,-74.00053000000001,126,1.8536
43,40.788470000000004,-74.00052000000001,127,1.856
43,40.78858,-74.00044000000001,128,1.87
43,40.788740000000004,-74.00033,129,1.89
43,40.78886000000001,-74.00025000000001,130,1.905
43,40.78905,-74.00011,131,1.9292
43,40.789120000000004,-74.00006,132,1.938
43,40.78929,-73.99994000000001,133,1.9595
43,40.789300000000004,-73.99993,134,1.9609
43,40.78931,-73.99992,135,1.9623
43,40.78938,-73.99988,136,1.9707
43,40.78942,-73.99985000000001,137,1.9759
43,40.78949,-73.99979,138,1.9851
43,40.789550000000006,-73.99975,139,1.9926
43,40.789590000000004,-73.99972000000001,140,1.9977
43,40.78961,-73.99971000000001,141,2.0001
43,40.789620000000006,-73.99971000000001,142,2.0012
43,40.789660000000005,-73.99969,143,2.006
43,40.78976,-73.99964,144,2.0179
43,40.789860000000004,-73.99959000000001,145,2.0298
43,40.78996,-73.99954000000001,146,2.0416
43,40.790150000000004,-73.99945000000001,147,2.0641
43,40.79023,-73.99941000000001,148,2.0736
43,40.790470000000006,-73.9993,149,2.1018
43,40.790490000000005,-73.99929,150,2.1042
43,40.790530000000004,-73.99927000000001,151,2.109
43,40.790690000000005,-73.9992,152,2.1277
43,40.79073,-73.99918000000001,153,2.1325
43,40.79075,-73.99917,154,2.1349
43,40.79079,-73.99914000000001,155,2.14
43,40.79081,-73.99913000000001,156,2.1424
43,40.790820000000004,-73.99912,157,2.1438
43,40.7912,-73.99887000000001,158,2.191
43,40.79128,-73.99882000000001,159,2.2008
43,40.79137,-73.99877000000001,160,2.2117
43,40.79146,-73.99872,161,2.2225
43,40.79159000000001,-73.99863,162,2.2388
43,40.791810000000005,-73.9985,163,2.2656
43,40.79204,-73.99836,164,2.2938
43,40.792190000000005,-73.99827,165,2.3121
43,40.792260000000006,-73.99823,166,2.3206
43,40.792320000000004,-73.99818,167,2.3285
43,40.79249,-73.99808,168,2.3492
43,40.792500000000004,-73.99807000000001,169,2.3506
43,40.79254,-73.99805,170,2.3553
43,40.792550000000006,-73.99804,171,2.3567
43,40.792680000000004,-73.99797000000001,172,2.3723
43,40.7927,-73.99796,173,2.3747
43,40.79274,-73.99793000000001,174,2.3798
43,40.792750000000005,-73.99793000000001,175,2.3809
43,40.792930000000005,-73.99782,176,2.403
43,40.79327000000001,-73.99763,177,2.444
43,40.793380000000006,-73.99757000000001,178,2.4573
43,40.793530000000004,-73.9975,179,2.475
43,40.793670000000006,-73.99744000000001,180,2.4913
43,40.79372,-73.99742,181,2.4971
43,40.79392,-73.99735000000001,182,2.5201
43,40.79403000000001,-73.99732,183,2.5326
43,40.79424,-73.99726000000001,184,2.5565
43,40.794500000000006,-73.99718,185,2.5862
43,40.7946,-73.99715,186,2.5976
43,40.79484,-73.99709,187,2.6248
43,40.79502,-73.99703000000001,188,2.6454
43,40.795120000000004,-73.99701,189,2.6567
43,40.795210000000004,-73.99698000000001,190,2.667
43,40.795300000000005,-73.99695000000001,191,2.6773
43,40.795460000000006,-73.99691,192,2.6954
43,40.79547,-73.99691,193,2.6965
43,40.795480000000005,-73.99690000000001,194,2.6979
43,40.79565,-73.99685000000001,195,2.7173
43,40.795750000000005,-73.99682,196,2.7287
43,40.7958,-73.99681000000001,197,2.7343
43,40.795910000000006,-73.99678,198,2.7468
43,40.79608,-73.99672000000001,199,2.7664
43,40.79639,-73.99657,200,2.8031
43,40.79641,-73.99656,201,2.8055
43,40.796440000000004,-73.99654000000001,202,2.8092
43,40.79672,-73.99639,203,2.8428
43,40.796730000000004,-73.99639,204,2.8439
43,40.79681,-73.99634,205,2.8537
43,40.79686,-73.99631000000001,206,2.8598
43,40.796870000000006,-73.99631000000001,207,2.861
43,40.79697,-73.99624,208,2.8735
43,40.79713,-73.99614000000001,209,2.8932
43,40.79717,-73.99611,210,2.8983
43,40.797270000000005,-73.99605000000001,211,2.9106
43,40.797290000000004,-73.99603,212,2.9133
43,40.79748,-73.9959,213,2.9371
43,40.79766,-73.99579,214,2.9592
43,40.79778,-73.99571,215,2.9741
43,40.79798,-73.99558,216,2.9989
43,40.798100000000005,-73.99549,217,3.0143
43,40.798120000000004,-73.99548,218,3.0166
43,40.798170000000006,-73.99545,219,3.0227
43,40.798260000000006,-73.99539,220,3.034
43,40.79838,-73.99531,221,3.0489
43,40.79856,-73.99520000000001,222,3.071
43,40.79858,-73.99519000000001,223,3.0733
43,40.79867,-73.99512,224,3.085
43,40.798770000000005,-73.99506000000001,225,3.0972
43,40.798860000000005,-73.995,226,3.1084
43,40.798930000000006,-73.99495,227,3.1172
43,40.79901,-73.9949,228,3.1271
43,40.79909000000001,-73.99485,229,3.1369
43,40.79912,-73.99483000000001,230,3.1406
43,40.799150000000004,-73.99481,231,3.1444
43,40.799640000000004,-73.9945,232,3.2048
43,40.7997,-73.99447,233,3.2119
43,40.79981,-73.99434000000001,234,3.2283
43,40.799870000000006,-73.99431000000001,235,3.2355
43,40.799890000000005,-73.99430000000001,236,3.2379
43,40.799910000000004,-73.99429,237,3.2402
43,40.79994000000001,-73.99427,238,3.244
43,40.79999,-73.99425000000001,239,3.2498
43,40.80006,-73.99421000000001,240,3.2583
43,40.800160000000005,-73.99416000000001,241,3.2701
43,40.800360000000005,-73.99406,242,3.2939
43,40.800580000000004,-73.99395000000001,243,3.3201
43,40.800740000000005,-73.99388,244,3.3388
43,40.80075,-73.99387,245,3.3402
43,40.800760000000004,-73.99386000000001,246,3.3416
43,40.80088000000001,-73.99381000000001,247,3.3556
43,40.80095,-73.99377000000001,248,3.3641
43,40.80104,-73.99374,249,3.3744
43,40.801230000000004,-73.99367000000001,250,3.3963
43,40.80136,-73.99364,251,3.411
43,40.8014,-73.99363000000001,252,3.4155
43,40.80142,-73.99363000000001,253,3.4178
43,40.801590000000004,-73.99361,254,3.4367
43,40.80165,-73.9936,255,3.4435
43,40.80171,-73.9936,256,3.4501
43,40.801790000000004,-73.99361,257,3.4591
43,40.80194,-73.99362,258,3.4758
43,40.80200000000001,-73.99362,259,3.4824
43,40.802200000000006,-73.99362,260,3.5047
43,40.802490000000006,-73.99363000000001,261,3.5369
43,40.8025,-73.99363000000001,262,3.5381
43,40.802550000000004,-73.99364,263,3.5437
43,40.80261,-73.99364,264,3.5504
43,40.802670000000006,-73.99364,265,3.557
43,40.80277,-73.99364,266,3.5681
43,40.802780000000006,-73.99364,267,3.5693
43,40.80283,-73.99364,268,3.5748
43,40.802890000000005,-73.99363000000001,269,3.5815
43,40.80295,-73.99363000000001,270,3.5882
43,40.803000000000004,-73.99362,271,3.5938
43,40.80301,-73.99362,272,3.5949
43,40.80312,-73.9936,273,3.6073
43,40.80328,-73.99356,274,3.6254
43,40.80344,-73.99352,275,3.6435
43,40.80355,-73.99349000000001,276,3.656
43,40.80371,-73.99343,277,3.6745
43,40.804030000000004,-73.99328000000001,278,3.7122
43,40.804100000000005,-73.99323000000001,279,3.7211
43,40.80413,-73.99321,280,3.7248
43,40.8042,-73.99317,281,3.7333
43,40.804260000000006,-73.99312,282,3.7412
43,40.80429,-73.99310000000001,283,3.7449
43,40.80428837989185,-73.99309567183134,284,3.7453
43,40.80429,-73.99310000000001,285,3.7457
43,40.80436,-73.99305000000001,286,3.7546
43,40.80447,-73.99297,287,3.7686
43,40.80454,-73.99291000000001,288,3.7778
43,40.80463,-73.99283000000001,289,3.7899
43,40.804660000000005,-73.9928,290,3.7941
43,40.80476,-73.99271,291,3.8075
43,40.80485,-73.99263,292,3.8196
43,40.804930000000006,-73.99255000000001,293,3.8308
43,40.80501,-73.99248,294,3.8414
43,40.8051,-73.9924,295,3.8535
43,40.80516,-73.99234000000001,296,3.8619
43,40.80523,-73.99228000000001,297,3.8711
43,40.8053,-73.99222,298,3.8804
43,40.80532,-73.99220000000001,299,3.8832
43,40.80536,-73.99216000000001,300,3.8888
43,40.80545,-73.99209,301,3.9004
43,40.80552,-73.99201000000001,302,3.9107
43,40.805670000000006,-73.99188000000001,303,3.9306
43,40.805800000000005,-73.99176,304,3.9483
43,40.80599,-73.9916,305,3.9733
43,40.8061,-73.99151,306,3.9877
43,40.806140000000006,-73.99148000000001,307,3.9928
43,40.806200000000004,-73.99143000000001,308,4.0007
43,40.806230000000006,-73.99140000000001,309,4.0049
43,40.80624,-73.99140000000001,310,4.006
43,40.806340000000006,-73.99131000000001,311,4.0195
43,40.80641000000001,-73.99125000000001,312,4.0287
43,40.80650000000001,-73.99118,313,4.0403
43,40.806580000000004,-73.99111,314,4.051
43,40.80669,-73.99101,315,4.0659
43,40.80671,-73.99099000000001,316,4.0687
43,40.80679000000001,-73.99094000000001,317,4.0785
43,40.80688000000001,-73.99087,318,4.0901
43,40.80698,-73.99078,319,4.1036
43,40.807120000000005,-73.99066,320,4.1221
43,40.80715,-73.99064,321,4.1259
43,40.807190000000006,-73.9906,322,4.1314
43,40.80735000000001,-73.99047,323,4.1523
43,40.807520000000004,-73.99033,324,4.1746
43,40.80754,-73.99032000000001,325,4.177
43,40.807550000000006,-73.99031000000001,326,4.1784
43,40.807570000000005,-73.9903,327,4.1807
43,40.80763,-73.99025,328,4.1886
43,40.807660000000006,-73.99022000000001,329,4.1928
43,40.80773000000001,-73.99017,330,4.2017
43,40.807790000000004,-73.99013000000001,331,4.2091
43,40.807880000000004,-73.99007,332,4.2204
43,40.80791000000001,-73.99005000000001,333,4.2241
43,40.808080000000004,-73.98995000000001,334,4.2448
43,40.808110000000006,-73.98993,335,4.2485
43,40.80823,-73.98987000000001,336,4.2628
43,40.80828,-73.98984,337,4.2689
43,40.8083,-73.98983000000001,338,4.2713
43,40.808600000000006,-73.9897,339,4.3064
43,40.80876000000001,-73.98963,340,4.3251
43,40.80879,-73.98962,341,4.3286
43,40.80892,-73.98956000000001,342,4.3439
43,40.80897,-73.98954,343,4.3497
43,40.809140000000006,-73.98947000000001,344,4.3695
43,40.80933,-73.9894,345,4.3914
43,40.80948,-73.98934000000001,346,4.4088
43,40.809560000000005,-73.98931,347,4.4181
43,40.809610000000006,-73.98929000000001,348,4.4239
43,40.80968,-73.98925000000001,349,4.4324
43,40.80973,-73.98922,350,4.4385
43,40.80977,-73.98919000000001,351,4.4436
43,40.80984,-73.98914,352,4.4524
43,40.809870000000004,-73.98912,353,4.4562
43,40.809990000000006,-73.98903,354,4.4715
43,40.81009,-73.98894,355,4.485
43,40.810190000000006,-73.98884000000001,356,4.4989
43,40.810320000000004,-73.98871000000001,357,4.5171
43,40.810430000000004,-73.98858000000001,358,4.5335
43,40.810460000000006,-73.98855,359,4.5376
43,40.81049,-73.98852000000001,360,4.5418
43,40.810520000000004,-73.98848000000001,361,4.5466
43,40.81058,-73.98839000000001,362,4.5567
43,40.81072,-73.98825000000001,363,4.5762
43,40.81078,-73.98819,364,4.5846
43,40.810840000000006,-73.98812000000001,365,4.5935
43,40.810860000000005,-73.98811,366,4.5958
43,40.810990000000004,-73.98798000000001,367,4.614
43,40.811040000000006,-73.98794000000001,368,4.6205
43,40.8111,-73.98788,369,4.6288
43,40.81114,-73.98784,370,4.6344
43,40.811150000000005,-73.98784,371,4.6355
43,40.811240000000005,-73.98776000000001,372,4.6476
43,40.81136,-73.98766,373,4.6634
43,40.811530000000005,-73.98752,374,4.6856
43,40.81154,-73.98751,375,4.687
43,40.81157,-73.98749000000001,376,4.6908
43,40.811710000000005,-73.98738,377,4.7089
43,40.81201,-73.98715,378,4.7474
43,40.812020000000004,-73.98714000000001,379,4.7488
43,40.81208,-73.98709000000001,380,4.7567
43,40.812180000000005,-73.98702,381,4.7693
43,40.812270000000005,-73.98694,382,4.7814
43,40.81235,-73.98687000000001,383,4.792
43,40.812360000000005,-73.98686000000001,384,4.7934
43,40.812450000000005,-73.98678000000001,385,4.8055
43,40.81257,-73.98665000000001,386,4.8228
43,40.8126,-73.98662,387,4.8269
43,40.81262,-73.98659,388,4.8303
43,40.81269,-73.98651000000001,389,4.8406
43,40.81271,-73.98647000000001,390,4.8446
43,40.81282,-73.98632,391,4.8622
43,40.812900000000006,-73.98618,392,4.877
43,40.81295,-73.98610000000001,393,4.8857
43,40.812990000000006,-73.98603,394,4.8931
43,40.81302,-73.98595,395,4.9006
43,40.81307,-73.98584000000001,396,4.9114
43,40.813100000000006,-73.98578,397,4.9174
43,40.8132,-73.98552000000001,398,4.942
43,40.81331,-73.98523,399,4.9693
43,40.81338,-73.98507000000001,400,4.9848
43,40.813430000000004,-73.98494000000001,401,4.9971
43,40.813480000000006,-73.98482,402,5.0086
43,40.813520000000004,-73.98471,403,5.0189
43,40.81358,-73.98458000000001,404,5.0317
43,40.81363,-73.98445000000001,405,5.044
43,40.81367,-73.98434,406,5.0543
43,40.81373000000001,-73.98426,407,5.0637
43,40.8138,-73.98415,408,5.0758
43,40.81385,-73.98408,409,5.0839
43,40.813900000000004,-73.98401000000001,410,5.092
43,40.81398,-73.9839,411,5.1049
43,40.81405,-73.98382000000001,412,5.1152
43,40.81419,-73.98365000000001,413,5.1363
43,40.81425,-73.98358,414,5.1452
43,40.814530000000005,-73.98324000000001,415,5.1875
43,40.81457,-73.98320000000001,416,5.1931
43,40.814690000000006,-73.98305,417,5.2114
43,40.814710000000005,-73.98303,418,5.2142
43,40.81488,-73.98284000000001,419,5.239
43,40.814980000000006,-73.98272,420,5.254
43,40.81515,-73.98251,421,5.2799
43,40.81523000000001,-73.98242,422,5.2916
43,40.815270000000005,-73.98236,423,5.2983
43,40.815360000000005,-73.98226000000001,424,5.3114
43,40.81537,-73.98225000000001,425,5.3128
43,40.815450000000006,-73.98216000000001,426,5.3244
43,40.815650000000005,-73.98195000000001,427,5.3529
43,40.81571,-73.98187,428,5.3623
43,40.815940000000005,-73.98166,429,5.3934
43,40.81604,-73.98155000000001,430,5.4079
43,40.8162,-73.98140000000001,431,5.4297
43,40.816460000000006,-73.98114000000001,432,5.466
43,40.81671,-73.9809,433,5.5003
43,40.81673000000001,-73.98088,434,5.5031
43,40.816770000000005,-73.98084,435,5.5087
43,40.81687,-73.98074000000001,436,5.5226
43,40.81698,-73.98064000000001,437,5.5375
43,40.8171,-73.98053,438,5.5537
43,40.81723,-73.9804,439,5.5718
43,40.81738,-73.98025000000001,440,5.5928
43,40.817460000000004,-73.98018,441,5.6034
43,40.81752,-73.98012,442,5.6118
43,40.81767000000001,-73.97997000000001,443,5.6327
43,40.81777,-73.97987,444,5.6467
43,40.817820000000005,-73.97981,445,5.6542
43,40.81795,-73.97968,446,5.6723
43,40.81797,-73.97966000000001,447,5.6751
43,40.81821,-73.97942,448,5.7086
43,40.81828,-73.97935000000001,449,5.7183
43,40.81839,-73.97925000000001,450,5.7332
43,40.818450000000006,-73.97919,451,5.7415
43,40.81848,-73.97915,452,5.7463
43,40.81853,-73.9791,453,5.7532
43,40.81862,-73.97901,454,5.7658
43,40.81870000000001,-73.97893,455,5.7769
43,40.818830000000005,-73.9788,456,5.7951
43,40.818870000000004,-73.97876000000001,457,5.8007
43,40.81897,-73.97866,458,5.8146
43,40.81909,-73.97855000000001,459,5.8308
43,40.81917000000001,-73.97847,460,5.842
43,40.81924,-73.97840000000001,461,5.8518
43,40.819340000000004,-73.9783,462,5.8657
43,40.81936,-73.97828000000001,463,5.8685
43,40.819520000000004,-73.97812,464,5.8908
43,40.8196,-73.97804000000001,465,5.902
43,40.81969,-73.97795,466,5.9145
43,40.819770000000005,-73.97788,467,5.9252
43,40.819880000000005,-73.97778000000001,468,5.94
43,40.81993000000001,-73.97774000000001,469,5.9465
43,40.82001,-73.97768,470,5.9567
43,40.8202,-73.97755000000001,471,5.9805
43,40.82023,-73.97753,472,5.9843
43,40.820280000000004,-73.9775,473,5.9904
43,40.82034,-73.97746000000001,474,5.9979
43,40.82038,-73.97744,475,6.0026
43,40.820510000000006,-73.97736,476,6.0186
43,40.820660000000004,-73.97728000000001,477,6.0365
43,40.82072,-73.97725000000001,478,6.0437
43,40.820820000000005,-73.97720000000001,479,6.0556
43,40.820840000000004,-73.97719000000001,480,6.0579
43,40.820870000000006,-73.97717,481,6.0617
43,40.821090000000005,-73.97705,482,6.0881
43,40.821200000000005,-73.97698000000001,483,6.1017
43,40.82126,-73.97694,484,6.1092
43,40.821360000000006,-73.97687,485,6.1218
43,40.82143000000001,-73.97682,486,6.1306
43,40.821560000000005,-73.97672,487,6.1473
43,40.82171,-73.9766,488,6.1668
43,40.82184,-73.97649000000001,489,6.184
43,40.82198,-73.97638,490,6.2021
43,40.82222,-73.97621000000001,491,6.2324
43,40.822250000000004,-73.97619,492,6.2361
43,40.822320000000005,-73.97613000000001,493,6.2454
43,40.82242,-73.97607,494,6.2576
43,40.82264,-73.97594000000001,495,6.2844
43,40.82269,-73.97591000000001,496,6.2905
43,40.822790000000005,-73.97586000000001,497,6.3024
43,40.82287,-73.97582000000001,498,6.3119
43,40.822880000000005,-73.97581000000001,499,6.3133
43,40.823,-73.97576000000001,500,6.3273
43,40.823130000000006,-73.9757,501,6.3426
43,40.823190000000004,-73.97567000000001,502,6.3498
43,40.82321,-73.97566,503,6.3521
43,40.823220000000006,-73.97566,504,6.3532
43,40.82325,-73.97564000000001,505,6.357
43,40.823330000000006,-73.9756,506,6.3665
43,40.82343,-73.97556,507,6.3781
43,40.82348,-73.97554000000001,508,6.3839
43,40.823510000000006,-73.97553,509,6.3874
43,40.82358000000001,-73.97550000000001,510,6.3955
43,40.82368,-73.97545000000001,511,6.4074
43,40.82376,-73.97541000000001,512,6.4169
43,40.82386,-73.97536000000001,513,6.4288
43,40.82395,-73.97532000000001,514,6.4394
43,40.82408,-73.97524,515,6.4553
43,40.8241,-73.97523000000001,516,6.4577
43,40.824160000000006,-73.97519000000001,517,6.4652
43,40.82423,-73.97515,518,6.4737
43,40.824290000000005,-73.97510000000001,519,6.4815
43,40.82435,-73.97506,520,6.489
43,40.82439,-73.97503,521,6.4941
43,40.82448,-73.97496000000001,522,6.5057
43,40.824630000000006,-73.97483000000001,523,6.5257
43,40.82475,-73.97474000000001,524,6.541
43,40.824940000000005,-73.97459,525,6.5656
43,40.825100000000006,-73.97447000000001,526,6.5861
43,40.825190000000006,-73.97442000000001,527,6.597
43,40.82527,-73.97436,528,6.6072
43,40.82536,-73.9743,529,6.6184
43,40.82544,-73.97426,530,6.6279
43,40.825660000000006,-73.97414,531,6.6544
43,40.825750000000006,-73.97408,532,6.6656
43,40.82576,-73.97408,533,6.6667
43,40.82585,-73.97403,534,6.6775
43,40.825880000000005,-73.97401,535,6.6813
43,40.825970000000005,-73.97397000000001,536,6.6918
43,40.82602000000001,-73.97394000000001,537,6.6979
43,40.826150000000005,-73.97387,538,6.7135
43,40.826190000000004,-73.97384000000001,539,6.7187
43,40.826260000000005,-73.97380000000001,540,6.7271
43,40.82631000000001,-73.97377,541,6.7332
43,40.82632,-73.97377,542,6.7344
43,40.82667585978796,-73.9735588619406,543,6.7777
43,40.82707194872878,-73.9733265581452,544,6.8259
43,40.82758729858056,-73.97301733055694,545,6.8889
43,40.82808210413365,-73.97272682065673,546,6.9491
43,40.82851278599508,-73.97243172269147,547,7.003
43,40.82890328916994,-73.97213249325172,548,7.0532
43,40.828799953335604,-73.97185623602918,549,7.0791
43,40.82871410261585,-73.97169640989118,550,7.0956
43,40.828624233851386,-73.97151772439368,551,7.1137
43,40.82852128498114,-73.97137689562604,552,7.1301
43,40.82794665501931,-73.96975623091926,553,7.2807
44,40.827924329813,-73.969713315575,0,0.0
44,40.82794056632751,-73.96974013766517,1,0.0029
44,40.828519792847345,-73.97140031075241,2,0.1567
44,40.828670168854494,-73.97164686075425,3,0.1834
44,40.828795660830565,-73.97171394468971,4,0.1984
44,40.82903243746827,-73.9722151321972,5,0.2481
44,40.82903,-73.97221,6,0.2486
44,40.82893000000001,-73.97226,7,0.2605
44,40.82885,-73.97231000000001,8,0.2704
44,40.828810000000004,-73.97235,9,0.2759
44,40.82871,-73.97241000000001,10,0.2881
44,40.828700000000005,-73.97242,11,0.2895
44,40.82864,-73.97246000000001,12,0.297
44,40.82855,-73.97253,13,0.3086
44,40.82847,-73.97259000000001,14,0.3189
44,40.8284,-73.97263000000001,15,0.3273
44,40.82833,-73.97268000000001,16,0.3362
44,40.828320000000005,-73.97268000000001,17,0.3373
44,40.8282,-73.97276000000001,18,0.3522
44,40.82808,-73.97284,19,0.3672
44,40.82806,-73.97286000000001,20,0.37
44,40.828030000000005,-73.97287,21,0.3734
44,40.827980000000004,-73.97291000000001,22,0.3799
44,40.82793,-73.97294000000001,23,0.386
44,40.8278,-73.97302,24,0.402
44,40.82779,-73.97302,25,0.4031
44,40.827630000000006,-73.97312000000001,26,0.4228
44,40.82757,-73.97315,27,0.4299
44,40.827450000000006,-73.97322000000001,28,0.4445
44,40.82741,-73.97325000000001,29,0.4496
44,40.827380000000005,-73.97326000000001,30,0.453
44,40.82726,-73.97334000000001,31,0.468
44,40.82712,-73.97342,32,0.4849
44,40.82697,-73.97351,33,0.5033
44,40.82696000000001,-73.97351,34,0.5044
44,40.826710000000006,-73.97366000000001,35,0.5349
44,40.82659,-73.97372,36,0.5492
44,40.82656,-73.97374,37,0.5529
44,40.82649000000001,-73.97378,38,0.5614
44,40.826240000000006,-73.97393000000001,39,0.5919
44,40.826220000000006,-73.97394000000001,40,0.5943
44,40.82621,-73.97394000000001,41,0.5954
44,40.826150000000005,-73.97398000000001,42,0.6029
44,40.82603,-73.97405,43,0.6175
44,40.82591,-73.97412,44,0.632
44,40.825790000000005,-73.97419000000001,45,0.6466
44,40.825680000000006,-73.97425000000001,46,0.6599
44,40.82558,-73.97431,47,0.6721
44,40.82555000000001,-73.97433000000001,48,0.6758
44,40.825390000000006,-73.97442000000001,49,0.6951
44,40.825210000000006,-73.97453,50,0.7172
44,40.82513,-73.97459,51,0.7274
44,40.825030000000005,-73.97466,52,0.74
44,40.82497,-73.97471,53,0.7479
44,40.82493,-73.97474000000001,54,0.753
44,40.82488,-73.97478000000001,55,0.7595
44,40.82484,-73.97482000000001,56,0.7651
44,40.82481000000001,-73.97484,57,0.7688
44,40.8248,-73.97485,58,0.7702
44,40.82479,-73.97486,59,0.7716
44,40.824760000000005,-73.97488000000001,60,0.7753
44,40.82468,-73.97494,61,0.7856
44,40.82464,-73.97497,62,0.7907
44,40.824510000000004,-73.97507,63,0.8074
44,40.8245,-73.97508,64,0.8088
44,40.82443000000001,-73.97513000000001,65,0.8176
44,40.82434000000001,-73.97521,66,0.8297
44,40.82423,-73.97528000000001,67,0.8433
44,40.824160000000006,-73.97532000000001,68,0.8518
44,40.824130000000004,-73.97535,69,0.8559
44,40.82397,-73.97543,70,0.875
44,40.8239,-73.97547,71,0.8834
44,40.82383,-73.97550000000001,72,0.8916
44,40.823710000000005,-73.97556,73,0.9059
44,40.82368,-73.97557,74,0.9093
44,40.82365,-73.97558000000001,75,0.9128
44,40.82361,-73.9756,76,0.9175
44,40.823530000000005,-73.97564000000001,77,0.927
44,40.82352,-73.97565,78,0.9284
44,40.823130000000006,-73.97582000000001,79,0.9741
44,40.823080000000004,-73.97585000000001,80,0.9802
44,40.82302000000001,-73.97587,81,0.9871
44,40.823,-73.97589,82,0.9899
44,40.822900000000004,-73.97594000000001,83,1.0018
44,40.822790000000005,-73.97599000000001,84,1.0147
44,40.82267,-73.97605,85,1.029
44,40.822660000000006,-73.97606,86,1.0304
44,40.82262,-73.97608000000001,87,1.0351
44,40.82253,-73.97613000000001,88,1.046
44,40.82237000000001,-73.97624,89,1.066
44,40.822340000000004,-73.97625000000001,90,1.0695
44,40.82233,-73.97627,91,1.0715
44,40.82218,-73.97638,92,1.0906
44,40.82195,-73.97655,93,1.1199
44,40.82189,-73.9766,94,1.1278
44,40.8218,-73.97667000000001,95,1.1394
44,40.82173,-73.97672,96,1.1482
44,40.82161000000001,-73.97682,97,1.164
44,40.82157,-73.97686,98,1.1696
44,40.82148,-73.97693000000001,99,1.1812
44,40.821470000000005,-73.97694,100,1.1826
44,40.821400000000004,-73.97699,101,1.1914
44,40.8213,-73.97706000000001,102,1.204
44,40.82117,-73.97714,103,1.2199
44,40.82104,-73.97722,104,1.2359
44,40.82097,-73.97726,105,1.2444
44,40.820870000000006,-73.97731,106,1.2563
44,40.82072,-73.97739,107,1.2743
44,40.820710000000005,-73.97739,108,1.2754
44,40.820510000000006,-73.9775,109,1.2995
44,40.82039,-73.97757,110,1.314
44,40.820240000000005,-73.97766,111,1.3324
44,40.82014,-73.97773000000001,112,1.3449
44,40.820060000000005,-73.97778000000001,113,1.3548
44,40.819990000000004,-73.97784,114,1.3641
44,40.81992,-73.97789,115,1.3729
44,40.819860000000006,-73.97794,116,1.3808
44,40.81974,-73.97805000000001,117,1.397
44,40.81965,-73.97813000000001,118,1.4091
44,40.81956,-73.97822000000001,119,1.4216
44,40.819480000000006,-73.9783,120,1.4328
44,40.81945,-73.97833,121,1.437
44,40.81929,-73.97849000000001,122,1.4593
44,40.819210000000005,-73.97858000000001,123,1.471
44,40.819100000000006,-73.97869,124,1.4863
44,40.819030000000005,-73.97876000000001,125,1.4961
44,40.81897,-73.97882000000001,126,1.5044
44,40.818920000000006,-73.97886000000001,127,1.5109
44,40.81888,-73.97890000000001,128,1.5165
44,40.818670000000004,-73.97911,129,1.5458
44,40.818540000000006,-73.97925000000001,130,1.5645
44,40.81839,-73.97940000000001,131,1.5854
44,40.81835,-73.97944000000001,132,1.5909
44,40.8183,-73.9795,133,1.5985
44,40.818290000000005,-73.9795,134,1.5996
44,40.81826,-73.97954,135,1.6043
44,40.818250000000006,-73.97954,136,1.6054
44,40.818070000000006,-73.97973,137,1.631
44,40.817980000000006,-73.97981,138,1.6431
44,40.817840000000004,-73.97996,139,1.6631
44,40.817820000000005,-73.97998000000001,140,1.6659
44,40.81776,-73.98004,141,1.6743
44,40.817620000000005,-73.98017,142,1.6933
44,40.817220000000006,-73.98057,143,1.7491
44,40.81702000000001,-73.98077,144,1.777
44,40.81701,-73.98078000000001,145,1.7784
44,40.816990000000004,-73.98081,146,1.7817
44,40.816930000000006,-73.98085,147,1.7892
44,40.816860000000005,-73.98093,148,1.7995
44,40.816700000000004,-73.98107,149,1.8208
44,40.81658,-73.98119000000001,150,1.8376
44,40.81645,-73.98131000000001,151,1.8552
44,40.81645,-73.98132000000001,152,1.8561
44,40.816430000000004,-73.98133,153,1.8584
44,40.81635,-73.98140000000001,154,1.8691
44,40.81631,-73.98144,155,1.8747
44,40.81629,-73.98146000000001,156,1.8775
44,40.81627,-73.98148,157,1.8803
44,40.816210000000005,-73.98153,158,1.8881
44,40.816140000000004,-73.98159000000001,159,1.8974
44,40.816050000000004,-73.98167000000001,160,1.9095
44,40.815990000000006,-73.98174,161,1.9184
44,40.81593,-73.98181000000001,162,1.9273
44,40.81584,-73.98190000000001,163,1.9398
44,40.815780000000004,-73.98196,164,1.9482
44,40.815670000000004,-73.98208000000001,165,1.9641
44,40.81562,-73.98213000000001,166,1.971
44,40.8156,-73.98214,167,1.9734
44,40.81552000000001,-73.98224,168,1.9857
44,40.815490000000004,-73.98227,169,1.9898
44,40.81528,-73.98252000000001,170,2.0213
44,40.815200000000004,-73.98261000000001,171,2.033
44,40.81508,-73.98275000000001,172,2.0508
44,40.81494,-73.98292000000001,173,2.0719
44,40.81485,-73.98302000000001,174,2.085
44,40.814600000000006,-73.98331,175,2.122
44,40.8145,-73.98342000000001,176,2.1364
44,40.81438,-73.98356000000001,177,2.1542
44,40.81434,-73.98362,178,2.161
44,40.81427,-73.98371,179,2.1718
44,40.81423,-73.98376,180,2.1779
44,40.81418,-73.98382000000001,181,2.1855
44,40.814130000000006,-73.98389,182,2.1936
44,40.81398,-73.98409000000001,183,2.2172
44,40.81387,-73.98423000000001,184,2.2342
44,40.81382000000001,-73.98431000000001,185,2.243
44,40.81378,-73.98435,186,2.2485
44,40.81378,-73.98436000000001,187,2.2494
44,40.81376,-73.98439,188,2.2528
44,40.813700000000004,-73.98451,189,2.2649
44,40.81365,-73.98463000000001,190,2.2764
44,40.81345,-73.98514,191,2.3247
44,40.813340000000004,-73.98542,192,2.3513
44,40.813300000000005,-73.98554,193,2.3623
44,40.81329,-73.98556,194,2.3643
44,40.81326000000001,-73.98563,195,2.3711
44,40.813210000000005,-73.98576,196,2.3834
44,40.81318,-73.98583,197,2.3901
44,40.813100000000006,-73.98602000000001,198,2.4084
44,40.813010000000006,-73.98620000000001,199,2.4266
44,40.812960000000004,-73.98629000000001,200,2.436
44,40.812870000000004,-73.98643000000001,201,2.4514
44,40.812810000000006,-73.98651000000001,202,2.4609
44,40.81273,-73.98663,203,2.4744
44,40.81266,-73.98672,204,2.4852
44,40.812490000000004,-73.9869,205,2.5095
44,40.81241,-73.98697,206,2.5201
44,40.81232000000001,-73.98706,207,2.5327
44,40.81226,-73.98712,208,2.541
44,40.81217,-73.98719000000001,209,2.5527
44,40.81212,-73.98723000000001,210,2.5592
44,40.811890000000005,-73.98742,211,2.5893
44,40.81177,-73.98750000000001,212,2.6043
44,40.81166,-73.98759000000001,213,2.6187
44,40.811510000000006,-73.98771,214,2.6382
44,40.8115,-73.98772000000001,215,2.6395
44,40.811420000000005,-73.98778,216,2.6498
44,40.811310000000006,-73.98787,217,2.6642
44,40.81121,-73.98795000000001,218,2.6772
44,40.8111,-73.98805,219,2.692
44,40.81105,-73.98809,220,2.6985
44,40.811,-73.98814,221,2.7055
44,40.81092,-73.98821000000001,222,2.7161
44,40.81078,-73.98835000000001,223,2.7357
44,40.810660000000006,-73.98848000000001,224,2.7529
44,40.8106,-73.98856,225,2.7624
44,40.81053,-73.98862000000001,226,2.7717
44,40.8104,-73.98877,227,2.7909
44,40.81033,-73.98884000000001,228,2.8006
44,40.81017000000001,-73.989,229,2.8229
44,40.81004,-73.98913,230,2.8411
44,40.810010000000005,-73.98915000000001,231,2.8448
44,40.809990000000006,-73.98917,232,2.8476
44,40.809900000000006,-73.98923,233,2.8588
44,40.8098,-73.9893,234,2.8714
44,40.809720000000006,-73.98935,235,2.8812
44,40.80968,-73.98937000000001,236,2.886
44,40.80966,-73.98939,237,2.8888
44,40.809580000000004,-73.98943000000001,238,2.8983
44,40.8095,-73.98946000000001,239,2.9075
44,40.80935,-73.98952000000001,240,2.925
44,40.80906,-73.98964000000001,241,2.9588
44,40.80904,-73.98965000000001,242,2.9611
44,40.80899,-73.98968,243,2.9672
44,40.80879,-73.98976,244,2.9905
44,40.808710000000005,-73.9898,245,3.0
44,40.80861,-73.98984,246,3.0116
44,40.80843,-73.98992000000001,247,3.0327
44,40.808310000000006,-73.98999,248,3.0473
44,40.80828,-73.99001000000001,249,3.051
44,40.808220000000006,-73.99005000000001,250,3.0585
44,40.808170000000004,-73.99008,251,3.0646
44,40.808170000000004,-73.99009000000001,252,3.0655
44,40.8081,-73.99014000000001,253,3.0743
44,40.80803,-73.99019000000001,254,3.0832
44,40.80801,-73.99021,255,3.086
44,40.80776,-73.99042,256,3.1189
44,40.80767,-73.99050000000001,257,3.131
44,40.80751,-73.99063000000001,258,3.1518
44,40.80742,-73.9907,259,3.1635
44,40.807370000000006,-73.99075,260,3.1704
44,40.80736,-73.99076000000001,261,3.1718
44,40.807320000000004,-73.99079,262,3.1769
44,40.80726000000001,-73.99084,263,3.1848
44,40.80722,-73.99087,264,3.1899
44,40.80715,-73.99093,265,3.1992
44,40.807080000000006,-73.99099000000001,266,3.2085
44,40.807050000000004,-73.99101,267,3.2122
44,40.80697000000001,-73.99108000000001,268,3.2229
44,40.80693,-73.99112000000001,269,3.2285
44,40.806920000000005,-73.99113000000001,270,3.2299
44,40.80682,-73.99121000000001,271,3.2429
44,40.80677,-73.99125000000001,272,3.2494
44,40.80675,-73.99127,273,3.2522
44,40.80666,-73.99134000000001,274,3.2638
44,40.80657,-73.99141,275,3.2754
44,40.806430000000006,-73.99153000000001,276,3.294
44,40.8063,-73.99164,277,3.3111
44,40.80612,-73.99179000000001,278,3.3348
44,40.806050000000006,-73.99184000000001,279,3.3436
44,40.8059,-73.99196,280,3.3631
44,40.805710000000005,-73.99212,281,3.3882
44,40.805550000000004,-73.99225000000001,282,3.4091
44,40.805420000000005,-73.99235,283,3.4258
44,40.805130000000005,-73.99259,284,3.4639
44,40.8051,-73.99262,285,3.468
44,40.8048,-73.99287000000001,286,3.5075
44,40.80469,-73.99295000000001,287,3.5214
44,40.804680000000005,-73.99296000000001,288,3.5228
44,40.80465,-73.99299,289,3.527
44,40.80453000000001,-73.99309000000001,290,3.5428
44,40.8044,-73.99319000000001,291,3.5595
44,40.80435000000001,-73.99323000000001,292,3.566
44,40.80427,-73.99329,293,3.5763
44,40.804190000000006,-73.99333,294,3.5858
44,40.804170000000006,-73.99335,295,3.5886
44,40.80416,-73.99335,296,3.5897
44,40.80409,-73.99339,297,3.5981
44,40.80407,-73.99341000000001,298,3.6009
44,40.80402,-73.99344,299,3.607
44,40.803960000000004,-73.99346000000001,300,3.6139
44,40.803940000000004,-73.99347,301,3.6163
44,40.80386,-73.99351,302,3.6258
44,40.803810000000006,-73.99353,303,3.6316
44,40.803630000000005,-73.9936,304,3.6525
44,40.80355,-73.99362,305,3.6615
44,40.803520000000006,-73.99363000000001,306,3.665
44,40.803470000000004,-73.99365,307,3.6708
44,40.803430000000006,-73.99366,308,3.6753
44,40.80326,-73.9937,309,3.6945
44,40.80315,-73.99372000000001,310,3.7069
44,40.803070000000005,-73.99373,311,3.7158
44,40.803000000000004,-73.99375,312,3.7238
44,40.802890000000005,-73.99376000000001,313,3.736
44,40.802780000000006,-73.99377000000001,314,3.7483
44,40.8027,-73.99377000000001,315,3.7572
44,40.801860000000005,-73.99374,316,3.8506
44,40.801840000000006,-73.99374,317,3.8528
44,40.80176,-73.99374,318,3.8617
44,40.80174,-73.99373,319,3.8641
44,40.80167,-73.99373,320,3.8719
44,40.80158,-73.99374,321,3.8819
44,40.80153000000001,-73.99374,322,3.8875
44,40.80144000000001,-73.99375,323,3.8975
44,40.80136,-73.99377000000001,324,3.9066
44,40.801260000000006,-73.99379,325,3.9178
44,40.80116,-73.99383,326,3.9295
44,40.801080000000006,-73.99386000000001,327,3.9387
44,40.80096,-73.99391,328,3.9527
44,40.800830000000005,-73.99396,329,3.9678
44,40.800810000000006,-73.99397,330,3.9701
44,40.80075,-73.99401,331,3.9776
44,40.80059000000001,-73.99409,332,3.9966
44,40.80039,-73.99419,333,4.0204
44,40.800180000000005,-73.99429,334,4.0452
44,40.800110000000004,-73.99433,335,4.0537
44,40.79999,-73.99439000000001,336,4.068
44,40.799980000000005,-73.99440000000001,337,4.0694
44,40.79992,-73.99442,338,4.0763
44,40.7999,-73.99444000000001,339,4.079
44,40.79986,-73.99445,340,4.0836
44,40.7997,-73.99447,341,4.1014
44,40.799640000000004,-73.9945,342,4.1086
44,40.799150000000004,-73.99481,343,4.169
44,40.79912,-73.99483000000001,344,4.1727
44,40.79909000000001,-73.99485,345,4.1765
44,40.79901,-73.9949,346,4.1863
44,40.798930000000006,-73.99495,347,4.1961
44,40.798860000000005,-73.995,348,4.205
44,40.798770000000005,-73.99506000000001,349,4.2162
44,40.79867,-73.99512,350,4.2284
44,40.79858,-73.99519000000001,351,4.24
44,40.79856,-73.99520000000001,352,4.2424
44,40.79838,-73.99531,353,4.2645
44,40.798260000000006,-73.99539,354,4.2794
44,40.798170000000006,-73.99545,355,4.2906
44,40.798120000000004,-73.99548,356,4.2967
44,40.798100000000005,-73.99549,357,4.2991
44,40.79798,-73.99558,358,4.3144
44,40.79778,-73.99571,359,4.3392
44,40.79766,-73.99579,360,4.3542
44,40.79748,-73.9959,361,4.3762
44,40.797290000000004,-73.99603,362,4.4
44,40.797270000000005,-73.99605000000001,363,4.4028
44,40.79717,-73.99611,364,4.415
44,40.79713,-73.99614000000001,365,4.4201
44,40.79697,-73.99624,366,4.4398
44,40.796870000000006,-73.99631000000001,367,4.4524
44,40.79686,-73.99631000000001,368,4.4535
44,40.79681,-73.99634,369,4.4596
44,40.796730000000004,-73.99639,370,4.4695
44,40.79672,-73.99639,371,4.4706
44,40.796440000000004,-73.99654000000001,372,4.5042
44,40.79641,-73.99656,373,4.5079
44,40.79639,-73.99657,374,4.5103
44,40.79608,-73.99672000000001,375,4.547
44,40.795910000000006,-73.99678,376,4.5666
44,40.7958,-73.99681000000001,377,4.5791
44,40.795750000000005,-73.99682,378,4.5847
44,40.79565,-73.99685000000001,379,4.5961
44,40.795480000000005,-73.99690000000001,380,4.6155
44,40.79547,-73.99691,381,4.6168
44,40.795460000000006,-73.99691,382,4.618
44,40.795300000000005,-73.99695000000001,383,4.6361
44,40.795210000000004,-73.99698000000001,384,4.6464
44,40.795120000000004,-73.99701,385,4.6567
44,40.79502,-73.99703000000001,386,4.668
44,40.79484,-73.99709,387,4.6886
44,40.7946,-73.99715,388,4.7158
44,40.794500000000006,-73.99718,389,4.7272
44,40.79424,-73.99726000000001,390,4.7568
44,40.79403000000001,-73.99732,391,4.7807
44,40.79392,-73.99735000000001,392,4.7932
44,40.79372,-73.99742,393,4.8162
44,40.793670000000006,-73.99744000000001,394,4.822
44,40.793530000000004,-73.9975,395,4.8384
44,40.793380000000006,-73.99757000000001,396,4.8561
44,40.79327000000001,-73.99763,397,4.8693
44,40.792930000000005,-73.99782,398,4.9104
44,40.792750000000005,-73.99793000000001,399,4.9324
44,40.79274,-73.99793000000001,400,4.9335
44,40.7927,-73.99796,401,4.9387
44,40.792680000000004,-73.99797000000001,402,4.941
44,40.792550000000006,-73.99804,403,4.9566
44,40.79254,-73.99805,404,4.958
44,40.792500000000004,-73.99807000000001,405,4.9628
44,40.79249,-73.99808,406,4.9642
44,40.792320000000004,-73.99818,407,4.9849
44,40.792260000000006,-73.99823,408,4.9928
44,40.792190000000005,-73.99827,409,5.0013
44,40.79204,-73.99836,410,5.0196
44,40.791810000000005,-73.9985,411,5.0477
44,40.79159000000001,-73.99863,412,5.0745
44,40.79146,-73.99872,413,5.0909
44,40.79137,-73.99877000000001,414,5.1017
44,40.79128,-73.99882000000001,415,5.1126
44,40.7912,-73.99887000000001,416,5.1224
44,40.790820000000004,-73.99912,417,5.1696
44,40.79081,-73.99913000000001,418,5.171
44,40.79079,-73.99914000000001,419,5.1734
44,40.79075,-73.99917,420,5.1785
44,40.79073,-73.99918000000001,421,5.1809
44,40.790690000000005,-73.9992,422,5.1856
44,40.790530000000004,-73.99927000000001,423,5.2044
44,40.790490000000005,-73.99929,424,5.2091
44,40.790470000000006,-73.9993,425,5.2115
44,40.79023,-73.99941000000001,426,5.2398
44,40.790150000000004,-73.99945000000001,427,5.2493
44,40.78996,-73.99954000000001,428,5.2717
44,40.789860000000004,-73.99959000000001,429,5.2836
44,40.78976,-73.99964,430,5.2955
44,40.789660000000005,-73.99969,431,5.3074
44,40.789620000000006,-73.99971000000001,432,5.3121
44,40.78961,-73.99971000000001,433,5.3133
44,40.789590000000004,-73.99972000000001,434,5.3156
44,40.789550000000006,-73.99975,435,5.3208
44,40.78949,-73.99979,436,5.3282
44,40.78942,-73.99985000000001,437,5.3375
44,40.78938,-73.99988,438,5.3426
44,40.78931,-73.99992,439,5.3511
44,40.789300000000004,-73.99993,440,5.3525
44,40.78929,-73.99994000000001,441,5.3539
44,40.789120000000004,-74.00006,442,5.3753
44,40.78905,-74.00011,443,5.3842
44,40.78886000000001,-74.00025000000001,444,5.4084
44,40.788740000000004,-74.00033,445,5.4233
44,40.78858,-74.00044000000001,446,5.4434
44,40.788470000000004,-74.00052000000001,447,5.4573
44,40.788450000000005,-74.00053000000001,448,5.4597
44,40.78828,-74.00066000000001,449,5.4816
44,40.78826,-74.00067,450,5.4839
44,40.78824,-74.00069,451,5.4867
44,40.78801,-74.00088000000001,452,5.5169
44,40.78799,-74.00089000000001,453,5.5193
44,40.787960000000005,-74.00093000000001,454,5.524
44,40.7877,-74.00118,455,5.5598
44,40.787650000000006,-74.00123,456,5.5668
44,40.787510000000005,-74.00137000000001,457,5.5863
44,40.787510000000005,-74.00138000000001,458,5.5871
44,40.78748,-74.0014,459,5.5909
44,40.78743,-74.00146000000001,460,5.5984
44,40.787290000000006,-74.00159000000001,461,5.6174
44,40.787240000000004,-74.00164000000001,462,5.6244
44,40.787220000000005,-74.00166,463,5.6272
44,40.787200000000006,-74.00168000000001,464,5.63
44,40.787150000000004,-74.00173000000001,465,5.6369
44,40.786950000000004,-74.00191000000001,466,5.6638
44,40.786950000000004,-74.00192000000001,467,5.6647
44,40.78674,-74.00209000000001,468,5.6921
44,40.786410000000004,-74.00236000000001,469,5.7352
44,40.78618,-74.00254000000001,470,5.765
44,40.78616,-74.00255,471,5.7673
44,40.78616,-74.00256,472,5.7682
44,40.786,-74.00268000000001,473,5.7886
44,40.785810000000005,-74.00284,474,5.8137
44,40.785700000000006,-74.00293,475,5.8281
44,40.78562,-74.00299000000001,476,5.8383
44,40.78533,-74.00324,477,5.8768
44,40.785180000000004,-74.00338,478,5.8973
44,40.785030000000006,-74.00354,479,5.9187
44,40.78486,-74.00372,480,5.9429
44,40.78472,-74.00389000000001,481,5.9641
44,40.784510000000004,-74.00415000000001,482,5.9961
44,40.784440000000004,-74.00426,483,6.0082
44,40.78428,-74.00450000000001,484,6.0351
44,40.784220000000005,-74.00459000000001,485,6.0452
44,40.78417,-74.00468000000001,486,6.0546
44,40.78417,-74.00469000000001,487,6.0554
44,40.784130000000005,-74.00475,488,6.0622
44,40.784060000000004,-74.00491000000001,489,6.0777
44,40.78399,-74.00506,490,6.0926
44,40.78389000000001,-74.00528,491,6.1142
44,40.783770000000004,-74.00558000000001,492,6.1427
44,40.78372,-74.00571000000001,493,6.155
44,40.78367,-74.00583,494,6.1665
44,40.783550000000005,-74.00613000000001,495,6.1951
44,40.783500000000004,-74.00625000000001,496,6.2066
44,40.783300000000004,-74.00676,497,6.255
44,40.78325,-74.00688000000001,498,6.2665
44,40.7832,-74.00703,499,6.2803
44,40.783170000000005,-74.00709,500,6.2864
44,40.783150000000006,-74.00715000000001,501,6.2919
44,40.78313,-74.00718,502,6.2953
44,40.783120000000004,-74.00723,503,6.2996
44,40.782970000000006,-74.00757,504,6.3328
44,40.78291,-74.00774000000001,505,6.3485
44,40.78289,-74.00779,506,6.3533
44,40.782880000000006,-74.00781,507,6.3553
44,40.78286000000001,-74.00784,508,6.3587
44,40.78284,-74.00787000000001,509,6.3621
44,40.782810000000005,-74.00793,510,6.3681
44,40.78278,-74.00800000000001,511,6.3749
44,40.782720000000005,-74.00809000000001,512,6.385
44,40.78267,-74.00817,513,6.3937
44,40.782610000000005,-74.00826,514,6.4038
44,40.78255,-74.00832000000001,515,6.4122
44,40.782500000000006,-74.00839,516,6.4203
44,40.782410000000006,-74.00849000000001,517,6.4334
44,40.782300000000006,-74.00859000000001,518,6.4482
44,40.78226,-74.00863000000001,519,6.4538
44,40.782180000000004,-74.0087,520,6.4645
44,40.78217,-74.0087,521,6.4656
44,40.781980000000004,-74.00886000000001,522,6.4906
44,40.781780000000005,-74.00901,523,6.5162
44,40.78141,-74.00930000000001,524,6.564
44,40.781380000000006,-74.00933,525,6.5682
44,40.78136000000001,-74.00934000000001,526,6.5706
44,40.78134,-74.00936,527,6.5734
44,40.78092,-74.00968,528,6.6273
44,40.780800000000006,-74.00978,529,6.6431
44,40.780640000000005,-74.00989000000001,530,6.6632
44,40.780620000000006,-74.00991,531,6.6659
44,40.78060000000001,-74.00993000000001,532,6.6687
44,40.78045,-74.01004,533,6.6878
44,40.78041,-74.01007000000001,534,6.6929
44,40.78038,-74.01009,535,6.6967
44,40.78022,-74.01021,536,6.7171
44,40.780010000000004,-74.01037000000001,537,6.7441
44,40.77989,-74.01045,538,6.759
44,40.779700000000005,-74.01059000000001,539,6.7832
44,40.77962,-74.01065000000001,540,6.7935
44,40.77953,-74.01071,541,6.8047
44,40.77947,-74.01076,542,6.8125
44,40.7794,-74.01081,543,6.8214
44,40.77935,-74.01084,544,6.8275
44,40.77933,-74.01086000000001,545,6.8303
44,40.77928,-74.0109,546,6.8368
44,40.7792,-74.01106,547,6.8529
44,40.77908,-74.01116,548,6.8687
44,40.7789,-74.01132000000001,549,6.8928
44,40.778760000000005,-74.01144000000001,550,6.9114
44,40.77875,-74.01146,551,6.9134
44,40.7785,-74.01168000000001,552,6.9468
44,40.77848,-74.01169,553,6.9492
44,40.778270000000006,-74.01187,554,6.977
44,40.778200000000005,-74.01193,555,6.9863
44,40.778130000000004,-74.01197,556,6.9948
44,40.77803,-74.01204000000001,557,7.0074
44,40.777910000000006,-74.0121,558,7.0217
44,40.777860000000004,-74.01212000000001,559,7.0275
44,40.777860000000004,-74.01213,560,7.0283
44,40.77781,-74.01215,561,7.0341
44,40.777660000000004,-74.01221000000001,562,7.0515
44,40.777640000000005,-74.01222,563,7.0539
44,40.777620000000006,-74.01222,564,7.0561
44,40.77756,-74.01224,565,7.063
44,40.77745,-74.01226000000001,566,7.0754
44,40.77743,-74.01226000000001,567,7.0776
44,40.77736,-74.01227,568,7.0854
44,40.77734,-74.01228,569,7.0878
44,40.77723,-74.01229000000001,570,7.1001
44,40.777060000000006,-74.01229000000001,571,7.119
44,40.776990000000005,-74.01229000000001,572,7.1268
44,40.77691,-74.01228,573,7.1357
44,40.776830000000004,-74.01227,574,7.1446
44,40.7768,-74.01227,575,7.148
44,40.776720000000005,-74.01226000000001,576,7.1569
44,40.77669,-74.01226000000001,577,7.1602
44,40.77662,-74.01225000000001,578,7.1681
44,40.776500000000006,-74.01224,579,7.1814
44,40.776390000000006,-74.01223,580,7.1937
44,40.77617,-74.0122,581,7.2183
44,40.776120000000006,-74.0122,582,7.2238
44,40.77602,-74.01219,583,7.235
44,40.775940000000006,-74.01219,584,7.2439
44,40.775940000000006,-74.01203000000001,585,7.2574
44,40.77593,-74.01194000000001,586,7.265
44,40.77617,-74.01176000000001,587,7.2957
44,40.776564432164214,-74.01144767177625,588,7.3468
44,40.77689044782582,-74.01116487435227,589,7.3902
44,40.77641629049562,-74.01021376413777,590,7.4861
45,40.827924329813,-73.969713315575,0,0.0
45,40.82792040758733,-73.96966963532017,1,0.0037
45,40.826681218937864,-73.96855200885226,2,0.1705
45,40.81327602343319,-73.97445659711167,3,1.7417
45,40.76306598045235,-74.00952965294887,4,8.0576
45,40.75556526130114,-74.01512670545696,5,9.0156
45,40.72914294656593,-74.02180011421744,6,12.007
45,40.717842056092735,-74.02377299019328,7,13.2745
45,40.715551597979186,-74.02056549807827,8,13.6459
45,40.714925396446034,-74.01733137265191,9,13.9273
46,40.714932739104626,-74.0173750458923,0,0.0
46,40.715683715621736,-74.02061997790638,1,0.286
46,40.71785964904936,-74.02323205767406,2,0.6131
46,40.742799864518105,-74.01860961113623,3,3.4135
46,40.75892515357626,-74.01198642153122,4,5.2914
46,40.814492734799984,-73.97351349401862,5,12.2677
46,40.8262463344648,-73.9687061496195,6,13.6358
46,40.827924329813,-73.969713315575,7,13.8408
47,40.776359418546,-74.010074289269,0,0.0
47,40.7149327391046,-74.0173750458923,1,6.858
48,40.714932739104626,-74.0173750458923,0,0.0
48,40.776359418546,-74.010074289269,1,6.858
49,40.74602272918173,-73.97859131975694,0,0.0
49,40.745954,-73.978642,1,0.0088
49,40.746122,-73.979038,2,0.047
49,40.746283,-73.979426,3,0.0843
49,40.746325,-73.979552,4,0.0959
49,40.746345,-73.979614,5,0.1015
49,40.74639,-73.97972,6,0.1118
49,40.746441,-73.979837,7,0.1231
49,40.747001,-73.981185,8,0.2526
49,40.747032,-73.981261,9,0.2599
49,40.747113,-73.981452,10,0.2784
49,40.747149,-73.981535,11,0.2864
49,40.747297,-73.981882,12,0.32
49,40.747523,-73.982416,13,0.3715
49,40.747724,-73.982859,14,0.415
49,40.747763,-73.982959,15,0.4245
49,40.747807,-73.983064,16,0.4346
49,40.747963,-73.983446,17,0.4711
49,40.7481,-73.98373,18,0.4995
49,40.748397,-73.984439,19,0.5677
49,40.748439,-73.984532,20,0.5769
49,40.748502,-73.984679,21,0.5911
49,40.748774,-73.985326,22,0.6534
49,40.749654,-73.987417,23,0.8549
49,40.749692,-73.987506,24,0.8635
49,40.749744,-73.987651,25,0.877
49,40.749793,-73.987766,26,0.8881
49,40.749835,-73.987863,27,0.8976
49,40.74985,-73.9879,28,0.9011
49,40.749927,-73.98808,29,0.9185
49,40.750018,-73.988294,30,0.9392
49,40.750105,-73.988497,31,0.9588
49,40.750387,-73.989153,32,1.0224
49,40.750452,-73.989305,33,1.0371
49,40.751009,-73.990612,34,1.1634
49,40.751326,-73.991374,35,1.2366
49,40.751569,-73.99196,36,1.2929
49,40.751874,-73.992694,37,1.3634
49,40.752102,-73.993236,38,1.4156
49,40.752137,-73.993319,39,1.4236
49,40.752196,-73.99346,40,1.4372
49,40.75224,-73.993566,41,1.4474
49,40.752252,-73.993596,42,1.4502
49,40.752667,-73.9946,43,1.5466
49,40.752909,-73.995187,44,1.6029
49,40.753166,-73.995733,45,1.657
49,40.753292,-73.996032,46,1.6858
49,40.754184563156,-73.99816870030133,47,1.8914
49,40.75418287188256,-73.9981650803373,48,1.8917
49,40.755381,-74.001049,49,2.1688
49,40.75696203391456,-74.00478567549045,50,2.5293
49,40.75920647972271,-74.00315214358427,51,2.8143
49,40.75923498965636,-74.00320053641339,52,2.8194
49,40.75925942673274,-74.00336184584584,53,2.8333
49,40.759381611979876,-74.00367908772931,54,2.8633
49,40.75945492302034,-74.00371672659729,55,2.872
49,40.759524161150665,-74.00369521867256,56,2.8799
49,40.76032650363902,-74.00311450471627,57,2.9817
50,40.76062395229,-74.003851516287,0,0.0
50,40.76021919040957,-74.00318474550836,1,0.072
50,40.759513412778716,-74.00369404492199,2,0.1614
50,40.759452792701836,-74.00371405268551,3,0.1684
50,40.759405643715155,-74.003696268007,4,0.1738
50,40.75927935162119,-74.00341615931782,5,0.2013
50,40.75925409317358,-74.00344283633586,6,0.2049
50,40.757065685134364,-74.00502894527119,7,0.4825
50,40.756479,-74.003627,8,0.6174
50,40.756032,-74.002567,9,0.7196
50,40.756011,-74.002518,10,0.7243
50,40.75585,-74.002141,11,0.7607
50,40.755776,-74.001973,12,0.7771
50,40.755723,-74.001853,13,0.7888
50,40.755648,-74.001682,14,0.8055
50,40.755185,-74.000584,15,0.9113
50,40.755156,-74.000507,16,0.9186
50,40.755129,-74.000431,17,0.9256
50,40.754744,-73.999505,18,1.0146
50,40.754648,-73.999277,19,1.0366
50,40.7546,-73.999148,20,1.0487
50,40.75454,-73.999007,21,1.0623
50,40.754425,-73.998739,22,1.0882
50,40.754312,-73.998477,23,1.1136
50,40.754232,-73.998531,24,1.1236
50,40.754312,-73.998477,25,1.1336
50,40.754276,-73.998394,26,1.1417
50,40.754156,-73.998106,27,1.1694
50,40.753998,-73.997731,28,1.2055
50,40.753949,-73.997615,29,1.2167
50,40.753798,-73.997255,30,1.2514
50,40.753456,-73.996443,31,1.3296
50,40.753407,-73.996317,32,1.3415
50,40.75336,-73.996198,33,1.3528
50,40.753345,-73.996158,34,1.3566
50,40.753166,-73.995733,35,1.3976
50,40.753152,-73.995703,36,1.4005
50,40.752909,-73.995187,37,1.4517
50,40.752667,-73.9946,38,1.508
50,40.752252,-73.993596,39,1.6043
50,40.75224,-73.993566,40,1.6072
50,40.752196,-73.99346,41,1.6174
50,40.752137,-73.993319,42,1.631
50,40.751968,-73.992916,43,1.6698
50,40.751874,-73.992694,44,1.6912
50,40.751569,-73.99196,45,1.7617
50,40.751119,-73.990877,46,1.8657
50,40.751009,-73.990612,47,1.8912
50,40.750452,-73.989305,48,2.0175
50,40.750387,-73.989153,49,2.0322
50,40.750018,-73.988294,50,2.1154
50,40.749927,-73.98808,51,2.1361
50,40.74985,-73.9879,52,2.1535
50,40.749835,-73.987863,53,2.157
50,40.749793,-73.987766,54,2.1664
50,40.749744,-73.987651,55,2.1776
50,40.749692,-73.987506,56,2.1911
50,40.749654,-73.987417,57,2.1997
50,40.749571,-73.987221,58,2.2186
50,40.748502,-73.984679,59,2.4635
50,40.748439,-73.984532,60,2.4777
50,40.748397,-73.984439,61,2.4869
50,40.748226,-73.98403,62,2.5262
50,40.7481,-73.98373,63,2.5551
50,40.747963,-73.983446,64,2.5835
50,40.747807,-73.983064,65,2.62
50,40.747763,-73.982959,66,2.6301
50,40.747724,-73.982859,67,2.6396
50,40.747604,-73.982595,68,2.6655
50,40.747523,-73.982416,69,2.6831
50,40.747149,-73.981535,70,2.7682
50,40.747113,-73.981452,71,2.7762
50,40.747032,-73.981261,72,2.7947
50,40.747001,-73.981185,73,2.8019
50,40.746882,-73.980898,74,2.8295
50,40.746441,-73.979837,75,2.9315
50,40.74639,-73.97972,76,2.9428
50,40.746305,-73.979783,77,2.9537
50,40.746098,-73.979932,78,2.9799
50,40.746004,-73.98,79,2.9918
50,40.745791,-73.980155,80,3.0188
50,40.745735,-73.980197,81,3.026
50,40.745676,-73.980242,82,3.0336
50,40.745173,-73.98061,83,3.0975
50,40.745116,-73.980649,84,3.1047
50,40.745074,-73.980554,85,3.1139
50,40.744674,-73.979598,86,3.2059
50,40.744498,-73.979189,87,3.2456
50,40.744442,-73.979062,88,3.258
50,40.744504,-73.979017,89,3.2658
50,40.744918,-73.978715,90,3.3184
50,40.745007,-73.97865,91,3.3297
50,40.745061,-73.978609,92,3.3367
50,40.745113,-73.978569,93,3.3433
50,40.745343,-73.978404,94,3.3725
50,40.745642,-73.978188,95,3.4104
50,40.745727,-73.978123,96,3.4213
50,40.745789,-73.978252,97,3.4341
50,40.745954,-73.978642,98,3.4718
51,40.75490364481215,-73.96872758849783,0,0.0
51,40.754951,-73.968693,1,0.006
51,40.754877,-73.96852,2,0.0228
51,40.75466,-73.968678,3,0.0503
51,40.754251,-73.968978,4,0.1023
51,40.754414,-73.969364,5,0.1396
51,40.75443,-73.969402,6,0.1432
51,40.754971,-73.970683,7,0.2668
51,40.755195,-73.971214,8,0.318
51,40.755335,-73.971547,9,0.35
51,40.755339,-73.971557,10,0.351
51,40.755449,-73.971819,11,0.3762
51,40.75587,-73.97282,12,0.4727
51,40.756,-73.973126,13,0.5022
51,40.756015,-73.973161,14,0.5056
51,40.756226,-73.97366,15,0.5537
51,40.756516,-73.97433,16,0.6187
51,40.756604,-73.974538,17,0.6388
51,40.757205,-73.975929,18,0.7737
51,40.757262,-73.976066,19,0.7868
51,40.757299,-73.97615,20,0.795
51,40.757358,-73.97629,21,0.8085
51,40.757419,-73.976437,22,0.8226
51,40.757464,-73.976545,23,0.833
51,40.757623,-73.976922,24,0.8694
51,40.757876,-73.977524,25,0.9273
51,40.75791,-73.977615,26,0.9359
51,40.757981,-73.977777,27,0.9517
51,40.758075,-73.978042,28,0.9763
51,40.758077,-73.978049,29,0.9769
51,40.758119,-73.97815,30,0.9866
51,40.758242,-73.978445,31,1.015
51,40.758453,-73.978944,32,1.0631
51,40.758499,-73.979053,33,1.0736
51,40.759218,-73.98075,34,1.2374
51,40.759274,-73.980883,35,1.2502
51,40.759338,-73.981034,36,1.2648
51,40.759474,-73.981357,37,1.2959
51,40.759504,-73.981429,38,1.3029
51,40.75981,-73.982155,39,1.3728
51,40.760041,-73.982704,40,1.4257
51,40.760395,-73.983544,41,1.5067
51,40.760463,-73.983706,42,1.5223
51,40.760526,-73.983855,43,1.5367
51,40.760608,-73.98405,44,1.5554
51,40.760688,-73.984241,45,1.5738
51,40.760739,-73.984362,46,1.5855
51,40.760767,-73.98443,47,1.592
51,40.760801,-73.984511,48,1.5998
51,40.760989,-73.984954,49,1.6426
51,40.761057,-73.985117,50,1.6582
51,40.761185,-73.98542,51,1.6875
51,40.761668,-73.986566,52,1.7979
51,40.761711,-73.986669,53,1.8078
51,40.761851,-73.987001,54,1.8398
51,40.761888,-73.987088,55,1.8482
51,40.762166,-73.987749,56,1.9119
51,40.76231,-73.988091,57,1.9449
51,40.762421,-73.988356,58,1.9704
51,40.762777,-73.989201,59,2.0518
51,40.762821,-73.989305,60,2.0618
51,40.762862,-73.989402,61,2.0712
51,40.763053,-73.989855,62,2.1149
51,40.76399,-73.992082,63,2.3294
51,40.764057,-73.992241,64,2.3447
51,40.764221,-73.992622,65,2.3817
51,40.76525,-73.995066,66,2.6171
51,40.765301,-73.995188,67,2.6289
51,40.765434,-73.995495,68,2.6587
51,40.765455,-73.995543,69,2.6633
51,40.765933,-73.99669,70,2.7736
51,40.766046,-73.996963,71,2.7998
51,40.7662180226813,-73.99736202946512,72,2.8385
51,40.76546156407292,-73.9978691011293,73,2.9328
51,40.76385551571198,-73.99905226834562,74,3.1373
51,40.76321897055351,-73.99965390857,75,3.2243
51,40.76209004744891,-74.00128268421855,76,3.4103
51,40.76188055445405,-74.00154390295458,77,3.4423
51,40.76080980216929,-74.00228146173906,78,3.5766
51,40.760647605485474,-74.00240757231327,79,3.5976
51,40.76073612917557,-74.002637976575,80,3.6193
51,40.76076395088285,-74.00273815234023,81,3.6283
51,40.760710836705044,-74.00282163214547,82,3.6375
51,40.76042503111216,-74.00302532286454,83,3.6736
51,40.76037444592413,-74.00306873236337,84,3.6803
52,40.76062395229,-74.003851516287,0,0.0
52,40.760372233673934,-74.0030734554993,1,0.0713
52,40.76040150103776,-74.00304930580764,2,0.0751
52,40.76071429518706,-74.00281505380065,3,0.1151
52,40.7607563668019,-74.00274018975689,4,0.1229
52,40.76074173320009,-74.00266049577554,5,0.1298
52,40.76055698369336,-74.00218474685357,6,0.1749
52,40.76132534231948,-74.0016237737652,7,0.2725
52,40.76184108678194,-74.00120921527659,8,0.3396
52,40.76236949753405,-74.00052154241827,9,0.4221
52,40.763156013300545,-73.99944736023252,10,0.548
52,40.7638957725419,-73.9987397548278,11,0.6496
52,40.76506272177298,-73.99792947673893,12,0.7962
52,40.765787363180294,-73.99738133170689,13,0.889
52,40.76673076252317,-73.9966785690225,14,1.0095
52,40.76657,-73.99627,15,1.0482
52,40.7665,-73.996107,16,1.064
52,40.766156,-73.995281,17,1.1434
52,40.765973,-73.994854,18,1.1847
52,40.765964,-73.994832,19,1.1868
52,40.765923,-73.994732,20,1.1964
52,40.765878,-73.994606,21,1.2081
52,40.765825,-73.994456,22,1.2221
52,40.765572,-73.993836,23,1.2814
52,40.765045,-73.992638,24,1.3981
52,40.764686,-73.991785,25,1.4803
52,40.764601,-73.991584,26,1.4996
52,40.764555,-73.991475,27,1.5102
52,40.763609,-73.989224,28,1.727
52,40.76358,-73.989155,29,1.7336
52,40.763563,-73.989116,30,1.7374
52,40.76349,-73.988943,31,1.7541
52,40.763456,-73.988861,32,1.7619
52,40.762937,-73.987628,33,1.8807
52,40.762868,-73.987463,34,1.8966
52,40.762792,-73.987285,35,1.9138
52,40.76234,-73.98621,36,2.0174
52,40.762294,-73.986101,37,2.0279
52,40.762179,-73.985828,38,2.0542
52,40.762156,-73.985772,39,2.0596
52,40.761966,-73.985321,40,2.103
52,40.761948,-73.985279,41,2.1071
52,40.761485,-73.98418,42,2.213
52,40.76145,-73.984098,43,2.2209
52,40.76142,-73.984023,44,2.2281
52,40.761393,-73.983959,45,2.2343
52,40.761278,-73.983686,46,2.2606
52,40.761229,-73.983569,47,2.2718
52,40.761179,-73.983449,48,2.2834
52,40.761156,-73.983396,49,2.2885
52,40.761095,-73.98325,50,2.3025
52,40.761051,-73.983144,51,2.3127
52,40.760677,-73.98225,52,2.3987
52,40.760492,-73.981807,53,2.4413
52,40.759965,-73.980548,54,2.5625
52,40.759911,-73.980418,55,2.575
52,40.759857,-73.980294,56,2.587
52,40.759747,-73.980061,57,2.6102
52,40.759705,-73.97996,58,2.6199
52,40.759133,-73.978591,59,2.7515
52,40.759084,-73.978475,60,2.7627
52,40.758876,-73.977991,61,2.8096
52,40.758753,-73.977695,62,2.838
52,40.758602,-73.977334,63,2.8728
52,40.758528,-73.977159,64,2.8897
52,40.758491,-73.977077,65,2.8977
52,40.758421,-73.976909,66,2.9138
52,40.758382,-73.976815,67,2.9229
52,40.757914,-73.9757,68,3.0302
52,40.757873,-73.97562,69,3.0384
52,40.757808,-73.975496,70,3.0511
52,40.757702,-73.97522,71,3.0771
52,40.757689,-73.975187,72,3.0803
52,40.757562,-73.974889,73,3.1091
52,40.757266,-73.974189,74,3.1766
52,40.757223,-73.974088,75,3.1864
52,40.757135,-73.973881,76,3.2063
52,40.757095,-73.973787,77,3.2154
52,40.756545,-73.972475,78,3.3417
52,40.756498,-73.972362,79,3.3526
52,40.756457,-73.972266,80,3.3619
52,40.756376,-73.97207,81,3.3807
52,40.75637,-73.972057,82,3.382
52,40.756025,-73.971232,83,3.4613
52,40.755825,-73.970754,84,3.5073
52,40.755656,-73.970355,85,3.5458
52,40.754966,-73.968729,86,3.7028
52,40.754951,-73.968693,87,3.7063
53,40.702800820044,-74.005721223577,0,0.0
53,40.70346289472836,-74.00603961075166,1,0.0784
53,40.703358261179424,-74.00548141611857,2,0.1268
53,40.70312969966465,-74.00478789645662,3,0.1906
53,40.702726050183585,-74.00393859969472,4,0.2751
53,40.70266041363938,-74.00381264973818,5,0.288
53,40.70222214995455,-74.00343759262365,6,0.3461
53,40.701513354067124,-74.00314748423428,7,0.4286
53,40.700976563203696,-74.00305714858348,8,0.4887
53,40.70057991026509,-74.00313210414568,9,0.5333
53,40.70010323291753,-74.00330992294438,10,0.5884
53,40.69981882670866,-74.00349417470747,11,0.6236
53,40.6996165140473,-74.00367174097588,12,0.6506
53,40.69941711689083,-74.00390586975297,13,0.6803
53,40.69922706097236,-74.00426259838376,14,0.7171
53,40.69906794187459,-74.00462596786282,15,0.7525
53,40.698615189634445,-74.00590284011108,16,0.8713
53,40.69841717363952,-74.00669654107867,17,0.9417
53,40.698169745506775,-74.00774014655943,18,1.0339
53,40.697664227487635,-74.00958918354013,19,1.1996
53,40.69719005510911,-74.01135858274263,20,1.3578
53,40.69663374925126,-74.01346487772423,21,1.5459
53,40.69592125305334,-74.01585624415013,22,1.7625
53,40.69482009365585,-74.01979019321432,23,2.116
53,40.69404083427227,-74.02234990393251,24,2.3486
53,40.68970879701258,-74.03345667989073,25,3.4016
53,40.68805343086748,-74.03781087960274,26,3.8123
53,40.686852458688335,-74.04116950737236,27,4.1254
53,40.686389175517824,-74.04253589857137,28,4.2516
53,40.685883367776924,-74.04401695884663,29,4.3886
53,40.68535454166535,-74.04560488165268,30,4.5348
53,40.685084605623835,-74.04637858123058,31,4.6066
53,40.68485936539384,-74.04767236167893,32,4.7185
53,40.684291055819536,-74.05044907614835,33,4.961
53,40.683753127956734,-74.05317136372533,34,5.1983
53,40.68290063338755,-74.0603712922836,35,5.8127
53,40.68264402724141,-74.06477145909756,36,6.1849
53,40.68274901670307,-74.06857541122453,37,6.5058
53,40.683122186284905,-74.07094520734628,38,6.7099
53,40.684500904786944,-74.0726714148993,39,6.9213
53,40.68567162300621,-74.07401172038604,40,7.0937
53,40.68681568530011,-74.07504999917998,41,7.2481
53,40.68714011307234,-74.07527037205438,42,7.2887
53,40.68728375823737,-74.07521011284236,43,7.3055
53,40.687425071511,-74.075089878216,44,7.3242
54,40.687425071511,-74.075089878216,0,0.0
54,40.68661938103102,-74.0754500550416,1,0.0946
54,40.68611031285325,-74.07472685833292,2,0.1778
54,40.683278049489154,-74.07081499951153,3,0.6338
54,40.68284728833621,-74.06836672802207,4,0.8458
54,40.682612625315485,-74.065012218918,5,1.1298
54,40.68311955646352,-74.05876494474964,6,1.6596
54,40.68391369853254,-74.05282591404647,7,2.1681
54,40.68514420841391,-74.04648822050278,8,2.7198
54,40.68895938958028,-74.03533364717333,9,3.7515
54,40.69403979378012,-74.0223084218709,10,4.9865
54,40.69537258239125,-74.01789908079816,11,5.3867
54,40.69603996415205,-74.01556504066058,12,5.597
54,40.69710148454293,-74.01166066975833,13,5.9467
54,40.6981887475722,-74.00771356182271,14,6.3007
54,40.69876414577753,-74.00542951435676,15,6.5036
54,40.69932061122655,-74.00400960883805,16,6.6384
54,40.70010292411582,-74.00327232189679,17,6.7453
54,40.70085688100771,-74.00310273652222,18,6.8303
54,40.70150268105207,-74.00314354384099,19,6.9022
54,40.7022920776271,-74.00354410030869,20,6.9963
54,40.702774554380234,-74.00424916278702,21,7.0763
54,40.70306731007849,-74.00554487894183,22,7.1903
54,40.702800820044,-74.005721223577,23,7.2235
55,40.85273949336705,-73.9670935641991,0,0.0
55,40.85275,-73.96713000000001,1,0.0033
55,40.852790000000006,-73.96712000000001,2,0.0078
55,40.85289,-73.96709000000001,3,0.0192
55,40.852920000000005,-73.96708000000001,4,0.0227
55,40.85296,-73.96707,5,0.0272
55,40.853010000000005,-73.96707,6,0.0327
55,40.853080000000006,-73.96707,7,0.0405
55,40.853170000000006,-73.96709000000001,8,0.0507
55,40.85324000000001,-73.96727,9,0.0677
55,40.853060000000006,-73.96728,10,0.0877
55,40.85302,-73.96728,11,0.0922
55,40.85298,-73.96729,12,0.0967
55,40.85289,-73.96730000000001,13,0.1067
55,40.85278,-73.96733,14,0.1192
55,40.85267,-73.96737,15,0.1319
55,40.85264,-73.96739000000001,16,0.1357
55,40.852610000000006,-73.96740000000001,17,0.1391
55,40.852540000000005,-73.96744000000001,18,0.1476
55,40.85249,-73.96746,19,0.1534
55,40.852410000000006,-73.96751,20,0.1632
55,40.85229,-73.96759,21,0.1782
55,40.852160000000005,-73.96766000000001,22,0.1938
55,40.85215,-73.96767000000001,23,0.1952
55,40.85192000000001,-73.96782,24,0.2237
55,40.85188,-73.96784000000001,25,0.2284
55,40.851820000000004,-73.96788000000001,26,0.2359
55,40.85181,-73.96789000000001,27,0.2373
55,40.851710000000004,-73.96795,28,0.2495
55,40.85168,-73.96798000000001,29,0.2537
55,40.85163,-73.96801,30,0.2598
55,40.85161,-73.96804,31,0.2632
55,40.85159,-73.96805,32,0.2655
55,40.85114,-73.96833000000001,33,0.3209
55,40.851040000000005,-73.96837000000001,34,0.3325
55,40.85098,-73.9684,35,0.3396
55,40.850970000000004,-73.96829000000001,36,0.3489
55,40.8509,-73.96769,37,0.4
55,40.85089000000001,-73.96766000000001,38,0.4027
55,40.85089000000001,-73.96762000000001,39,0.4061
55,40.85087,-73.96749000000001,40,0.4173
55,40.850820000000006,-73.96751,41,0.4231
55,40.850750000000005,-73.96754,42,0.4313
55,40.85024000000001,-73.96776000000001,43,0.4909
55,40.850190000000005,-73.96778,44,0.4967
55,40.85011,-73.96782,45,0.5062
55,40.84993,-73.9679,46,0.5273
55,40.849900000000005,-73.96791,47,0.5308
55,40.84957,-73.96806000000001,48,0.5696
55,40.849500000000006,-73.96809,49,0.5778
55,40.849230000000006,-73.96822,50,0.6097
55,40.849180000000004,-73.96824000000001,51,0.6155
55,40.84911,-73.96828000000001,52,0.624
55,40.849070000000005,-73.96829000000001,53,0.6285
55,40.84906,-73.9683,54,0.6299
55,40.849000000000004,-73.96832,55,0.6368
55,40.848960000000005,-73.96834000000001,56,0.6416
55,40.84893,-73.96836,57,0.6453
55,40.848960000000005,-73.96849,58,0.6567
55,40.84897,-73.9685,59,0.6581
55,40.849000000000004,-73.96862,60,0.6688
55,40.84901,-73.96868,61,0.6739
55,40.849030000000006,-73.96875,62,0.6802
55,40.84911,-73.96905000000001,63,0.707
55,40.849160000000005,-73.96921,64,0.7215
55,40.849030000000006,-73.96926,65,0.7366
55,40.84893,-73.96931000000001,66,0.7485
55,40.8489,-73.96932000000001,67,0.7519
55,40.848850000000006,-73.96935,68,0.758
55,40.848620000000004,-73.96945000000001,69,0.7849
55,40.848510000000005,-73.96950000000001,70,0.7979
55,40.848310000000005,-73.9696,71,0.8216
55,40.84823,-73.96963000000001,72,0.8309
55,40.848180000000006,-73.96966,73,0.837
55,40.84816,-73.96967000000001,74,0.8394
55,40.84803,-73.96973000000001,75,0.8547
55,40.847950000000004,-73.96977000000001,76,0.8642
55,40.84788,-73.96981000000001,77,0.8727
55,40.847860000000004,-73.96982000000001,78,0.8751
55,40.84785,-73.96982000000001,79,0.8762
55,40.84785,-73.96983,80,0.877
55,40.847820000000006,-73.96985000000001,81,0.8807
55,40.847750000000005,-73.96990000000001,82,0.8896
55,40.84769,-73.96995000000001,83,0.8975
55,40.847680000000004,-73.96996,84,0.8989
55,40.84765,-73.96998,85,0.9026
55,40.84763,-73.97000000000001,86,0.9054
55,40.84761,-73.97002,87,0.9082
55,40.847570000000005,-73.97006,88,0.9138
55,40.847480000000004,-73.97015,89,0.9263
55,40.847440000000006,-73.97019,90,0.9319
55,40.84738,-73.97025000000001,91,0.9403
55,40.84732,-73.97030000000001,92,0.9481
55,40.847280000000005,-73.97034000000001,93,0.9537
55,40.847260000000006,-73.97036,94,0.9565
55,40.847190000000005,-73.97043000000001,95,0.9663
55,40.847170000000006,-73.97044000000001,96,0.9686
55,40.847150000000006,-73.97046,97,0.9714
55,40.84709,-73.97051,98,0.9793
55,40.847,-73.97058000000001,99,0.9909
55,40.84693,-73.97064,100,1.0002
55,40.846900000000005,-73.97066000000001,101,1.0039
55,40.84689,-73.97066000000001,102,1.0051
55,40.84686000000001,-73.97068,103,1.0088
55,40.846810000000005,-73.97071000000001,104,1.0149
55,40.8468,-73.97080000000001,105,1.0226
55,40.846790000000006,-73.97086,106,1.0277
55,40.84677000000001,-73.97091,107,1.0325
55,40.84675,-73.97102000000001,108,1.042
55,40.84667,-73.97104,109,1.0511
55,40.84664,-73.97104,110,1.0544
55,40.84649,-73.97107000000001,111,1.0713
55,40.84648000000001,-73.97107000000001,112,1.0724
55,40.84646,-73.97107000000001,113,1.0746
55,40.846230000000006,-73.97112,114,1.1005
55,40.84622,-73.97113,115,1.1019
55,40.84611,-73.97115000000001,116,1.1143
55,40.84606,-73.97116000000001,117,1.1199
55,40.846050000000005,-73.97116000000001,118,1.121
55,40.845980000000004,-73.97119,119,1.1292
55,40.84584,-73.97127,120,1.1461
55,40.845650000000006,-73.97139,121,1.1695
55,40.845620000000004,-73.97142000000001,122,1.1737
55,40.84557,-73.97145,123,1.1798
55,40.8455,-73.9715,124,1.1887
55,40.84544,-73.97155000000001,125,1.1966
55,40.845380000000006,-73.97159,126,1.204
55,40.84534,-73.97162,127,1.2091
55,40.84526,-73.97169000000001,128,1.2198
55,40.84517,-73.97176,129,1.2314
55,40.84496,-73.97194,130,1.2593
55,40.84494,-73.97195,131,1.2616
55,40.84485,-73.97202,132,1.2732
55,40.844750000000005,-73.97209000000001,133,1.2858
55,40.844730000000006,-73.97210000000001,134,1.2882
55,40.844550000000005,-73.97223000000001,135,1.311
55,40.844370000000005,-73.97235,136,1.3334
55,40.84434,-73.97237000000001,137,1.3372
55,40.84425,-73.97243,138,1.3484
55,40.844150000000006,-73.97250000000001,139,1.361
55,40.84407,-73.97255000000001,140,1.3708
55,40.84402,-73.97258000000001,141,1.3769
55,40.84393,-73.97264000000001,142,1.3881
55,40.843830000000004,-73.9727,143,1.4003
55,40.84362,-73.97282000000001,144,1.4258
55,40.84333,-73.97299000000001,145,1.461
55,40.84329,-73.97301,146,1.4658
55,40.84328,-73.97302,147,1.4672
55,40.84308,-73.97314,148,1.4916
55,40.842980000000004,-73.9732,149,1.5038
55,40.8429,-73.97325000000001,150,1.5137
55,40.84288,-73.97326000000001,151,1.516
55,40.842830000000006,-73.97330000000001,152,1.5225
55,40.84279,-73.97333,153,1.5276
55,40.842740000000006,-73.97337,154,1.5341
55,40.842670000000005,-73.97342,155,1.543
55,40.84248,-73.97357000000001,156,1.5676
55,40.842380000000006,-73.97365,157,1.5806
55,40.842330000000004,-73.97369,158,1.5871
55,40.842310000000005,-73.97372,159,1.5905
55,40.842290000000006,-73.97374,160,1.5932
55,40.842150000000004,-73.97387,161,1.6123
55,40.84212,-73.9739,162,1.6165
55,40.84198000000001,-73.97405,163,1.6365
55,40.84197,-73.97405,164,1.6376
55,40.84189000000001,-73.97413,165,1.6488
55,40.84183,-73.97419000000001,166,1.6571
55,40.841750000000005,-73.97428000000001,167,1.6688
55,40.841660000000005,-73.97436,168,1.6809
55,40.84158,-73.97445,169,1.6926
55,40.841300000000004,-73.97477,170,1.7337
55,40.84109,-73.97501000000001,171,1.7646
55,40.84094,-73.97517,172,1.786
55,40.840680000000006,-73.97546000000001,173,1.8238
55,40.840540000000004,-73.97562,174,1.8444
55,40.840500000000006,-73.97567000000001,175,1.8505
55,40.8404,-73.97578,176,1.865
55,40.84038,-73.9758,177,1.8678
55,40.840360000000004,-73.97582000000001,178,1.8706
55,40.8402,-73.976,179,1.8939
55,40.840160000000004,-73.97605,180,1.9001
55,40.84006,-73.97615,181,1.914
55,40.839690000000004,-73.97657000000001,182,1.9682
55,40.83963000000001,-73.97664,183,1.9771
55,40.83932,-73.97698000000001,184,2.0219
55,40.839110000000005,-73.97722,185,2.0528
55,40.839040000000004,-73.97729000000001,186,2.0626
55,40.83896,-73.97738000000001,187,2.0742
55,40.838890000000006,-73.97745,188,2.084
55,40.838750000000005,-73.97758,189,2.103
55,40.838640000000005,-73.97768,190,2.1179
55,40.838550000000005,-73.97775,191,2.1295
55,40.83845,-73.97782000000001,192,2.1421
55,40.83831,-73.97792000000001,193,2.1598
55,40.83823,-73.97797,194,2.1696
55,40.838170000000005,-73.97804000000001,195,2.1785
55,40.83805,-73.97810000000001,196,2.1928
55,40.83782,-73.97818000000001,197,2.2192
55,40.837740000000004,-73.9782,198,2.2283
55,40.837650000000004,-73.97822000000001,199,2.2384
55,40.83758,-73.97823000000001,200,2.2462
55,40.83749,-73.97824,201,2.2563
55,40.837300000000006,-73.97827000000001,202,2.2776
55,40.83728,-73.97827000000001,203,2.2798
55,40.83724,-73.97827000000001,204,2.2842
55,40.83713,-73.97828000000001,205,2.2965
55,40.836980000000004,-73.97829,206,2.3132
55,40.83681,-73.9783,207,2.3321
55,40.83654000000001,-73.97831000000001,208,2.3622
55,40.83646,-73.97831000000001,209,2.371
55,40.835930000000005,-73.97834,210,2.43
55,40.8359,-73.97834,211,2.4334
55,40.83587,-73.97834,212,2.4367
55,40.835840000000005,-73.97834,213,2.44
55,40.83538,-73.97837000000001,214,2.4913
55,40.835240000000006,-73.97837000000001,215,2.5068
55,40.83513000000001,-73.97838,216,2.5191
55,40.83503,-73.97839,217,2.5302
55,40.834900000000005,-73.97839,218,2.5447
55,40.83457000000001,-73.97841000000001,219,2.5814
55,40.83419000000001,-73.97843,220,2.6237
55,40.834140000000005,-73.97843,221,2.6293
55,40.83395,-73.97844,222,2.6504
55,40.83362,-73.97846000000001,223,2.6871
55,40.833490000000005,-73.97847,224,2.7016
55,40.83323,-73.97848,225,2.7305
55,40.833220000000004,-73.97848,226,2.7317
55,40.83314,-73.97849000000001,227,2.7406
55,40.83296,-73.97850000000001,228,2.7606
55,40.832910000000005,-73.97850000000001,229,2.7662
55,40.83285,-73.97850000000001,230,2.7729
55,40.83281,-73.97851,231,2.7774
55,40.832800000000006,-73.97851,232,2.7785
55,40.83276,-73.97854000000001,233,2.7836
55,40.83269000000001,-73.97858000000001,234,2.7921
55,40.83241,-73.97869,235,2.8246
55,40.832240000000006,-73.97875,236,2.8441
55,40.83209,-73.97881000000001,237,2.8616
55,40.83194,-73.97887,238,2.879
55,40.831720000000004,-73.97896,239,2.9046
55,40.83164,-73.97899000000001,240,2.9138
55,40.83156,-73.97902,241,2.9231
55,40.831540000000004,-73.97903000000001,242,2.9255
55,40.83149,-73.97905,243,2.9313
55,40.83137000000001,-73.9791,244,2.9453
55,40.831320000000005,-73.97912000000001,245,2.9511
55,40.83119000000001,-73.97917000000001,246,2.9661
55,40.83111,-73.9792,247,2.9754
55,40.830980000000004,-73.97925000000001,248,2.9904
55,40.83073,-73.97938,249,3.0203
55,40.8307,-73.97939000000001,250,3.0237
55,40.83068,-73.97940000000001,251,3.0261
55,40.83062,-73.97943000000001,252,3.0333
55,40.8305,-73.97949000000001,253,3.0475
55,40.83037,-73.97956,254,3.0631
55,40.8303,-73.97959,255,3.0713
55,40.83023,-73.97963,256,3.0798
55,40.83012,-73.97969,257,3.093
55,40.830070000000006,-73.97971000000001,258,3.0988
55,40.830020000000005,-73.97974,259,3.1049
55,40.829820000000005,-73.97985,260,3.129
55,40.829710000000006,-73.97991,261,3.1423
55,40.82967,-73.97993000000001,262,3.147
55,40.829660000000004,-73.97993000000001,263,3.1481
55,40.829600000000006,-73.97996,264,3.1553
55,40.82952,-73.98,265,3.1648
55,40.829170000000005,-73.98020000000001,266,3.2072
55,40.82907,-73.98025000000001,267,3.2191
55,40.828970000000005,-73.98031,268,3.2313
55,40.82855,-73.98055000000001,269,3.2822
55,40.828450000000004,-73.98061000000001,270,3.2944
55,40.82836,-73.98066,271,3.3052
55,40.827940000000005,-73.9809,272,3.3561
55,40.82784,-73.98096000000001,273,3.3683
55,40.82739,-73.98121,274,3.4226
55,40.82723,-73.9813,275,3.4419
55,40.827180000000006,-73.98133,276,3.448
55,40.82714,-73.98136000000001,277,3.4531
55,40.82708,-73.98128000000001,278,3.4626
55,40.82703,-73.98115,279,3.4749
55,40.827020000000005,-73.98113000000001,280,3.4769
55,40.82699,-73.98102,281,3.4868
55,40.826980000000006,-73.98098,282,3.4903
55,40.82696000000001,-73.98083000000001,283,3.5031
55,40.82696000000001,-73.98068,284,3.5157
55,40.82697,-73.98046000000001,285,3.5343
55,40.826980000000006,-73.98032,286,3.5461
55,40.827070000000006,-73.98032,287,3.5561
55,40.827110000000005,-73.98033000000001,288,3.5606
55,40.827180000000006,-73.98034000000001,289,3.5685
55,40.827310000000004,-73.98036,290,3.583
55,40.82733,-73.98036,291,3.5853
55,40.82741,-73.98038000000001,292,3.5943
55,40.827470000000005,-73.98038000000001,293,3.601
55,40.827490000000004,-73.98039,294,3.6034
55,40.82757,-73.9804,295,3.6123
55,40.827650000000006,-73.98041,296,3.6212
55,40.82777,-73.98043000000001,297,3.6347
55,40.82788,-73.98045,298,3.647
55,40.828,-73.98047000000001,299,3.6605
55,40.828050000000005,-73.98048,300,3.6661
55,40.82811,-73.98049,301,3.6728
55,40.828210000000006,-73.98052000000001,302,3.6842
55,40.828340000000004,-73.98052000000001,303,3.6987
55,40.828500000000005,-73.98043000000001,304,3.718
55,40.828520000000005,-73.98042000000001,305,3.7204
55,40.82853,-73.98041,306,3.7218
55,40.828990000000005,-73.98016000000001,307,3.7771
55,40.829550000000005,-73.97985,308,3.8446
55,40.82977,-73.97973,309,3.8711
55,40.82983,-73.97970000000001,310,3.8782
55,40.8299,-73.97966000000001,311,3.8867
55,40.830000000000005,-73.9796,312,3.8989
55,40.83005,-73.97958000000001,313,3.9047
55,40.83025000000001,-73.97948000000001,314,3.9285
55,40.830270000000006,-73.97946,315,3.9312
55,40.830310000000004,-73.97944000000001,316,3.936
55,40.83034000000001,-73.97943000000001,317,3.9394
55,40.83043000000001,-73.97938,318,3.9503
55,40.830630000000006,-73.97929,319,3.9738
55,40.83093,-73.97914,320,4.0095
55,40.83106,-73.97908000000001,321,4.0248
55,40.83138,-73.97896,322,4.0618
55,40.831520000000005,-73.97891,323,4.0779
55,40.83158,-73.97888,324,4.085
55,40.831610000000005,-73.97887,325,4.0885
55,40.83162,-73.97887,326,4.0896
55,40.83166000000001,-73.97885000000001,327,4.0943
55,40.83167,-73.97885000000001,328,4.0954
55,40.831630000000004,-73.97868000000001,329,4.1104
55,40.831630000000004,-73.97864000000001,330,4.1138
55,40.83162,-73.97863000000001,331,4.1152
55,40.831581442764985,-73.97840002797186,332,4.135
55,40.83151431045082,-73.97817577881247,333,4.1553
55,40.831458485225184,-73.97803212553443,334,4.1689
55,40.831387980333254,-73.97793208682054,335,4.1804
55,40.831177629012245,-73.97769563982867,336,4.2111
55,40.831002627278664,-73.97752972609148,337,4.235
55,40.83090360270136,-73.97739513909103,338,4.2508
55,40.83069032717026,-73.97692500508944,339,4.2969
55,40.83053984803443,-73.97674896966674,340,4.3193
55,40.83043914484784,-73.9767033230955,341,4.3311
55,40.83000378087214,-73.9766008250158,342,4.3803
55,40.82990932687385,-73.97657588069403,343,4.391
55,40.829843587668485,-73.97653281650143,344,4.3992
55,40.82978845840526,-73.97649846329895,345,4.4059
55,40.829738135297966,-73.97642844284196,346,4.4141
55,40.829686350159,-73.97632397818134,347,4.4246
55,40.8296563883127,-73.97621049463508,348,4.4347
55,40.82965396802572,-73.9761079669972,349,4.4433
55,40.829664010951234,-73.97599369872559,350,4.453
55,40.8297223164713,-73.97585743855393,351,4.4662
55,40.82979598155829,-73.97576014512514,352,4.4777
55,40.82994667901908,-73.9756492241127,353,4.4969
55,40.83015581734826,-73.97549035245225,354,4.5237
55,40.83032385292243,-73.97534722874585,355,4.546
55,40.830546037532784,-73.97512626660989,356,4.5769
55,40.83082953018007,-73.9748495841743,357,4.6161
55,40.8311716206508,-73.97450280938509,358,4.664
55,40.8313808204438,-73.97430354273627,359,4.6927
55,40.831649544496194,-73.97412115126278,360,4.7263
55,40.83205493278225,-73.97389996462508,361,4.7751
55,40.832453326718316,-73.97372510968027,362,4.8217
55,40.832812231714485,-73.97360066703406,363,4.863
55,40.83301999268214,-73.97350370611333,364,4.8875
55,40.833400892416634,-73.97341934687068,365,4.9304
55,40.833853123119574,-73.97337776246052,366,4.9808
55,40.83405236490481,-73.97337933462387,367,5.003
55,40.83424275570489,-73.97338839578987,368,5.0242
55,40.834337479528365,-73.97336842282652,369,5.0348
55,40.83443345991892,-73.97328982054796,370,5.0474
55,40.834463246030964,-73.97315093117378,371,5.0595
55,40.834422419152006,-73.9730441696439,372,5.0696
55,40.83436149298867,-73.97297283658467,373,5.0787
55,40.83429465516059,-73.97294206382094,374,5.0865
55,40.83419314621882,-73.97296559353715,375,5.098
55,40.83407951319894,-73.9730121736239,376,5.1112
55,40.83395935621603,-73.97307310813694,377,5.1255
55,40.833858048462744,-73.97310860701134,378,5.1372
55,40.83377070973419,-73.97314095553767,379,5.1473
55,40.833425229087304,-73.97320793462076,380,5.1861
55,40.833161252717574,-73.97323477230599,381,5.2155
55,40.83293706484532,-73.97326814573141,382,5.2406
55,40.83276010224784,-73.97329769356448,383,5.2605
55,40.83259481535121,-73.97331394173645,384,5.2789
55,40.83232225973272,-73.97332264458326,385,5.3092
55,40.83209044737364,-73.97332598351593,386,5.335
55,40.831888216204575,-73.97329755381892,387,5.3576
55,40.83170005025987,-73.9732555505193,388,5.3788
55,40.83138915440481,-73.97316069328151,389,5.4143
55,40.83097876950219,-73.9729507447498,390,5.4632
55,40.830714982377316,-73.9728270043923,391,5.4944
55,40.83038937807003,-73.97270711407924,392,5.5319
55,40.829973667559976,-73.97261491727905,393,5.5788
55,40.82970238399839,-73.97258057444552,394,5.6091
55,40.8295277083639,-73.97254387975939,395,5.6288
55,40.82932306159342,-73.972505311393,396,5.6518
55,40.82911978360807,-73.97239415267373,397,5.6762
55,40.82899565954359,-73.97232665636811,398,5.6911
55,40.828929589977136,-73.9722385514502,399,5.7016
55,40.82889404753988,-73.97212869762319,400,5.7116
55,40.828835767849945,-73.9719644062558,401,5.7269
55,40.828731384843195,-73.9717454392442,402,5.7487
55,40.82859645039486,-73.97158754545701,403,5.7687
55,40.82793447763499,-73.96974818429221,404,5.9401
56,40.827924329813,-73.969713315575,0,0.0
56,40.827964921091606,-73.96978305300941,1,0.0074
56,40.82867274534815,-73.97178564549077,2,0.1934
56,40.82877376660073,-73.97173836270129,3,0.2053
56,40.82897251332961,-73.9722355088367,4,0.2526
56,40.828999491270345,-73.97229849029955,5,0.2587
56,40.82913940195663,-73.97235890983016,6,0.2751
56,40.829267251383776,-73.9724139204274,7,0.29
56,40.82933583519516,-73.97244473088996,8,0.2981
56,40.82955845373777,-73.9725092969848,9,0.3234
56,40.82975179280584,-73.97254879686494,10,0.3452
56,40.83005828968622,-73.97260690524253,11,0.3796
56,40.830467660209656,-73.97269655041126,12,0.4257
56,40.830651382601474,-73.97276526576037,13,0.447
56,40.83089453537687,-73.97286666177348,14,0.4753
56,40.83114098972947,-73.97298808393137,15,0.5046
56,40.8314708307352,-73.97314809060993,16,0.5436
56,40.83169207525274,-73.97320688686192,17,0.5687
56,40.8319625928455,-73.97325553428313,18,0.5991
56,40.83230564852646,-73.9732808851606,19,0.6373
56,40.83258508274699,-73.97327665467878,20,0.6684
56,40.83296367719229,-73.97322442007444,21,0.7107
56,40.83328374693639,-73.97318074395176,22,0.7465
56,40.833648824217015,-73.97312116958715,23,0.7874
56,40.83375518058734,-73.97309978439353,24,0.7993
56,40.8339307196078,-73.97302877837332,25,0.8197
56,40.83414358891425,-73.97292200800406,26,0.8451
56,40.834249123526725,-73.97288818877686,27,0.8571
56,40.834301667940565,-73.97289721580452,28,0.863
56,40.83434163947761,-73.97291327708261,29,0.8677
56,40.8344391767603,-73.97299371841788,30,0.8805
56,40.83446528458947,-73.97306351595893,31,0.887
56,40.8344841711871,-73.97315017641712,32,0.8946
56,40.83445916883061,-73.9732857241728,33,0.9063
56,40.8344301485398,-73.97333561726184,34,0.9116
56,40.83440845204631,-73.97335891511894,35,0.9147
56,40.83431937040024,-73.97341134498245,36,0.9256
56,40.834235309737664,-73.9734222451215,37,0.935
56,40.834135398244214,-73.97341830250295,38,0.9461
56,40.83394877175952,-73.97339422930004,39,0.9669
56,40.833907325439455,-73.97339261991232,40,0.9715
56,40.83380644621764,-73.97341040893579,41,0.9829
56,40.833713826567546,-73.97342091860533,42,0.9932
56,40.833471971417644,-73.97346421347285,43,1.0203
56,40.833128745389715,-73.97352564066809,44,1.0588
56,40.83299196149728,-73.97357093880287,45,1.0745
56,40.83283975203998,-73.97363398071467,46,1.0923
56,40.83264417458398,-73.97370893578363,47,1.1149
56,40.832433808706334,-73.97378810544458,48,1.1392
56,40.83209088056326,-73.97394213305496,49,1.1795
56,40.831656274466766,-73.97415951295557,50,1.2312
56,40.83141833822068,-73.97434224206111,51,1.2618
56,40.83105519492898,-73.97467510070311,52,1.3109
56,40.83069898466046,-73.97501887204658,53,1.36
56,40.83049674322319,-73.97522057979248,54,1.3881
56,40.830292271538475,-73.97542402730721,55,1.4166
56,40.83023120265765,-73.97547053087393,56,1.4244
56,40.83010481225625,-73.97556888232526,57,1.4407
56,40.82993544407187,-73.9756799220878,58,1.4618
56,40.829844182738384,-73.97574795701046,59,1.4734
56,40.829778354428996,-73.97581643309614,60,1.4827
56,40.829737555202136,-73.97589902958713,61,1.491
56,40.82970788062653,-73.97597375089181,62,1.4981
56,40.82968962129625,-73.97603548517317,63,1.5037
56,40.82968367261121,-73.97609956410436,64,1.5091
56,40.82968321025581,-73.9761792575198,65,1.5158
56,40.82969213136069,-73.97625206527934,66,1.522
56,40.8297141207127,-73.97633870089363,67,1.5297
56,40.82976532175528,-73.97642511020526,68,1.539
56,40.82980047623748,-73.97647330043195,69,1.5446
56,40.829850307759145,-73.97651791495976,70,1.5513
56,40.82990842483549,-73.97655343582016,71,1.5584
56,40.829983682455754,-73.97656972713828,72,1.5669
56,40.83018923727955,-73.97660473384755,73,1.5899
56,40.830317551244484,-73.97662442090235,74,1.6043
56,40.83041022073841,-73.97664896135402,75,1.6148
56,40.83048319894258,-73.97668081759971,76,1.6234
56,40.83055760888378,-73.97674694232037,77,1.6333
56,40.830634902042725,-73.97682105590856,78,1.6439
56,40.830691740632176,-73.97688202512431,79,1.6521
56,40.830762692724875,-73.9769863813757,80,1.6639
56,40.830806776126956,-73.97709837139895,81,1.6745
56,40.83086048376895,-73.97723352784139,82,1.6874
56,40.83092118896536,-73.97734584832244,83,1.699
56,40.83103974773298,-73.97750419766479,84,1.7177
56,40.83114689951512,-73.97762162557214,85,1.7332
56,40.83126740319355,-73.97773972796982,86,1.7499
56,40.8314225977328,-73.97792870036,87,1.7733
56,40.831516399933015,-73.97814110330751,88,1.794
56,40.831500000000005,-73.97815,89,1.796
56,40.831520000000005,-73.97821,90,1.8015
56,40.831540000000004,-73.97829,91,1.8086
56,40.83156,-73.97837000000001,92,1.8157
56,40.831590000000006,-73.97848,93,1.8255
56,40.831630000000004,-73.97864000000001,94,1.8397
56,40.831630000000004,-73.97868000000001,95,1.8431
56,40.83164,-73.97871,96,1.8458
56,40.83167,-73.97885000000001,97,1.8581
56,40.831720000000004,-73.97896,98,1.8689
56,40.83164,-73.97899000000001,99,1.8781
56,40.83156,-73.97902,100,1.8874
56,40.831540000000004,-73.97903000000001,101,1.8897
56,40.83149,-73.97905,102,1.8955
56,40.83137000000001,-73.9791,103,1.9095
56,40.831320000000005,-73.97912000000001,104,1.9153
56,40.83119000000001,-73.97917000000001,105,1.9304
56,40.83111,-73.9792,106,1.9396
56,40.830980000000004,-73.97925000000001,107,1.9547
56,40.83073,-73.97938,108,1.9846
56,40.8307,-73.97939000000001,109,1.988
56,40.83068,-73.97940000000001,110,1.9904
56,40.83062,-73.97943000000001,111,1.9975
56,40.8305,-73.97949000000001,112,2.0118
56,40.83037,-73.97956,113,2.0274
56,40.8303,-73.97959,114,2.0356
56,40.83023,-73.97963,115,2.0441
56,40.83012,-73.97969,116,2.0573
56,40.830070000000006,-73.97971000000001,117,2.0631
56,40.830020000000005,-73.97974,118,2.0692
56,40.829820000000005,-73.97985,119,2.0933
56,40.829710000000006,-73.97991,120,2.1065
56,40.82967,-73.97993000000001,121,2.1113
56,40.829660000000004,-73.97993000000001,122,2.1124
56,40.829600000000006,-73.97996,123,2.1195
56,40.82952,-73.98,124,2.129
56,40.829170000000005,-73.98020000000001,125,2.1714
56,40.82907,-73.98025000000001,126,2.1833
56,40.828970000000005,-73.98031,127,2.1955
56,40.82855,-73.98055000000001,128,2.2464
56,40.828450000000004,-73.98061000000001,129,2.2586
56,40.82836,-73.98066,130,2.2695
56,40.827940000000005,-73.9809,131,2.3204
56,40.82784,-73.98096000000001,132,2.3326
56,40.82739,-73.98121,133,2.3869
56,40.827220000000004,-73.9813,134,2.4072
56,40.827180000000006,-73.98133,135,2.4123
56,40.82714,-73.98136000000001,136,2.4174
56,40.82708,-73.98128000000001,137,2.4269
56,40.82703,-73.98115,138,2.4392
56,40.827020000000005,-73.98113000000001,139,2.4412
56,40.82699,-73.98102,140,2.4511
56,40.826980000000006,-73.98098,141,2.4546
56,40.82696000000001,-73.98083000000001,142,2.4674
56,40.82696000000001,-73.98068,143,2.48
56,40.82697,-73.98046000000001,144,2.4986
56,40.826980000000006,-73.98032,145,2.5104
56,40.827070000000006,-73.98032,146,2.5204
56,40.827110000000005,-73.98033000000001,147,2.5249
56,40.827180000000006,-73.98034000000001,148,2.5328
56,40.827310000000004,-73.98036,149,2.5473
56,40.82733,-73.98036,150,2.5496
56,40.82741,-73.98038000000001,151,2.5586
56,40.827470000000005,-73.98038000000001,152,2.5653
56,40.827490000000004,-73.98039,153,2.5677
56,40.82757,-73.9804,154,2.5766
56,40.827650000000006,-73.98041,155,2.5855
56,40.82777,-73.98043000000001,156,2.599
56,40.82788,-73.98045,157,2.6113
56,40.828,-73.98047000000001,158,2.6248
56,40.828050000000005,-73.98048,159,2.6304
56,40.82811,-73.98049,160,2.6371
56,40.828210000000006,-73.98052000000001,161,2.6485
56,40.828340000000004,-73.98052000000001,162,2.663
56,40.828500000000005,-73.98043000000001,163,2.6823
56,40.828520000000005,-73.98042000000001,164,2.6847
56,40.82853,-73.98041,165,2.6861
56,40.828990000000005,-73.98016000000001,166,2.7414
56,40.829550000000005,-73.97985,167,2.8089
56,40.82977,-73.97973,168,2.8354
56,40.82983,-73.97970000000001,169,2.8425
56,40.8299,-73.97966000000001,170,2.851
56,40.830000000000005,-73.9796,171,2.8632
56,40.83005,-73.97958000000001,172,2.869
56,40.83025000000001,-73.97948000000001,173,2.8928
56,40.830270000000006,-73.97946,174,2.8956
56,40.830310000000004,-73.97944000000001,175,2.9003
56,40.83028937510681,-73.97939116826966,176,2.905
56,40.83034000000001,-73.97943000000001,177,2.9115
56,40.83043000000001,-73.97938,178,2.9224
56,40.830630000000006,-73.97929,179,2.9459
56,40.83093,-73.97914,180,2.9815
56,40.83106,-73.97908000000001,181,2.9968
56,40.83138,-73.97896,182,3.0338
56,40.831520000000005,-73.97891,183,3.05
56,40.83158,-73.97888,184,3.0571
56,40.831610000000005,-73.97887,185,3.0605
56,40.83162,-73.97887,186,3.0616
56,40.83166000000001,-73.97885000000001,187,3.0664
56,40.83167,-73.97885000000001,188,3.0675
56,40.8318,-73.9788,189,3.0826
56,40.831990000000005,-73.97874,190,3.1043
56,40.832080000000005,-73.9787,191,3.1148
56,40.83218,-73.97866,192,3.1265
56,40.83231000000001,-73.97862,193,3.1413
56,40.83267,-73.97848,194,3.183
56,40.832750000000004,-73.97850000000001,195,3.1921
56,40.832800000000006,-73.97851,196,3.1977
56,40.83281,-73.97851,197,3.1988
56,40.83285,-73.97850000000001,198,3.2033
56,40.832910000000005,-73.97850000000001,199,3.21
56,40.83296,-73.97850000000001,200,3.2156
56,40.83314,-73.97849000000001,201,3.2356
56,40.833220000000004,-73.97848,202,3.2445
56,40.83323,-73.97848,203,3.2457
56,40.833490000000005,-73.97847,204,3.2746
56,40.83362,-73.97846000000001,205,3.2891
56,40.83395,-73.97844,206,3.3258
56,40.834140000000005,-73.97843,207,3.3469
56,40.83419000000001,-73.97843,208,3.3525
56,40.83457000000001,-73.97841000000001,209,3.3948
56,40.83503,-73.97839,210,3.446
56,40.83507,-73.97838,211,3.4505
56,40.83513000000001,-73.97838,212,3.4572
56,40.835240000000006,-73.97837000000001,213,3.4694
56,40.83538,-73.97837000000001,214,3.485
56,40.835840000000005,-73.97834,215,3.5362
56,40.83587,-73.97834,216,3.5395
56,40.8359,-73.97834,217,3.5429
56,40.835930000000005,-73.97834,218,3.5462
56,40.83646,-73.97831000000001,219,3.6052
56,40.83654000000001,-73.97831000000001,220,3.6141
56,40.83681,-73.9783,221,3.6441
56,40.836980000000004,-73.97829,222,3.663
56,40.83713,-73.97828000000001,223,3.6797
56,40.83724,-73.97827000000001,224,3.692
56,40.83728,-73.97827000000001,225,3.6965
56,40.837300000000006,-73.97827000000001,226,3.6987
56,40.83749,-73.97824,227,3.72
56,40.83758,-73.97823000000001,228,3.73
56,40.837650000000004,-73.97822000000001,229,3.7378
56,40.837740000000004,-73.9782,230,3.748
56,40.83782,-73.97818000000001,231,3.757
56,40.83805,-73.97810000000001,232,3.7835
56,40.838170000000005,-73.97804000000001,233,3.7977
56,40.83823,-73.97797,234,3.8066
56,40.83831,-73.97792000000001,235,3.8165
56,40.83845,-73.97782000000001,236,3.8342
56,40.838550000000005,-73.97775,237,3.8468
56,40.838640000000005,-73.97768,238,3.8584
56,40.838750000000005,-73.97758,239,3.8732
56,40.838890000000006,-73.97745,240,3.8922
56,40.83896,-73.97738000000001,241,3.902
56,40.839040000000004,-73.97729000000001,242,3.9137
56,40.839110000000005,-73.97722,243,3.9234
56,40.83932,-73.97698000000001,244,3.9543
56,40.83963000000001,-73.97664,245,3.9991
56,40.839690000000004,-73.97657000000001,246,4.008
56,40.84006,-73.97615,247,4.0622
56,40.840160000000004,-73.97605,248,4.0762
56,40.8402,-73.976,249,4.0823
56,40.840360000000004,-73.97582000000001,250,4.1057
56,40.84038,-73.9758,251,4.1084
56,40.8404,-73.97578,252,4.1112
56,40.840500000000006,-73.97567000000001,253,4.1257
56,40.840540000000004,-73.97562,254,4.1318
56,40.840680000000006,-73.97546000000001,255,4.1524
56,40.84094,-73.97517,256,4.1902
56,40.84109,-73.97501000000001,257,4.2117
56,40.841300000000004,-73.97477,258,4.2425
56,40.84158,-73.97445,259,4.2837
56,40.841660000000005,-73.97436,260,4.2954
56,40.841750000000005,-73.97428000000001,261,4.3074
56,40.84183,-73.97419000000001,262,4.3191
56,40.84189000000001,-73.97413,263,4.3275
56,40.84197,-73.97405,264,4.3386
56,40.84198000000001,-73.97405,265,4.3397
56,40.84212,-73.9739,266,4.3598
56,40.842150000000004,-73.97387,267,4.364
56,40.842290000000006,-73.97374,268,4.383
56,40.842310000000005,-73.97372,269,4.3858
56,40.842330000000004,-73.97369,270,4.3891
56,40.842380000000006,-73.97365,271,4.3956
56,40.84248,-73.97357000000001,272,4.4086
56,40.842670000000005,-73.97342,273,4.4333
56,40.842740000000006,-73.97337,274,4.4421
56,40.84279,-73.97333,275,4.4486
56,40.842830000000006,-73.97330000000001,276,4.4537
56,40.84288,-73.97326000000001,277,4.4602
56,40.8429,-73.97325000000001,278,4.4626
56,40.842980000000004,-73.9732,279,4.4724
56,40.84308,-73.97314,280,4.4846
56,40.84328,-73.97302,281,4.5091
56,40.84329,-73.97301,282,4.5105
56,40.84333,-73.97299000000001,283,4.5152
56,40.84362,-73.97282000000001,284,4.5505
56,40.843830000000004,-73.9727,285,4.5759
56,40.84393,-73.97264000000001,286,4.5881
56,40.84402,-73.97258000000001,287,4.5993
56,40.84407,-73.97255000000001,288,4.6055
56,40.844150000000006,-73.97250000000001,289,4.6153
56,40.84425,-73.97243,290,4.6279
56,40.84434,-73.97237000000001,291,4.6391
56,40.844370000000005,-73.97235,292,4.6428
56,40.844550000000005,-73.97223000000001,293,4.6652
56,40.8447,-73.97213,294,4.6839
56,40.8447,-73.97212,295,4.6848
56,40.844730000000006,-73.97210000000001,296,4.6885
56,40.844750000000005,-73.97209000000001,297,4.6909
56,40.84485,-73.97202,298,4.7034
56,40.84494,-73.97195,299,4.7151
56,40.84496,-73.97194,300,4.7174
56,40.84517,-73.97176,301,4.7453
56,40.84526,-73.97169000000001,302,4.7569
56,40.84534,-73.97162,303,4.7675
56,40.845380000000006,-73.97159,304,4.7727
56,40.84544,-73.97155000000001,305,4.7801
56,40.8455,-73.9715,306,4.788
56,40.84557,-73.97145,307,4.7969
56,40.845620000000004,-73.97142000000001,308,4.803
56,40.845650000000006,-73.97139,309,4.8071
56,40.84584,-73.97127,310,4.8306
56,40.845980000000004,-73.97119,311,4.8475
56,40.846050000000005,-73.97116000000001,312,4.8557
56,40.84606,-73.97116000000001,313,4.8568
56,40.84611,-73.97115000000001,314,4.8624
56,40.84611,-73.97114,315,4.8633
56,40.84613,-73.97111000000001,316,4.8666
56,40.84613,-73.9711,317,4.8675
56,40.84615,-73.97106000000001,318,4.8715
56,40.846180000000004,-73.97104,319,4.8752
56,40.84624,-73.97101,320,4.8824
56,40.846250000000005,-73.971,321,4.8838
56,40.84626,-73.97099,322,4.8852
56,40.84662,-73.97081,323,4.928
56,40.846630000000005,-73.97080000000001,324,4.9294
56,40.84664,-73.97080000000001,325,4.9305
56,40.846650000000004,-73.97080000000001,326,4.9316
56,40.846650000000004,-73.97079000000001,327,4.9324
56,40.846810000000005,-73.97071000000001,328,4.9514
56,40.84686000000001,-73.97068,329,4.9575
56,40.84689,-73.97066000000001,330,4.9613
56,40.846900000000005,-73.97066000000001,331,4.9624
56,40.84693,-73.97064,332,4.9661
56,40.847,-73.97058000000001,333,4.9754
56,40.84709,-73.97051,334,4.987
56,40.847150000000006,-73.97046,335,4.9949
56,40.847170000000006,-73.97044000000001,336,4.9977
56,40.847190000000005,-73.97043000000001,337,5.0001
56,40.847260000000006,-73.97036,338,5.0098
56,40.847280000000005,-73.97034000000001,339,5.0126
56,40.84732,-73.97030000000001,340,5.0182
56,40.84738,-73.97025000000001,341,5.0261
56,40.847440000000006,-73.97019,342,5.0345
56,40.847480000000004,-73.97015,343,5.04
56,40.847570000000005,-73.97006,344,5.0526
56,40.84761,-73.97002,345,5.0582
56,40.84763,-73.97000000000001,346,5.0609
56,40.84765,-73.96998,347,5.0637
56,40.847680000000004,-73.96996,348,5.0675
56,40.84769,-73.96995000000001,349,5.0689
56,40.847750000000005,-73.96990000000001,350,5.0767
56,40.847820000000006,-73.96985000000001,351,5.0856
56,40.84785,-73.96983,352,5.0893
56,40.84785,-73.96982000000001,353,5.0902
56,40.847860000000004,-73.96982000000001,354,5.0913
56,40.84788,-73.96981000000001,355,5.0937
56,40.847950000000004,-73.96977000000001,356,5.1021
56,40.84803,-73.96973000000001,357,5.1117
56,40.84816,-73.96967000000001,358,5.127
56,40.848180000000006,-73.96966,359,5.1293
56,40.84823,-73.96963000000001,360,5.1354
56,40.848310000000005,-73.9696,361,5.1447
56,40.848510000000005,-73.96950000000001,362,5.1685
56,40.848620000000004,-73.96945000000001,363,5.1814
56,40.848850000000006,-73.96935,364,5.2083
56,40.8489,-73.96932000000001,365,5.2144
56,40.84893,-73.96931000000001,366,5.2179
56,40.849030000000006,-73.96926,367,5.2298
56,40.849160000000005,-73.96921,368,5.2448
56,40.84928,-73.96916,369,5.2588
56,40.84931,-73.96915,370,5.2622
56,40.849360000000004,-73.96912,371,5.2683
56,40.84957,-73.96902,372,5.2932
56,40.84971,-73.96896000000001,373,5.3095
56,40.84985,-73.96889,374,5.3262
56,40.85009,-73.96878000000001,375,5.3544
56,40.85016,-73.96874000000001,376,5.3629
56,40.85038,-73.96865000000001,377,5.3885
56,40.850910000000006,-73.96839,378,5.4514
56,40.850970000000004,-73.96829000000001,379,5.4621
56,40.85117,-73.96815000000001,380,5.4873
56,40.8513,-73.96805,381,5.504
56,40.85139,-73.96798000000001,382,5.5156
56,40.851490000000005,-73.96791,383,5.5282
56,40.85152,-73.96788000000001,384,5.5324
56,40.85154,-73.96787,385,5.5347
56,40.85164,-73.96780000000001,386,5.5473
56,40.85179,-73.96770000000001,387,5.566
56,40.85179,-73.96769,388,5.5668
56,40.851910000000004,-73.96761000000001,389,5.5818
56,40.85197,-73.96758000000001,390,5.5889
56,40.85199,-73.96757000000001,391,5.5913
56,40.852090000000004,-73.9675,392,5.6039
56,40.85219,-73.96744000000001,393,5.6161
56,40.85228,-73.96738,394,5.6273
56,40.85242,-73.96728,395,5.645
56,40.852470000000004,-73.96725,396,5.6511
56,40.852500000000006,-73.96723,397,5.6548
56,40.852590000000006,-73.96719,398,5.6654
56,40.85269,-73.96715,399,5.677
56,40.85275,-73.96713000000001,400,5.6839
57,40.827924329813,-73.969713315575,0,0.0
57,40.827151978907125,-73.9681374315867,1,0.158
57,40.82513406832604,-73.96720717489427,2,0.3956
57,40.82129423913679,-73.9695322394082,3,0.8653
57,40.76957155297484,-74.00511572366067,4,7.3499
57,40.764264083427946,-74.00770435850467,5,7.979
57,40.76207907592297,-74.00647522258618,6,8.2431
57,40.760992552144074,-74.00468575643585,7,8.4363
57,40.76062395229,-74.003851516287,8,8.5176
58,40.76062395229,-74.003851516287,0,0.0
58,40.76111479361296,-74.00485198362824,1,0.1004
58,40.761725659876106,-74.00565847709014,2,0.1965
58,40.76254013949389,-74.0061662692676,3,0.2966
58,40.76396970666178,-74.00616120012995,4,0.4556
58,40.78606177452198,-73.99191141922353,5,3.1895
58,40.80672336567025,-73.97716366045117,6,5.8009
58,40.82111508032031,-73.96740547107008,7,7.5996
58,40.8234208325035,-73.96712266019333,8,7.8571
58,40.825867742572,-73.96785401465532,9,8.1361
58,40.827515458243965,-73.96861150138847,10,8.33
58,40.827924329813,-73.969713315575,11,8.4333
59,40.776359418546,-74.010074289269,0,0.0
59,40.77452424306395,-74.0067803166033,1,0.3443
59,40.77180562525879,-74.00648467963407,2,0.6477
59,40.76802958133982,-74.00833612453727,3,1.0956
59,40.75906097719107,-74.01427675545514,4,2.2113
59,40.74482462448444,-74.01875762634148,5,3.8387
59,40.708227934017884,-74.02575570190805,6,7.9505
59,40.70442871191332,-74.0249050422609,7,8.379
59,40.699282920535694,-74.02022940832975,8,9.0738
59,40.69781567137264,-74.01721921914616,9,9.3755
59,40.69695147791893,-74.01256515221662,10,9.7795
59,40.69758436454899,-74.00738450974053,11,10.2219
59,40.69955870513269,-74.00497440852952,12,10.521
59,40.70174362486637,-74.00480919849436,13,10.7643
59,40.702800820044,-74.005721223577,14,10.9048
60,40.702800820044,-74.005721223577,0,0.0
60,40.7017171331737,-74.00478996616627,1,0.1438
60,40.69947531234354,-74.00585147118257,2,0.4087
60,40.6968310164406,-74.01002166944681,3,0.867
60,40.69648610054077,-74.01532919451121,4,1.3161
60,40.69867053774905,-74.02025761063932,5,1.7973
60,40.70350412948059,-74.02477624753513,6,2.4561
60,40.70784879867165,-74.0271356414099,7,2.9786
60,40.7120703756479,-74.02723996811743,8,3.4481
60,40.74172099641106,-74.01978367944008,9,6.8044
60,40.7528813273405,-74.01615700368362,10,8.0824
60,40.76082151422693,-74.01300728109761,11,9.0043
60,40.77015669759143,-74.00829356926981,12,10.1157
60,40.77297284988242,-74.00751071029238,13,10.4357
60,40.7751960436899,-74.00770642504119,14,10.6834
60,40.776359418546,-74.010074289269,15,10.9211
61,40.7345695617,-74.026329705863,0,0.0
61,40.73405087933904,-74.02436956242751,1,0.1749
61,40.73165620866999,-74.0228373464377,2,0.4709
61,40.72786001982527,-74.02197547486833,3,0.8992
61,40.72029321270384,-74.0230514534006,4,1.7454
61,40.703766696297436,-74.02422698477449,5,3.5858
61,40.698117660889125,-74.02032587963573,6,4.2948
61,40.69621135721624,-74.01219907212057,7,5.012
61,40.69831554724536,-74.00477656990549,8,5.68
61,40.70099981207301,-74.00428345044287,9,5.9814
61,40.702800820044,-74.005721223577,10,6.2155
62,40.702800820044,-74.005721223577,0,0.0
62,40.70022630441164,-74.00484108558459,1,0.2957
62,40.69657083296997,-74.00802675338386,2,0.7829
62,40.69689722250692,-74.01603397245502,3,1.4589
62,40.70127068797947,-74.02447168716867,4,2.3206
62,40.71072687604271,-74.02622413818214,5,3.3824
62,40.72638138511272,-74.02226265747886,6,5.1548
62,40.7301952275306,-74.02198476936118,7,5.5796
62,40.73280046827571,-74.02292240851837,8,5.8798
62,40.73436948450282,-74.0247195502393,9,6.1108
62,40.7345695617,-74.026329705863,10,6.2483
63,40.76062395229,-74.003851516287,0,0.0
63,40.76162679148729,-74.00698006505067,1,0.2861
63,40.76118596259022,-74.01026044140879,2,0.5667
63,40.75677751288339,-74.01248263184763,3,1.0914
63,40.74937206092687,-74.01524271852112,4,1.9471
63,40.73992494356921,-74.01806156536166,5,3.0241
63,40.73648287893127,-74.02067687937215,6,3.4657
63,40.73479906180094,-74.0233223441763,7,3.7568
63,40.7345695617,-74.026329705863,8,4.0115
64,40.7345695617,-74.026329705863,0,0.0
64,40.73458787457449,-74.02333062788766,1,0.2527
64,40.737288766715466,-74.01956439051517,2,0.6896
64,40.7412125089823,-74.01761401759258,3,1.1558
64,40.75003682363453,-74.01574326397343,4,2.1496
64,40.75623855708071,-74.01372117967144,5,2.8599
64,40.76088169651018,-74.0098876880725,6,3.4689
64,40.761645808924555,-74.00632321343107,7,3.7809
64,40.76062395229,-74.003851516287,8,4.0181
65,40.702800820044,-74.005721223577,0,0.0
65,40.70243014743298,-74.00550039874413,1,0.0452
65,40.69990532775063,-74.00736190194385,2,0.3669
65,40.699519145161474,-74.00812597679543,3,0.4443
65,40.6980548491743,-74.01510877197157,4,1.055
65,40.69808703184981,-74.01650957586715,5,1.1732
65,40.698666317346635,-74.01780425825523,6,1.2999
65,40.70795151208236,-74.02714005657725,7,2.5981
65,40.709052849757796,-74.02791965076803,8,2.7371
65,40.71020789165365,-74.02802595906684,9,2.8658
65,40.74777984475,-74.01537649226654,10,7.1775
65,40.74949745907924,-74.01546857849338,11,7.3686
65,40.75105108975487,-74.0163230910413,12,7.5558
65,40.751983250735435,-74.01827137965053,13,7.7499
65,40.75234103125,-74.020643022026,14,7.9536
66,40.75234103125,-74.020643022026,0,0.0
66,40.75196771337713,-74.01833631260504,1,0.1987
66,40.75148999017418,-74.01713240171134,2,0.3132
66,40.75060819126355,-74.0161432838159,3,0.4418
66,40.74954468911187,-74.01563279493655,4,0.5677
66,40.74811860271245,-74.01518611716746,5,0.7307
66,40.710989399628204,-74.02850555870991,6,5.0091
66,40.7101943529276,-74.02860773112245,7,5.0979
66,40.709407889855214,-74.02836564334358,8,5.1877
66,40.708546719005284,-74.02774918858225,9,5.2966
66,40.70782366777016,-74.027143101705,10,5.3919
66,40.69858671731478,-74.01770263828297,11,6.6912
66,40.698140408971426,-74.01640134897825,12,6.8116
66,40.698046448938555,-74.01506907659468,13,6.9244
66,40.69947932503251,-74.0081908331265,14,7.5258
66,40.69993736908572,-74.00740076461972,15,7.6096
66,40.70242803469975,-74.00550442647597,16,7.9294
67,40.713718479988,-74.032029165667,0,0.0
67,40.7149327391046,-74.0173750458923,1,1.2424
68,40.714932739104626,-74.0173750458923,0,0.0
68,40.713718479988,-74.032029165667,1,1.2424
69,40.75234103125,-74.020643022026,0,0.0
69,40.75229772954157,-74.01907368307769,1,0.1323
69,40.75407395934738,-74.01583238471395,2,0.4693
69,40.757764190874354,-74.01344702878178,3,0.9261
69,40.760820509198396,-74.00979658971883,4,1.3844
69,40.76147345666615,-74.00621086063155,5,1.695
69,40.76062395229,-74.003851516287,6,1.9151
70,40.76062395229,-74.003851516287,0,0.0
70,40.76158717033607,-74.0061570280237,1,0.2218
70,40.760594467774155,-74.01008767170936,2,0.5707
70,40.75765065540929,-74.01283138495178,3,0.9714
70,40.754411786736824,-74.01510719018954,4,1.3794
70,40.75219334909235,-74.01820215734733,5,1.7383
70,40.75234103125,-74.020643022026,6,1.9446
71,40.76062395229,-74.003851516287,0,0.0
71,40.760349218,-74.003083772,1,0.0715
71,40.75994970387384,-74.00337465799848,2,0.1222
71,40.75953118929834,-74.00368576613164,3,0.1757
71,40.75945201056899,-74.00372061024251,4,0.1849
71,40.75940110990743,-74.00369074386208,5,0.1911
71,40.75931816059787,-74.00351652330926,6,0.2085
71,40.759240866829884,-74.00330994751131,7,0.2279
71,40.759233325969916,-74.00320292631507,8,0.2369
71,40.75926914504814,-74.00312079376884,9,0.2449
71,40.760555558,-74.002177694,10,0.4085
71,40.760618703,-74.00212485,11,0.4168
71,40.761367801,-74.001597785,12,0.5112
71,40.761923,-74.001092,13,0.5862
71,40.761920612176226,-74.00109245594035,14,0.5865
71,40.76195308841858,-74.0010448148875,15,0.5919
71,40.76198315899907,-74.00100829008008,16,0.5964
71,40.76207457348056,-74.00090665583424,17,0.6097
71,40.76213110605781,-74.00083043014968,18,0.6187
71,40.762159973738164,-74.00079390534226,19,0.6232
71,40.76248652315124,-74.00035802348076,20,0.6748
71,40.762543055377535,-74.00028179779619,21,0.6838
71,40.76257553131583,-74.00024050888351,22,0.6888
71,40.762616,-74.000207,23,0.6941
71,40.762794,-73.999968,24,0.7223
71,40.762796,-73.999965,25,0.7227
71,40.76291,-73.99981,26,0.7409
71,40.762968,-73.999732,27,0.7501
71,40.76299,-73.999704,28,0.7535
71,40.763072,-73.999599,29,0.7662
71,40.763064,-73.999581,30,0.7679
71,40.763047,-73.999545,31,0.7715
71,40.763023,-73.999488,32,0.777
71,40.762355,-73.997906,33,0.9295
71,40.762203,-73.997548,34,0.9641
71,40.76218,-73.997497,35,0.9691
71,40.762114,-73.997344,36,0.9839
71,40.762065,-73.997226,37,0.9953
71,40.761872,-73.996769,38,1.0393
71,40.761306,-73.995429,39,1.1685
71,40.760984,-73.994666,40,1.2421
71,40.760925,-73.994526,41,1.2556
71,40.760876,-73.994404,42,1.2672
71,40.759787,-73.991824,43,1.516
71,40.759728,-73.991684,44,1.5295
71,40.759673,-73.991552,45,1.5422
71,40.759366,-73.990822,46,1.6125
71,40.758799,-73.989475,47,1.7423
71,40.758594,-73.988989,48,1.7891
71,40.758532,-73.988843,49,1.8032
71,40.758481,-73.988722,50,1.8149
71,40.757836,-73.987189,51,1.9626
71,40.757408,-73.98617,52,2.0607
71,40.757405,-73.986164,53,2.0614
71,40.757386,-73.986116,54,2.0659
71,40.757374,-73.986088,55,2.0686
71,40.757342,-73.986012,56,2.076
71,40.757296,-73.985899,57,2.0868
71,40.757281,-73.985863,58,2.0902
71,40.757266,-73.985829,59,2.0935
71,40.757224,-73.985727,60,2.1033
71,40.757208,-73.98569,61,2.1069
71,40.757166,-73.985591,62,2.1165
71,40.756512,-73.984042,63,2.2658
71,40.756198,-73.983299,64,2.3375
71,40.756142,-73.983166,65,2.3503
71,40.756208,-73.983119,66,2.3586
71,40.756374,-73.982999,67,2.3797
71,40.75671,-73.982756,68,2.4223
71,40.756771,-73.982712,69,2.43
71,40.756828,-73.98267,70,2.4373
71,40.757322,-73.982304,71,2.5003
71,40.757331,-73.982297,72,2.5014
71,40.75739,-73.982254,73,2.5089
71,40.757454,-73.982207,74,2.5171
71,40.757463,-73.9822,75,2.5182
71,40.757963,-73.981836,76,2.5817
71,40.758016,-73.981797,77,2.5885
71,40.758079,-73.981752,78,2.5964
71,40.758217,-73.981651,79,2.614
71,40.758586,-73.981383,80,2.6608
71,40.758645,-73.981341,81,2.6683
71,40.758707,-73.981296,82,2.6761
71,40.759039,-73.981054,83,2.7183
71,40.759218,-73.980924,84,2.741
71,40.759274,-73.980883,85,2.7481
71,40.759522,-73.980702,86,2.7796
71,40.759844,-73.980466,87,2.8206
71,40.759911,-73.980418,88,2.8291
71,40.760053,-73.980315,89,2.8471
71,40.760098,-73.980282,90,2.8528
71,40.760469,-73.980013,91,2.8999
71,40.76046365550735,-73.98001936178456,92,2.9007
71,40.760525,-73.979972,93,2.9086
71,40.76059,-73.979925,94,2.9168
71,40.761089,-73.979562,95,2.9802
71,40.761119,-73.979539,96,2.984
71,40.761156,-73.979513,97,2.9887
71,40.76121,-73.979474,98,2.9955
71,40.761436,-73.979309,99,3.0243
71,40.761723,-73.979101,100,3.0607
71,40.761774,-73.979063,101,3.0672
71,40.761842,-73.979014,102,3.0758
71,40.762011,-73.978891,103,3.0973
71,40.762341,-73.978651,104,3.1391
71,40.762399,-73.978608,105,3.1465
71,40.762465,-73.97856,106,3.1549
71,40.762868,-73.978267,107,3.2061
71,40.762976,-73.978189,108,3.2198
71,40.763042,-73.978141,109,3.2281
71,40.763093,-73.978103,110,3.2347
71,40.763601,-73.977729,111,3.2993
71,40.763649,-73.977693,112,3.3055
71,40.763718,-73.977642,113,3.3143
71,40.763838,-73.977554,114,3.3295
71,40.76384,-73.97756000000001,115,3.3301
71,40.763960000000004,-73.97747000000001,116,3.3454
71,40.76433,-73.97720000000001,117,3.3924
71,40.76442,-73.97741,118,3.4127
71,40.76449,-73.97756000000001,119,3.4276
71,40.764540000000004,-73.97769000000001,120,3.4399
71,40.76462,-73.97788,121,3.4582
71,40.76467,-73.97799,122,3.469
71,40.76473,-73.97813000000001,123,3.4825
71,40.764770000000006,-73.97824,124,3.4928
71,40.7648,-73.97832000000001,125,3.5003
71,40.76483,-73.97839,126,3.5071
71,40.764904294794505,-73.97855709138113,127,3.5234
71,40.76553560035971,-73.98002603207316,128,3.6657
71,40.765190000000004,-73.98028000000001,129,3.7096
71,40.76485,-73.98053,130,3.7529
71,40.76465,-73.98067,131,3.7781
71,40.764230000000005,-73.98099,132,3.832
71,40.763920000000006,-73.98121,133,3.8711
71,40.763914,-73.981202,134,3.8721
71,40.763875,-73.98123,135,3.877
71,40.763706,-73.981353,136,3.8985
71,40.763658,-73.981388,137,3.9046
71,40.763595,-73.981433,138,3.9125
71,40.763534,-73.981478,139,3.9203
71,40.763034,-73.981846,140,3.984
71,40.762965,-73.981897,141,3.9928
71,40.762906,-73.98194,142,4.0002
71,40.762787,-73.982026,143,4.0153
71,40.76273,-73.982068,144,4.0226
71,40.762448,-73.982274,145,4.0584
71,40.762408,-73.982303,146,4.0635
71,40.762348,-73.982347,147,4.0711
71,40.762315,-73.982371,148,4.0753
71,40.76229,-73.98239,149,4.0785
71,40.76179,-73.982755,150,4.1421
71,40.761719,-73.982807,151,4.1511
71,40.761656,-73.982852,152,4.1591
71,40.761153,-73.983209,153,4.2226
71,40.761095,-73.98325,154,4.2299
71,40.761036,-73.983293,155,4.2374
71,40.760779,-73.983477,156,4.2699
71,40.760527,-73.983663,157,4.302
71,40.760463,-73.983706,158,4.31
71,40.760522,-73.983848,159,4.3236
71,40.760608,-73.98405,160,4.3431
71,40.760738,-73.984358,161,4.3728
71,40.760767,-73.98443,162,4.3797
71,40.760804,-73.984521,163,4.3884
71,40.760838,-73.984599,164,4.396
71,40.760989,-73.984954,165,4.4303
71,40.761057,-73.985117,166,4.4459
71,40.761185,-73.98542,167,4.4751
71,40.761608,-73.986426,168,4.5721
71,40.761668,-73.986566,169,4.5856
71,40.761711,-73.986669,170,4.5955
71,40.761726,-73.986705,171,4.599
71,40.761851,-73.987001,172,4.6275
71,40.761888,-73.987088,173,4.6359
71,40.762166,-73.987749,174,4.6996
71,40.76231,-73.988091,175,4.7325
71,40.762421,-73.988356,176,4.7581
71,40.762777,-73.989201,177,4.8395
71,40.762821,-73.989305,178,4.8495
71,40.762862,-73.989402,179,4.8589
71,40.763053,-73.989855,180,4.9025
71,40.76399,-73.992082,181,5.1171
71,40.764006,-73.992118,182,5.1206
71,40.764057,-73.992241,183,5.1324
71,40.764113,-73.992369,184,5.1449
71,40.764221,-73.992622,185,5.1693
71,40.765077,-73.994655,186,5.3652
71,40.765202,-73.994952,187,5.3938
71,40.76525,-73.995066,188,5.4048
71,40.765317,-73.995224,189,5.4201
71,40.765455,-73.995543,190,5.451
71,40.765933,-73.99669,191,5.5613
71,40.766046,-73.996963,192,5.5875
71,40.766066,-73.997012,193,5.5922
71,40.766116,-73.997126,194,5.6033
71,40.766122,-73.997139,195,5.6045
71,40.766206,-73.997345,196,5.6242
71,40.765962,-73.997521,197,5.6552
71,40.765584,-73.997799,198,5.7033
71,40.765579,-73.997802,199,5.7039
71,40.765495,-73.997862,200,5.7145
71,40.765428,-73.997912,201,5.7231
71,40.765066,-73.998179,202,5.7692
71,40.76489,-73.998307,203,5.7915
71,40.764415,-73.998652,204,5.8518
71,40.76433,-73.99871,205,5.8624
71,40.764242,-73.998773,206,5.8736
71,40.764211,-73.998795,207,5.8775
71,40.764201,-73.998803,208,5.8788
71,40.764134,-73.998851,209,5.8873
71,40.76405,-73.998912,210,5.8979
71,40.764011,-73.998941,211,5.9029
71,40.763847,-73.999063,212,5.9238
71,40.763784,-73.999108,213,5.9318
71,40.763719,-73.999159,214,5.9402
71,40.763711,-73.999166,215,5.9413
71,40.763653,-73.999214,216,5.9489
71,40.763593,-73.999271,217,5.9571
71,40.763537,-73.999326,218,5.9649
71,40.763462,-73.999406,219,5.9756
71,40.763403,-73.999472,220,5.9842
71,40.763345,-73.999537,221,5.9926
71,40.763288,-73.999609,222,6.0014
71,40.763232,-73.999679,223,6.01
71,40.76316,-73.999772,224,6.0212
71,40.763156,-73.999777,225,6.0218
71,40.763118,-73.999832,226,6.0281
71,40.763079,-73.999894,227,6.0349
71,40.763077,-73.999897,228,6.0352
71,40.763021,-73.999977,229,6.0444
71,40.76291,-74.000139,230,6.0628
71,40.76272,-74.000424,231,6.0947
71,40.762647,-74.00053,232,6.1068
71,40.762332,-74.000984,233,6.1587
71,40.762291,-74.001045,234,6.1655
71,40.76225,-74.001096,235,6.1718
71,40.76221,-74.001146,236,6.1779
71,40.762185,-74.001181,237,6.182
71,40.762076,-74.001323,238,6.199
71,40.761795385385795,-74.00159021802372,239,6.2375
71,40.76125729879681,-74.00199875046361,240,6.3065
71,40.76077316482696,-74.00232623938592,241,6.367
71,40.76065164175182,-74.00242892008337,242,6.383
71,40.76075735215821,-74.00266676545078,243,6.4062
71,40.76075249123849,-74.00276623737692,244,6.4146
71,40.76069416017194,-74.00283362158478,245,6.4233
71,40.760355066209,-74.00307875986097,246,6.4662
72,40.76062395229,-74.003851516287,0,0.0
72,40.760341941787665,-74.00309610523057,1,0.0709
72,40.75956560313901,-74.00366058817761,2,0.1695
72,40.759433566422445,-74.00366355315553,3,0.1842
72,40.75927552861011,-74.00338366312319,4,0.2136
72,40.759190128234025,-74.0031548027649,5,0.2351
72,40.75993485809157,-74.00267825879997,6,0.3271
72,40.761407193330115,-74.0015732709561,7,0.5154
72,40.76149,-74.00152,8,0.5256
72,40.761680000000005,-74.00135,9,0.5512
72,40.76187,-74.00116000000001,10,0.5777
72,40.761950000000006,-74.00109,11,0.5883
72,40.76192,-74.00103,12,0.5944
72,40.761880000000005,-74.00093000000001,13,0.6039
72,40.76187,-74.00091,14,0.6059
72,40.76185,-74.00087,15,0.61
72,40.76183,-74.00082,16,0.6147
72,40.76156,-74.00018,17,0.6764
72,40.761540000000004,-74.00012000000001,18,0.682
72,40.761520000000004,-74.00006,19,0.6875
72,40.76149,-73.99998000000001,20,0.695
72,40.76146000000001,-73.99991,21,0.7018
72,40.761430000000004,-73.99985000000001,22,0.7078
72,40.761410000000005,-73.99980000000001,23,0.7126
72,40.76137000000001,-73.9997,24,0.7221
72,40.761320000000005,-73.9996,25,0.7322
72,40.76129,-73.99953000000001,26,0.739
72,40.76126,-73.99947,27,0.745
72,40.76124,-73.99942,28,0.7498
72,40.76122,-73.99935,29,0.7561
72,40.76106,-73.99897,30,0.7927
72,40.76082,-73.99841,31,0.8469
72,40.760780000000004,-73.99828000000001,32,0.8587
72,40.760780000000004,-73.99819000000001,33,0.8663
72,40.76071,-73.99801000000001,34,0.8833
72,40.76068,-73.99794,35,0.8901
72,40.760650000000005,-73.99789000000001,36,0.8955
72,40.760630000000006,-73.99783000000001,37,0.901
72,40.7605,-73.9975,38,0.9323
72,40.76043000000001,-73.99732,39,0.9494
72,40.760360000000006,-73.99717000000001,40,0.9642
72,40.76023,-73.99685000000001,41,0.9948
72,40.760040000000004,-73.99640000000001,42,1.0382
72,40.75999,-73.99629,43,1.049
72,40.75996000000001,-73.99622000000001,44,1.0558
72,40.75994,-73.99617,45,1.0605
72,40.75968,-73.99558,46,1.118
72,40.759620000000005,-73.99549,47,1.1281
72,40.759530000000005,-73.99532,48,1.1456
72,40.759460000000004,-73.99516000000001,49,1.1612
72,40.758990000000004,-73.99403000000001,50,1.2697
72,40.75894,-73.99396,51,1.2778
72,40.75874,-73.99348,52,1.324
72,40.758610000000004,-73.99316,53,1.3546
72,40.758410000000005,-73.99267,54,1.4015
72,40.758390000000006,-73.99252,55,1.4143
72,40.75831,-73.99233000000001,56,1.4326
72,40.758100000000006,-73.99182,57,1.4815
72,40.757920000000006,-73.99139000000001,58,1.5229
72,40.75790000000001,-73.99137,59,1.5257
72,40.75789,-73.99132,60,1.53
72,40.75762,-73.9907,61,1.5902
72,40.757580000000004,-73.99061,62,1.599
72,40.75724,-73.98978000000001,63,1.6785
72,40.757690000000004,-73.98945,64,1.7358
72,40.757760000000005,-73.9894,65,1.7446
72,40.757810000000006,-73.98936,66,1.7511
72,40.757920000000006,-73.98928000000001,67,1.7651
72,40.758010000000006,-73.98921,68,1.7767
72,40.75813,-73.98912,69,1.792
72,40.75844,-73.98889000000001,70,1.8316
72,40.75853,-73.98882,71,1.8432
72,40.758860000000006,-73.98859,72,1.8847
72,40.75894,-73.98853000000001,73,1.8949
72,40.759080000000004,-73.98843000000001,74,1.9126
72,40.759150000000005,-73.98838,75,1.9215
72,40.759240000000005,-73.98831000000001,76,1.9331
72,40.75947,-73.98815,77,1.962
72,40.75948,-73.98814,78,1.9634
72,40.7595,-73.98813000000001,79,1.9658
72,40.759510000000006,-73.98811,80,1.9678
72,40.75963,-73.98803000000001,81,1.9827
72,40.75965,-73.98802,82,1.9851
72,40.75968,-73.98799000000001,83,1.9893
72,40.759690000000006,-73.98799000000001,84,1.9904
72,40.75972,-73.98797,85,1.9941
72,40.75979,-73.98793,86,2.0026
72,40.75988,-73.98786000000001,87,2.0142
72,40.75999,-73.98777000000001,88,2.0286
72,40.76001,-73.98775,89,2.0314
72,40.76042,-73.98745000000001,90,2.0835
72,40.76057,-73.98734,91,2.1026
72,40.76066,-73.98727000000001,92,2.1142
72,40.760810000000006,-73.98716,93,2.1333
72,40.761030000000005,-73.98700000000001,94,2.1612
72,40.76118,-73.9869,95,2.1799
72,40.76122,-73.98687000000001,96,2.185
72,40.76138,-73.98675,97,2.2055
72,40.76147,-73.98669000000001,98,2.2167
72,40.76151,-73.98666,99,2.2218
72,40.76156,-73.98662,100,2.2283
72,40.761660000000006,-73.98655000000001,101,2.2409
72,40.76176,-73.98648,102,2.2535
72,40.761770000000006,-73.98647000000001,103,2.2549
72,40.76196,-73.98633000000001,104,2.2791
72,40.762040000000006,-73.98627,105,2.2893
72,40.76211,-73.98622,106,2.2982
72,40.76216,-73.98618,107,2.3047
72,40.76218,-73.98616000000001,108,2.3075
72,40.762280000000004,-73.98609,109,2.32
72,40.762350000000005,-73.98604,110,2.3289
72,40.76239,-73.98601000000001,111,2.334
72,40.762460000000004,-73.98596,112,2.3429
72,40.762480000000004,-73.98595,113,2.3452
72,40.7627,-73.98580000000001,114,2.3728
72,40.762820000000005,-73.98571000000001,115,2.3881
72,40.76292,-73.98564,116,2.4007
72,40.76303,-73.98556,117,2.4147
72,40.763090000000005,-73.98552000000001,118,2.4221
72,40.76314,-73.98548000000001,119,2.4286
72,40.7633,-73.98537,120,2.4487
72,40.76342,-73.98528,121,2.464
72,40.76355,-73.98519,122,2.4804
72,40.763780000000004,-73.98502,123,2.5097
72,40.76388,-73.98495000000001,124,2.5223
72,40.764,-73.98486000000001,125,2.5376
72,40.76417,-73.98474,126,2.559
72,40.7648,-73.98429,127,2.6387
72,40.76493000000001,-73.98419000000001,128,2.6554
72,40.7652,-73.98399,129,2.6898
72,40.76543,-73.98383000000001,130,2.7188
72,40.76554,-73.98374000000001,131,2.7331
72,40.765950000000004,-73.98345,132,2.7849
72,40.76605,-73.98337000000001,133,2.7979
72,40.766160000000006,-73.98328000000001,134,2.8123
72,40.76623,-73.98323,135,2.8211
72,40.76626,-73.98321,136,2.8248
72,40.76633,-73.98316000000001,137,2.8337
72,40.76655,-73.98299,138,2.862
72,40.766630000000006,-73.98294,139,2.8719
72,40.76673,-73.98287,140,2.8845
72,40.76710127043974,-73.98259998556351,141,2.9316
72,40.76746851946516,-73.98225956760696,142,2.9815
72,40.767677933378785,-73.98203726823104,143,3.0114
72,40.767689113984524,-73.98176728103739,144,3.0341
72,40.76771049574332,-73.98155343049169,145,3.0523
72,40.76774386828154,-73.9813741678158,146,3.0679
72,40.767707259045416,-73.98122825788079,147,3.0808
72,40.76742287657942,-73.98044121275106,148,3.1542
72,40.76681227418231,-73.97914804954122,149,3.2826
72,40.76601,-73.97968,150,3.3824
72,40.76574,-73.97988000000001,151,3.4168
72,40.765530000000005,-73.98003,152,3.4434
72,40.76485,-73.98053,153,3.5299
72,40.76465,-73.98067,154,3.5551
72,40.764230000000005,-73.98099,155,3.609
72,40.763920000000006,-73.98122000000001,156,3.6485
72,40.763600000000004,-73.98145000000001,157,3.6891
72,40.762980000000006,-73.98191,158,3.7681
72,40.762820000000005,-73.98202,159,3.7882
72,40.76254,-73.98223,160,3.824
72,40.762440000000005,-73.98230000000001,161,3.8366
72,40.76236,-73.98236,162,3.8468
72,40.762260000000005,-73.98243000000001,163,3.8594
72,40.762080000000005,-73.98257000000001,164,3.8826
72,40.76189,-73.98270000000001,165,3.9064
72,40.76189,-73.98271000000001,166,3.9073
72,40.76185,-73.98274,167,3.9124
72,40.76174,-73.98284000000001,168,3.9272
72,40.761660000000006,-73.98291,169,3.9379
72,40.76164,-73.98292000000001,170,3.9403
72,40.761630000000004,-73.98292000000001,171,3.9414
72,40.7614,-73.98308,172,3.9703
72,40.761300000000006,-73.98315000000001,173,3.9829
72,40.761280000000006,-73.98317,174,3.9857
72,40.761210000000005,-73.98321,175,3.9942
72,40.76111,-73.98329000000001,176,4.0072
72,40.76104,-73.98334000000001,177,4.016
72,40.7608,-73.98352000000001,178,4.0467
72,40.76059,-73.98367,179,4.0733
72,40.7605,-73.98374000000001,180,4.0849
72,40.76057,-73.98392000000001,181,4.1019
72,40.7607,-73.98423000000001,182,4.1318
72,40.760690000000004,-73.98423000000001,183,4.1329
72,40.76075,-73.98436000000001,184,4.1457
72,40.760810000000006,-73.98452,185,4.1607
72,40.76086,-73.98464000000001,186,4.1723
72,40.76086,-73.98465,187,4.1731
72,40.76088,-73.9847,188,4.1779
72,40.761160000000004,-73.98535000000001,189,4.2408
72,40.761340000000004,-73.98577,190,4.2815
72,40.76136,-73.98584000000001,191,4.2878
72,40.76138,-73.98587,192,4.2912
72,40.76158,-73.98636,193,4.338
72,40.761660000000006,-73.98655000000001,194,4.3563
72,40.76169,-73.98662,195,4.3631
72,40.761720000000004,-73.9867,196,4.3706
72,40.761750000000006,-73.98676,197,4.3767
72,40.761770000000006,-73.9868,198,4.3807
72,40.761790000000005,-73.98684,199,4.3848
72,40.76183,-73.98694,200,4.3943
72,40.76189,-73.98709000000001,201,4.4086
72,40.76196,-73.98724,202,4.4234
72,40.76203,-73.98742,203,4.4405
72,40.762040000000006,-73.98745000000001,204,4.4432
72,40.762100000000004,-73.9876,205,4.4575
72,40.762130000000006,-73.98766,206,4.4636
72,40.76225,-73.98793,207,4.4899
72,40.762330000000006,-73.98814,208,4.5097
72,40.762420000000006,-73.98835000000001,209,4.53
72,40.76247,-73.98847,210,4.5416
72,40.762600000000006,-73.98876,211,4.57
72,40.76265,-73.98889000000001,212,4.5822
72,40.76268,-73.98897000000001,213,4.5898
72,40.762750000000004,-73.98913,214,4.6053
72,40.762820000000005,-73.98929000000001,215,4.6209
72,40.76288,-73.98942000000001,216,4.6337
72,40.76292,-73.9895,217,4.6418
72,40.76294,-73.98957,218,4.6481
72,40.763000000000005,-73.98972,219,4.6624
72,40.76306,-73.98985,220,4.6752
72,40.763130000000004,-73.99002,221,4.6915
72,40.763250000000006,-73.99031000000001,222,4.7193
72,40.76333,-73.99049000000001,223,4.7369
72,40.763450000000006,-73.99078,224,4.7647
72,40.763560000000005,-73.99105,225,4.7905
72,40.76368,-73.99133,226,4.8176
72,40.76381000000001,-73.99162000000001,227,4.846
72,40.76399000000001,-73.99206000000001,228,4.8881
72,40.76399000000001,-73.99208,229,4.8898
72,40.764,-73.99208,230,4.8909
72,40.764,-73.99209,231,4.8918
72,40.764070000000004,-73.99224000000001,232,4.9066
72,40.764140000000005,-73.9924,233,4.9222
72,40.76415,-73.99243000000001,234,4.9249
72,40.76422,-73.99260000000001,235,4.9412
72,40.764300000000006,-73.99278000000001,236,4.9588
72,40.76431,-73.99281,237,4.9616
72,40.7644,-73.99303,238,4.9826
72,40.76442,-73.99307,239,4.9867
72,40.76516,-73.99483000000001,240,5.1562
72,40.765170000000005,-73.99485,241,5.1582
72,40.765190000000004,-73.9949,242,5.163
72,40.7652,-73.99492000000001,243,5.165
72,40.76521,-73.99494,244,5.167
72,40.76527,-73.99508,245,5.1806
72,40.76534,-73.99527,246,5.1984
72,40.765440000000005,-73.99549,247,5.22
72,40.7655,-73.99563,248,5.2335
72,40.76554,-73.99573000000001,249,5.243
72,40.76568,-73.99607,250,5.2756
72,40.76603,-73.99690000000001,251,5.3556
72,40.766040000000004,-73.99691,252,5.357
72,40.76605,-73.99693,253,5.3591
72,40.76606,-73.99696,254,5.3618
72,40.766130000000004,-73.99713000000001,255,5.3781
72,40.766220000000004,-73.99733,256,5.3977
72,40.766070000000006,-73.99744000000001,257,5.4168
72,40.765980000000006,-73.9975,258,5.428
72,40.76559,-73.99779000000001,259,5.4778
72,40.7655,-73.99786,260,5.4894
72,40.765440000000005,-73.9979,261,5.4969
72,40.76541,-73.99792000000001,262,5.5006
72,40.765370000000004,-73.99795,263,5.5057
72,40.76514,-73.99812,264,5.535
72,40.764480000000006,-73.99860000000001,265,5.6188
72,40.764450000000004,-73.99862,266,5.6225
72,40.76433,-73.99871,267,5.6379
72,40.764250000000004,-73.99877000000001,268,5.6481
72,40.764190000000006,-73.99881,269,5.6556
72,40.764010000000006,-73.99895000000001,270,5.6788
72,40.76367592017644,-73.99919925175342,271,5.7215
72,40.76347202912538,-73.99938814923033,272,5.7492
72,40.762786565397114,-74.00028860906315,273,5.8567
72,40.76213480949982,-74.00125105205075,274,5.9654
72,40.76187289464246,-74.00156219970593,275,6.0046
72,40.76141954730156,-74.00193322962838,276,6.0639
72,40.76098538257023,-74.0022444205645,277,6.1189
72,40.760253256595774,-74.00273933129246,278,6.2103
72,40.760434328121235,-74.00313720636126,279,6.2494
72,40.76072430811242,-74.00377141835415,280,6.3118
72,40.76062395229,-74.003851516287,281,6.3248
73,40.76062395229,-74.003851516287,0,0.0
73,40.7604915311111,-74.00393548544426,1,0.0163
73,40.76018474355775,-74.00318838750115,2,0.0879
73,40.75994431556345,-74.00268954097135,3,0.1377
73,40.75964275164857,-74.00289211921505,4,0.1753
73,40.75907131181237,-74.00327899797308,5,0.2467
73,40.75837902529507,-74.00379095322904,6,0.335
73,40.75697073228011,-74.00477414785448,7,0.5121
73,40.75645,-74.00356000000001,8,0.6296
73,40.756350000000005,-74.00333,9,0.652
73,40.75625,-74.00309,10,0.675
73,40.75614,-74.00282,11,0.7009
73,40.75614,-74.00281000000001,12,0.7017
73,40.75602000000001,-74.00254000000001,13,0.7281
73,40.75591,-74.00228,14,0.7532
73,40.755790000000005,-74.00200000000001,15,0.7803
73,40.75574,-74.00189,16,0.7911
73,40.75549,-74.00131,17,0.8473
73,40.75547,-74.00125000000001,18,0.8528
73,40.75546000000001,-74.00123,19,0.8548
73,40.75538,-74.00105,20,0.8724
73,40.7552,-74.0006,21,0.9153
73,40.75517000000001,-74.00052000000001,22,0.9228
73,40.75511,-74.00038,23,0.9363
73,40.755,-74.0001,24,0.9629
73,40.75493,-73.99993,25,0.9792
73,40.75479,-73.99959000000001,26,1.0118
73,40.754760000000005,-73.99951,27,1.0193
73,40.754690000000004,-73.99935,28,1.0349
73,40.7546,-73.99914000000001,29,1.0552
73,40.75451,-73.99893,30,1.0755
73,40.754490000000004,-73.99889,31,1.0796
73,40.75446,-73.99883000000001,32,1.0856
73,40.754360000000005,-73.99858,33,1.1094
73,40.75435,-73.99856000000001,34,1.1114
73,40.75428,-73.9984,35,1.127
73,40.754250000000006,-73.99832,36,1.1345
73,40.754220000000004,-73.99824000000001,37,1.1421
73,40.754160000000006,-73.99810000000001,38,1.1556
73,40.75406,-73.99787,39,1.1779
73,40.753960000000006,-73.99763,40,1.201
73,40.753930000000004,-73.99757000000001,41,1.2071
73,40.753730000000004,-73.9971,42,1.2525
73,40.75365,-73.99691,43,1.2708
73,40.75359,-73.99678,44,1.2836
73,40.75347,-73.99647,45,1.3129
73,40.75341,-73.99632000000001,46,1.3272
73,40.75334,-73.99616,47,1.3428
73,40.75334,-73.99615,48,1.3436
73,40.753330000000005,-73.99613000000001,49,1.3456
73,40.75316,-73.99573000000001,50,1.3843
73,40.753060000000005,-73.99551000000001,51,1.4059
73,40.752900000000004,-73.99516000000001,52,1.4403
73,40.75285,-73.99503,53,1.4526
73,40.75267,-73.99462000000001,54,1.4925
73,40.7526,-73.99444000000001,55,1.5096
73,40.75251,-73.99422000000001,56,1.5306
73,40.752370000000006,-73.99389000000001,57,1.5625
73,40.752190000000006,-73.99343,58,1.6061
73,40.752120000000005,-73.99328000000001,59,1.6209
73,40.75198,-73.99292000000001,60,1.655
73,40.75197,-73.9929,61,1.657
73,40.75197,-73.99289,62,1.6579
73,40.751940000000005,-73.99284,63,1.6632
73,40.75193,-73.99281,64,1.666
73,40.751560000000005,-73.99196,65,1.7486
73,40.75126,-73.99121000000001,66,1.82
73,40.751250000000006,-73.99118,67,1.8228
73,40.75113,-73.99087,68,1.8521
73,40.7511,-73.99079,69,1.8596
73,40.751020000000004,-73.99061,70,1.8772
73,40.75094,-73.99045000000001,71,1.8934
73,40.75063,-73.98972,72,1.9639
73,40.75061,-73.98967,73,1.9686
73,40.750510000000006,-73.98943000000001,74,1.9917
73,40.750440000000005,-73.98925000000001,75,2.0087
73,40.75027,-73.98886,76,2.0466
73,40.750080000000004,-73.98841,77,2.09
73,40.749970000000005,-73.98816000000001,78,2.1144
73,40.74989,-73.98796,79,2.1334
73,40.7498,-73.98775,80,2.1538
73,40.749700000000004,-73.98751,81,2.1768
73,40.749570000000006,-73.98722000000001,82,2.2052
73,40.749550000000006,-73.98716,83,2.2107
73,40.749210000000005,-73.98636,84,2.288
73,40.749140000000004,-73.98619000000001,85,2.3043
73,40.74893,-73.98570000000001,86,2.3517
73,40.748870000000004,-73.98557000000001,87,2.3646
73,40.748610000000006,-73.98495000000001,88,2.4243
73,40.748450000000005,-73.98456,89,2.4616
73,40.74815,-73.98478,90,2.4998
73,40.74779,-73.98504000000001,91,2.5454
73,40.7477,-73.98511,92,2.557
73,40.74728,-73.98542,93,2.6105
73,40.747240000000005,-73.98544000000001,94,2.6153
73,40.747240000000005,-73.98545,95,2.6161
73,40.74716,-73.98551,96,2.6264
73,40.74709,-73.98556,97,2.6352
73,40.747080000000004,-73.98557000000001,98,2.6366
73,40.746950000000005,-73.98567000000001,99,2.6533
73,40.74689,-73.98570000000001,100,2.6605
73,40.74681,-73.98576,101,2.6707
73,40.746640000000006,-73.98589000000001,102,2.6926
73,40.74654,-73.98597000000001,103,2.7056
73,40.746390000000005,-73.98609,104,2.7251
73,40.746100000000006,-73.9863,105,2.7618
73,40.74604,-73.98634000000001,106,2.7693
73,40.745940000000004,-73.98642000000001,107,2.7823
73,40.745870000000004,-73.98646000000001,108,2.7908
73,40.74584,-73.98648,109,2.7945
73,40.74541000000001,-73.98679,110,2.849
73,40.74531,-73.98686000000001,111,2.8616
73,40.74524,-73.98691000000001,112,2.8705
73,40.74522,-73.98692000000001,113,2.8728
73,40.74513,-73.98698,114,2.8841
73,40.745090000000005,-73.98702,115,2.8896
73,40.74494000000001,-73.98712,116,2.9083
73,40.744800000000005,-73.98722000000001,117,2.926
73,40.7447,-73.9873,118,2.939
73,40.744620000000005,-73.98736000000001,119,2.9493
73,40.74441,-73.98751,120,2.9758
73,40.74434,-73.98756,121,2.9847
73,40.74407,-73.98775,122,3.0187
73,40.74400000000001,-73.98781000000001,123,3.028
73,40.74392,-73.98786000000001,124,3.0378
73,40.74382000000001,-73.98794000000001,125,3.0508
73,40.7436,-73.9881,126,3.0787
73,40.74356,-73.98813000000001,127,3.0839
73,40.743460000000006,-73.9882,128,3.0964
73,40.74338,-73.98826000000001,129,3.1067
73,40.743370000000006,-73.98827,130,3.1081
73,40.74336,-73.98828,131,3.1095
73,40.74316,-73.98843000000001,132,3.135
73,40.74295,-73.98859,133,3.162
73,40.74293,-73.9886,134,3.1644
73,40.742920000000005,-73.98861000000001,135,3.1658
73,40.742830000000005,-73.98867,136,3.177
73,40.742740000000005,-73.98873,137,3.1882
73,40.74271,-73.98876,138,3.1924
73,40.74262,-73.98882,139,3.2036
73,40.74257,-73.98886,140,3.2101
73,40.74248,-73.98892000000001,141,3.2213
73,40.74241000000001,-73.98897000000001,142,3.2302
73,40.74226,-73.98908,143,3.2493
73,40.74221,-73.98911000000001,144,3.2554
73,40.742160000000005,-73.98913,145,3.2612
73,40.741960000000006,-73.98928000000001,146,3.2867
73,40.741910000000004,-73.98932,147,3.2932
73,40.74185000000001,-73.98936,148,3.3007
73,40.7417,-73.98947000000001,149,3.3198
73,40.74168,-73.98948,150,3.3222
73,40.741640000000004,-73.98952000000001,151,3.3278
73,40.74156000000001,-73.98959,152,3.3384
73,40.741440000000004,-73.98968,153,3.3538
73,40.74143,-73.98969000000001,154,3.3552
73,40.741420000000005,-73.9897,155,3.3566
73,40.74128,-73.9898,156,3.3743
73,40.74107,-73.98995000000001,157,3.4008
73,40.74089,-73.99008,158,3.4236
73,40.740790000000004,-73.99016,159,3.4366
73,40.740550000000006,-73.99033,160,3.4669
73,40.740500000000004,-73.99036000000001,161,3.473
73,40.740390000000005,-73.99044,162,3.487
73,40.740260000000006,-73.99054000000001,163,3.5037
73,40.740170000000006,-73.9906,164,3.5149
73,40.74011,-73.99065,165,3.5228
73,40.73993,-73.99078,166,3.5457
73,40.73986,-73.99083,167,3.5545
73,40.73968,-73.99096,168,3.5773
73,40.739560000000004,-73.99105,169,3.5927
73,40.73941000000001,-73.99116000000001,170,3.6117
73,40.739200000000004,-73.99131000000001,171,3.6383
73,40.739090000000004,-73.99139000000001,172,3.6523
73,40.73904,-73.99142,173,3.6584
73,40.739000000000004,-73.99145,174,3.6635
73,40.73872,-73.99166000000001,175,3.6993
73,40.73868,-73.99169,176,3.7044
73,40.738510000000005,-73.99181,177,3.7259
73,40.73841,-73.99188000000001,178,3.7384
73,40.738040000000005,-73.99215000000001,179,3.7854
73,40.737930000000006,-73.99223,180,3.7994
73,40.73783,-73.9923,181,3.812
73,40.737750000000005,-73.99235,182,3.8218
73,40.73767,-73.9924,183,3.8317
73,40.737660000000005,-73.99241,184,3.8331
73,40.73749,-73.99253,185,3.8545
73,40.73733,-73.99265000000001,186,3.875
73,40.737280000000005,-73.99269000000001,187,3.8815
73,40.73724,-73.99272,188,3.8866
73,40.73702,-73.99287000000001,189,3.9141
73,40.736790000000006,-73.99304000000001,190,3.9434
73,40.73675,-73.99306,191,3.9482
73,40.73669,-73.99311,192,3.9561
73,40.736610000000006,-73.99317,193,3.9663
73,40.73621,-73.99348,194,4.0179
73,40.73619,-73.99350000000001,195,4.0207
73,40.73613,-73.99354000000001,196,4.0282
73,40.73602,-73.99362,197,4.0421
73,40.735870000000006,-73.99373,198,4.0612
73,40.735670000000006,-73.99388,199,4.0868
73,40.73547000000001,-73.99403000000001,200,4.1124
73,40.73545,-73.99404000000001,201,4.1148
73,40.735330000000005,-73.99413000000001,202,4.1301
73,40.7353,-73.99415,203,4.1338
73,40.73521,-73.99421000000001,204,4.1451
73,40.73494,-73.99442,205,4.1799
73,40.73492,-73.99443000000001,206,4.1823
73,40.734680000000004,-73.99459,207,4.2122
73,40.73454,-73.99470000000001,208,4.2303
73,40.73443,-73.99478,209,4.2443
73,40.73404,-73.99506000000001,210,4.2936
73,40.734010000000005,-73.99508,211,4.2974
73,40.73349,-73.99547000000001,212,4.3639
73,40.733450000000005,-73.9955,213,4.369
73,40.733200000000004,-73.99568000000001,214,4.4007
73,40.732910000000004,-73.99588,215,4.437
73,40.732850000000006,-73.99593,216,4.4449
73,40.73261,-73.99610000000001,217,4.4752
73,40.7325,-73.99618000000001,218,4.4892
73,40.732350000000004,-73.99629,219,4.5083
73,40.732240000000004,-73.99637000000001,220,4.5222
73,40.73219,-73.99621,221,4.5368
73,40.732130000000005,-73.99606,222,4.5511
73,40.73207,-73.9959,223,4.5662
73,40.73199,-73.99572,224,4.5837
73,40.73198,-73.9957,225,4.5858
73,40.73198,-73.99569000000001,226,4.5866
73,40.731950000000005,-73.99562,227,4.5934
73,40.73187,-73.99544,228,4.6109
73,40.731790000000004,-73.99522,229,4.6315
73,40.73167,-73.99494,230,4.6586
73,40.73161,-73.99480000000001,231,4.6722
73,40.731440000000006,-73.99441,232,4.7101
73,40.73129,-73.99404000000001,233,4.7454
73,40.73095,-73.99324,234,4.8227
73,40.73073,-73.9927,235,4.8744
73,40.730610000000006,-73.9924,236,4.903
73,40.73058,-73.99233000000001,237,4.9097
73,40.730520000000006,-73.99221,238,4.9219
73,40.730050000000006,-73.99111,239,5.0283
73,40.72988,-73.99075,240,5.064
73,40.729800000000004,-73.99053,241,5.0846
73,40.729670000000006,-73.99018000000001,242,5.1174
73,40.72959,-73.98997,243,5.1372
73,40.72954,-73.98987000000001,244,5.1473
73,40.72966,-73.98979,245,5.1623
73,40.72977,-73.9897,246,5.1767
73,40.72986,-73.98964000000001,247,5.1879
73,40.72993,-73.98959,248,5.1967
73,40.730000000000004,-73.98954,249,5.2056
73,40.730090000000004,-73.98947000000001,250,5.2172
73,40.73013,-73.98944,251,5.2223
73,40.73057,-73.98910000000001,252,5.279
73,40.730700000000006,-73.989,253,5.2957
73,40.730790000000006,-73.98901000000001,254,5.3058
73,40.73133,-73.98862000000001,255,5.3742
73,40.731370000000005,-73.98859,256,5.3793
73,40.731440000000006,-73.98854,257,5.3882
73,40.731910000000006,-73.9882,258,5.4478
73,40.731970000000004,-73.98815,259,5.4557
73,40.73203,-73.98811,260,5.4632
73,40.732060000000004,-73.98809,261,5.4669
73,40.73214,-73.98803000000001,262,5.4771
73,40.7323,-73.98792,263,5.4972
73,40.73252,-73.98776000000001,264,5.5251
73,40.73261,-73.98769,265,5.5367
73,40.7327,-73.98763000000001,266,5.5479
73,40.7327,-73.98762,267,5.5488
73,40.73315,-73.9873,268,5.6056
73,40.733200000000004,-73.98726,269,5.6121
73,40.733290000000004,-73.9872,270,5.6233
73,40.733430000000006,-73.98710000000001,271,5.641
73,40.73366,-73.98693,272,5.6703
73,40.733670000000004,-73.98693,273,5.6715
73,40.733740000000004,-73.98688,274,5.6803
73,40.733810000000005,-73.98683000000001,275,5.6892
73,40.733900000000006,-73.98676,276,5.7008
73,40.733990000000006,-73.98671,277,5.7116
73,40.73409,-73.98663,278,5.7246
73,40.734100000000005,-73.98662,279,5.726
73,40.73454,-73.9863,280,5.7819
73,40.73463,-73.98623,281,5.7935
73,40.734700000000004,-73.98618,282,5.8024
73,40.73500000000001,-73.98596,283,5.8405
73,40.735220000000005,-73.98581,284,5.8681
73,40.735800000000005,-73.98538,285,5.942
73,40.736380000000004,-73.98495000000001,286,6.016
73,40.73648,-73.98488,287,6.0286
73,40.736880000000006,-73.98458000000001,288,6.0798
73,40.73697000000001,-73.98452,289,6.091
73,40.737080000000006,-73.98444,290,6.1049
73,40.737460000000006,-73.98416,291,6.1533
73,40.73756,-73.98409000000001,292,6.1659
73,40.738170000000004,-73.98364000000001,293,6.2436
73,40.73884,-73.98315000000001,294,6.3288
73,40.73912000000001,-73.98294,295,6.3646
73,40.739430000000006,-73.98271000000001,296,6.4041
73,40.73950000000001,-73.98266000000001,297,6.413
73,40.740010000000005,-73.98228,298,6.4781
73,40.740120000000005,-73.98221000000001,299,6.4917
73,40.74022,-73.98213000000001,300,6.5047
73,40.74049,-73.98193,301,6.5391
73,40.74051,-73.98192,302,6.5415
73,40.740640000000006,-73.98183,303,6.5578
73,40.74074,-73.98176000000001,304,6.5704
73,40.740840000000006,-73.98169,305,6.583
73,40.741260000000004,-73.98137000000001,306,6.6369
73,40.74136,-73.98131000000001,307,6.6491
73,40.74145,-73.98124,308,6.6608
73,40.741870000000006,-73.98094,309,6.7139
73,40.741980000000005,-73.98086,310,6.7278
73,40.74208,-73.9808,311,6.74
73,40.74208,-73.98079000000001,312,6.7409
73,40.74248,-73.9805,313,6.7916
73,40.742490000000004,-73.98049,314,6.793
73,40.7426,-73.98041,315,6.807
73,40.742670000000004,-73.98036,316,6.8158
73,40.74269,-73.98034000000001,317,6.8186
73,40.743100000000005,-73.98005,318,6.8704
73,40.743210000000005,-73.97996,319,6.8847
73,40.74331,-73.97989000000001,320,6.8973
73,40.743730000000006,-73.97958000000001,321,6.9508
73,40.74383,-73.97951,322,6.9634
73,40.74445,-73.97906,323,7.0421
73,40.74454,-73.97899000000001,324,7.0537
73,40.74492,-73.97872000000001,325,7.1017
73,40.74497,-73.97869,326,7.1078
73,40.74506,-73.97862,327,7.1194
73,40.745160000000006,-73.97854000000001,328,7.1324
73,40.745490000000004,-73.9783,329,7.1743
73,40.74557,-73.97824,330,7.1846
73,40.74559,-73.97822000000001,331,7.1873
73,40.745610000000006,-73.97821,332,7.1897
73,40.74573,-73.97813000000001,333,7.2047
73,40.7458,-73.97829,334,7.2202
73,40.745810000000006,-73.97833,335,7.2238
73,40.74582,-73.97835,336,7.2258
73,40.745830000000005,-73.97836000000001,337,7.2272
73,40.74589,-73.97851,338,7.2415
73,40.74595,-73.97865,339,7.255
73,40.74627,-73.97941,340,7.3283
73,40.74633,-73.97957000000001,341,7.3433
73,40.7464,-73.97973,342,7.3589
73,40.74653,-73.98003,343,7.388
73,40.746550000000006,-73.98009,344,7.3935
73,40.746570000000006,-73.98014,345,7.3983
73,40.746610000000004,-73.98023,346,7.4071
73,40.74667,-73.98038000000001,347,7.4214
73,40.74673000000001,-73.98052000000001,348,7.4349
73,40.74678,-73.98065000000001,349,7.4472
73,40.746840000000006,-73.98078000000001,350,7.46
73,40.746930000000006,-73.98100000000001,351,7.4811
73,40.74694,-73.98102,352,7.4831
73,40.74698,-73.98112,353,7.4926
73,40.74705,-73.98127000000001,354,7.5075
73,40.74707,-73.98133,355,7.513
73,40.747080000000004,-73.98135,356,7.515
73,40.7471,-73.98139,357,7.5191
73,40.7471,-73.98140000000001,358,7.5199
73,40.74712,-73.98144,359,7.5239
73,40.747170000000004,-73.98157,360,7.5362
73,40.74719,-73.98162,361,7.541
73,40.74720000000001,-73.98165,362,7.5437
73,40.747220000000006,-73.98169,363,7.5478
73,40.7473,-73.98188,364,7.5661
73,40.747350000000004,-73.98198000000001,365,7.5762
73,40.74743,-73.98216000000001,366,7.5938
73,40.74754,-73.98243000000001,367,7.6196
73,40.747640000000004,-73.98266000000001,368,7.6419
73,40.747690000000006,-73.98278,369,7.6535
73,40.74777,-73.98296,370,7.671
73,40.74785000000001,-73.98314,371,7.6886
73,40.74786,-73.98316000000001,372,7.6906
73,40.74797,-73.98342000000001,373,7.7157
73,40.748000000000005,-73.98349,374,7.7225
73,40.748200000000004,-73.98395000000001,375,7.7672
73,40.748450000000005,-73.98456,376,7.8256
73,40.748610000000006,-73.98495000000001,377,7.863
73,40.74877,-73.98533,378,7.8996
73,40.748870000000004,-73.98557000000001,379,7.9227
73,40.74893,-73.98570000000001,380,7.9355
73,40.749140000000004,-73.98619000000001,381,7.9829
73,40.749210000000005,-73.98636,382,7.9992
73,40.749550000000006,-73.98716,383,8.0765
73,40.749700000000004,-73.98751,384,8.1104
73,40.7498,-73.98775,385,8.1334
73,40.74989,-73.98796,386,8.1538
73,40.749970000000005,-73.98816000000001,387,8.1728
73,40.750080000000004,-73.98841,388,8.1972
73,40.75012,-73.98849000000001,389,8.2052
73,40.75027,-73.98886,390,8.2406
73,40.750440000000005,-73.98925000000001,391,8.2785
73,40.750510000000006,-73.98943000000001,392,8.2955
73,40.75061,-73.98967,393,8.3186
73,40.75063,-73.98972,394,8.3234
73,40.75094,-73.99045000000001,395,8.3939
73,40.751020000000004,-73.99061,396,8.41
73,40.7511,-73.99079,397,8.4276
73,40.751250000000006,-73.99118,398,8.4644
73,40.75126,-73.99121000000001,399,8.4672
73,40.75132000000001,-73.99137,400,8.4822
73,40.751560000000005,-73.99196,401,8.5386
73,40.75193,-73.99281,402,8.6212
73,40.751940000000005,-73.99284,403,8.624
73,40.75197,-73.99289,404,8.6294
73,40.75197,-73.9929,405,8.6302
73,40.75198,-73.99292000000001,406,8.6322
73,40.75211,-73.99323000000001,407,8.6621
73,40.752120000000005,-73.99328000000001,408,8.6664
73,40.752190000000006,-73.99343,409,8.6813
73,40.752370000000006,-73.99389000000001,410,8.7249
73,40.75251,-73.99422000000001,411,8.7567
73,40.7526,-73.99444000000001,412,8.7778
73,40.75267,-73.99462000000001,413,8.7948
73,40.75285,-73.99503,414,8.8348
73,40.752900000000004,-73.99516000000001,415,8.847
73,40.753060000000005,-73.99551000000001,416,8.8815
73,40.75316,-73.99573000000001,417,8.9031
73,40.75329,-73.99603,418,8.9322
73,40.753330000000005,-73.99613000000001,419,8.9417
73,40.75334,-73.99615,420,8.9437
73,40.75334,-73.99616,421,8.9446
73,40.75341,-73.99632000000001,422,8.9601
73,40.75347,-73.99647,423,8.9744
73,40.75359,-73.99678,424,9.0037
73,40.75365,-73.99691,425,9.0166
73,40.753730000000004,-73.9971,426,9.0349
73,40.753930000000004,-73.99757000000001,427,9.0803
73,40.753960000000006,-73.99763,428,9.0863
73,40.75406,-73.99787,429,9.1094
73,40.754160000000006,-73.99810000000001,430,9.1318
73,40.754220000000004,-73.99824000000001,431,9.1453
73,40.754250000000006,-73.99832,432,9.1528
73,40.75428,-73.9984,433,9.1603
73,40.75435,-73.99856000000001,434,9.1759
73,40.754360000000005,-73.99858,435,9.1779
73,40.75446,-73.99883000000001,436,9.2017
73,40.754490000000004,-73.99889,437,9.2078
73,40.75451,-73.99893,438,9.2118
73,40.7546,-73.99914000000001,439,9.2321
73,40.754690000000004,-73.99935,440,9.2525
73,40.754760000000005,-73.99951,441,9.268
73,40.75479,-73.99959000000001,442,9.2756
73,40.75493,-73.99993,443,9.3081
73,40.755,-74.0001,444,9.3244
73,40.75511,-74.00038,445,9.351
73,40.75517000000001,-74.00052000000001,446,9.3646
73,40.7552,-74.0006,447,9.3721
73,40.75538,-74.00105,448,9.4149
73,40.75694839053397,-74.0047911961627,449,9.7751
73,40.76018642708832,-74.00253489126767,450,10.1822
73,40.76072616454282,-74.0037868185478,451,10.3036
73,40.76062395229,-74.003851516287,452,10.3162
