trip_id,arrival_time,departure_time,stop_id,stop_sequence,stop_headsign,pickup_type,drop_off_type,timepoint
305,06:06:00,06:06:00,4,1,,0,0,1
305,06:09:00,06:09:00,17,2,,0,0,1
306,06:31:00,06:31:00,4,1,,0,0,1
306,06:34:00,06:34:00,17,2,,0,0,1
307,06:27:00,06:27:00,87,1,,0,0,1
307,06:35:00,06:35:00,20,2,,0,0,1
307,06:47:00,06:47:00,19,3,,0,0,1
307,06:56:00,06:56:00,4,4,,0,0,1
307,06:59:00,06:59:00,17,5,,0,0,1
308,06:39:00,06:39:00,87,1,,0,0,1
308,06:47:00,06:47:00,20,2,,0,0,1
308,06:57:00,06:57:00,8,3,,0,0,1
308,07:07:00,07:07:00,18,4,,0,0,1
308,07:11:00,07:11:00,17,5,,0,0,1
309,06:51:00,06:51:00,87,1,,0,0,1
309,06:59:00,06:59:00,20,2,,0,0,1
309,07:11:00,07:11:00,19,3,,0,0,1
309,07:20:00,07:20:00,4,4,,0,0,1
309,07:23:00,07:23:00,17,5,,0,0,1
310,07:03:00,07:03:00,87,1,,0,0,1
310,07:11:00,07:11:00,20,2,,0,0,1
310,07:21:00,07:21:00,8,3,,0,0,1
310,07:31:00,07:31:00,18,4,,0,0,1
310,07:35:00,07:35:00,17,5,,0,0,1
311,07:16:00,07:16:00,87,1,,0,0,1
311,07:24:00,07:24:00,20,2,,0,0,1
311,07:36:00,07:36:00,19,3,,0,0,1
311,07:45:00,07:45:00,4,4,,0,0,1
311,07:48:00,07:48:00,17,5,,0,0,1
312,07:28:00,07:28:00,87,1,,0,0,1
312,07:36:00,07:36:00,20,2,,0,0,1
312,07:46:00,07:46:00,8,3,,0,0,1
312,07:56:00,07:56:00,18,4,,0,0,1
312,08:00:00,08:00:00,17,5,,0,0,1
313,07:41:00,07:41:00,87,1,,0,0,1
313,07:49:00,07:49:00,20,2,,0,0,1
313,08:01:00,08:01:00,19,3,,0,0,1
313,08:10:00,08:10:00,4,4,,0,0,1
313,08:13:00,08:13:00,17,5,,0,0,1
314,07:53:00,07:53:00,87,1,,0,0,1
314,08:01:00,08:01:00,20,2,,0,0,1
314,08:11:00,08:11:00,8,3,,0,0,1
314,08:21:00,08:21:00,18,4,,0,0,1
314,08:25:00,08:25:00,17,5,,0,0,1
315,08:05:00,08:05:00,87,1,,0,0,1
315,08:13:00,08:13:00,20,2,,0,0,1
315,08:25:00,08:25:00,19,3,,0,0,1
315,08:34:00,08:34:00,4,4,,0,0,1
315,08:37:00,08:37:00,17,5,,0,0,1
316,08:17:00,08:17:00,87,1,,0,0,1
316,08:25:00,08:25:00,20,2,,0,0,1
316,08:35:00,08:35:00,8,3,,0,0,1
316,08:45:00,08:45:00,18,4,,0,0,1
316,08:49:00,08:49:00,17,5,,0,0,1
317,08:30:00,08:30:00,87,1,,0,0,1
317,08:38:00,08:38:00,20,2,,0,0,1
317,08:50:00,08:50:00,19,3,,0,0,1
317,08:59:00,08:59:00,4,4,,0,0,1
317,09:02:00,09:02:00,17,5,,0,0,1
318,08:42:00,08:42:00,87,1,,0,0,1
318,08:50:00,08:50:00,20,2,,0,0,1
318,09:00:00,09:00:00,8,3,,0,0,1
318,09:10:00,09:10:00,18,4,,0,0,1
318,09:14:00,09:14:00,17,5,,0,0,1
319,08:55:00,08:55:00,87,1,,0,0,1
319,09:03:00,09:03:00,20,2,,0,0,1
319,09:15:00,09:15:00,19,3,,0,0,1
319,09:24:00,09:24:00,4,4,,0,0,1
319,09:27:00,09:27:00,17,5,,0,0,1
320,09:07:00,09:07:00,87,1,,0,0,1
320,09:15:00,09:15:00,20,2,,0,0,1
320,09:25:00,09:25:00,8,3,,0,0,1
320,09:35:00,09:35:00,18,4,,0,0,1
320,09:39:00,09:39:00,17,5,,0,0,1
321,09:19:00,09:19:00,87,1,,0,0,1
321,09:27:00,09:27:00,20,2,,0,0,1
321,09:39:00,09:39:00,19,3,,0,0,1
321,09:48:00,09:48:00,4,4,,0,0,1
321,09:51:00,09:51:00,17,5,,0,0,1
322,09:31:00,09:31:00,87,1,,0,0,1
322,09:39:00,09:39:00,20,2,,0,0,1
322,09:49:00,09:49:00,8,3,,0,0,1
322,09:59:00,09:59:00,18,4,,0,0,1
322,10:03:00,10:03:00,17,5,,0,0,1
323,09:44:00,09:44:00,87,1,,0,0,1
323,09:52:00,09:52:00,20,2,,0,0,1
323,10:04:00,10:04:00,19,3,,0,0,1
323,10:13:00,10:13:00,4,4,,0,0,1
323,10:16:00,10:16:00,17,5,,0,0,1
324,09:56:00,09:56:00,87,1,,0,0,1
324,10:04:00,10:04:00,20,2,,0,0,1
324,10:14:00,10:14:00,8,3,,0,0,1
324,10:24:00,10:24:00,18,4,,0,0,1
324,10:28:00,10:28:00,17,5,,0,0,1
325,10:21:00,10:21:00,87,1,,0,0,1
325,10:29:00,10:29:00,20,2,,0,0,1
325,10:41:00,10:41:00,8,3,,0,0,1
325,10:49:00,10:49:00,19,4,,0,0,1
325,10:57:00,10:57:00,18,5,,0,0,1
325,11:05:00,11:05:00,4,6,,0,0,1
325,11:09:00,11:09:00,17,7,,0,0,1
326,10:58:00,10:58:00,87,1,,0,0,1
326,11:06:00,11:06:00,20,2,,0,0,1
326,11:18:00,11:18:00,8,3,,0,0,1
326,11:26:00,11:26:00,19,4,,0,0,1
326,11:34:00,11:34:00,18,5,,0,0,1
326,11:42:00,11:42:00,4,6,,0,0,1
326,11:46:00,11:46:00,17,7,,0,0,1
327,11:35:00,11:35:00,87,1,,0,0,1
327,11:43:00,11:43:00,20,2,,0,0,1
327,11:55:00,11:55:00,8,3,,0,0,1
327,12:03:00,12:03:00,19,4,,0,0,1
327,12:11:00,12:11:00,18,5,,0,0,1
327,12:19:00,12:19:00,4,6,,0,0,1
327,12:23:00,12:23:00,17,7,,0,0,1
328,12:12:00,12:12:00,87,1,,0,0,1
328,12:20:00,12:20:00,20,2,,0,0,1
328,12:32:00,12:32:00,8,3,,0,0,1
328,12:40:00,12:40:00,19,4,,0,0,1
328,12:48:00,12:48:00,18,5,,0,0,1
328,12:56:00,12:56:00,4,6,,0,0,1
328,13:00:00,13:00:00,17,7,,0,0,1
329,12:49:00,12:49:00,87,1,,0,0,1
329,12:57:00,12:57:00,20,2,,0,0,1
329,13:09:00,13:09:00,8,3,,0,0,1
329,13:17:00,13:17:00,19,4,,0,0,1
329,13:25:00,13:25:00,18,5,,0,0,1
329,13:33:00,13:33:00,4,6,,0,0,1
329,13:37:00,13:37:00,17,7,,0,0,1
330,13:26:00,13:26:00,87,1,,0,0,1
330,13:34:00,13:34:00,20,2,,0,0,1
330,13:46:00,13:46:00,8,3,,0,0,1
330,13:54:00,13:54:00,19,4,,0,0,1
330,14:02:00,14:02:00,18,5,,0,0,1
330,14:10:00,14:10:00,4,6,,0,0,1
330,14:14:00,14:14:00,17,7,,0,0,1
331,14:03:00,14:03:00,87,1,,0,0,1
331,14:11:00,14:11:00,20,2,,0,0,1
331,14:23:00,14:23:00,8,3,,0,0,1
331,14:31:00,14:31:00,19,4,,0,0,1
331,14:39:00,14:39:00,18,5,,0,0,1
331,14:47:00,14:47:00,4,6,,0,0,1
331,14:51:00,14:51:00,17,7,,0,0,1
332,14:40:00,14:40:00,87,1,,0,0,1
332,14:48:00,14:48:00,20,2,,0,0,1
332,15:00:00,15:00:00,8,3,,0,0,1
332,15:08:00,15:08:00,19,4,,0,0,1
332,15:16:00,15:16:00,18,5,,0,0,1
332,15:24:00,15:24:00,4,6,,0,0,1
332,15:28:00,15:28:00,17,7,,0,0,1
333,15:17:00,15:17:00,87,1,,0,0,1
333,15:25:00,15:25:00,20,2,,0,0,1
333,15:37:00,15:37:00,8,3,,0,0,1
333,15:45:00,15:45:00,19,4,,0,0,1
333,15:53:00,15:53:00,18,5,,0,0,1
333,16:01:00,16:01:00,4,6,,0,0,1
333,16:05:00,16:05:00,17,7,,0,0,1
334,15:46:00,15:46:00,87,1,,0,0,1
334,15:55:00,15:55:00,20,2,,0,0,1
334,16:07:00,16:07:00,8,3,,0,0,1
334,16:19:00,16:19:00,18,4,,0,0,1
334,16:23:00,16:23:00,17,5,,0,0,1
335,16:01:00,16:01:00,87,1,,0,0,1
335,16:10:00,16:10:00,20,2,,0,0,1
335,16:24:00,16:24:00,19,3,,0,0,1
335,16:34:00,16:34:00,4,4,,0,0,1
335,16:37:00,16:37:00,17,5,,0,0,1
336,16:16:00,16:16:00,87,1,,0,0,1
336,16:25:00,16:25:00,20,2,,0,0,1
336,16:37:00,16:37:00,8,3,,0,0,1
336,16:49:00,16:49:00,18,4,,0,0,1
336,16:53:00,16:53:00,17,5,,0,0,1
337,16:31:00,16:31:00,87,1,,0,0,1
337,16:40:00,16:40:00,20,2,,0,0,1
337,16:54:00,16:54:00,19,3,,0,0,1
337,17:04:00,17:04:00,4,4,,0,0,1
337,17:07:00,17:07:00,17,5,,0,0,1
338,16:46:00,16:46:00,87,1,,0,0,1
338,16:55:00,16:55:00,20,2,,0,0,1
338,17:07:00,17:07:00,8,3,,0,0,1
338,17:19:00,17:19:00,18,4,,0,0,1
338,17:23:00,17:23:00,17,5,,0,0,1
339,17:01:00,17:01:00,87,1,,0,0,1
339,17:10:00,17:10:00,20,2,,0,0,1
339,17:24:00,17:24:00,19,3,,0,0,1
339,17:34:00,17:34:00,4,4,,0,0,1
339,17:37:00,17:37:00,17,5,,0,0,1
340,17:14:00,17:14:00,87,1,,0,0,1
340,17:23:00,17:23:00,20,2,,0,0,1
340,17:35:00,17:35:00,8,3,,0,0,1
340,17:47:00,17:47:00,18,4,,0,0,1
340,17:51:00,17:51:00,17,5,,0,0,1
341,17:28:00,17:28:00,87,1,,0,0,1
341,17:37:00,17:37:00,20,2,,0,0,1
341,17:51:00,17:51:00,19,3,,0,0,1
341,18:01:00,18:01:00,4,4,,0,0,1
341,18:04:00,18:04:00,17,5,,0,0,1
342,17:44:00,17:44:00,87,1,,0,0,1
342,17:53:00,17:53:00,20,2,,0,0,1
342,18:05:00,18:05:00,8,3,,0,0,1
342,18:17:00,18:17:00,18,4,,0,0,1
342,18:21:00,18:21:00,17,5,,0,0,1
343,17:58:00,17:58:00,87,1,,0,0,1
343,18:07:00,18:07:00,20,2,,0,0,1
343,18:21:00,18:21:00,19,3,,0,0,1
343,18:31:00,18:31:00,4,4,,0,0,1
343,18:34:00,18:34:00,17,5,,0,0,1
344,18:14:00,18:14:00,87,1,,0,0,1
344,18:23:00,18:23:00,20,2,,0,0,1
344,18:35:00,18:35:00,8,3,,0,0,1
344,18:47:00,18:47:00,18,4,,0,0,1
344,18:51:00,18:51:00,17,5,,0,0,1
345,18:28:00,18:28:00,87,1,,0,0,1
345,18:37:00,18:37:00,20,2,,0,0,1
345,18:51:00,18:51:00,19,3,,0,0,1
345,19:01:00,19:01:00,4,4,,0,0,1
345,19:04:00,19:04:00,17,5,,0,0,1
346,18:42:00,18:42:00,87,1,,0,0,1
346,18:51:00,18:51:00,20,2,,0,0,1
346,19:03:00,19:03:00,8,3,,0,0,1
346,19:15:00,19:15:00,18,4,,0,0,1
346,19:19:00,19:19:00,17,5,,0,0,1
347,18:55:00,18:55:00,87,1,,0,0,1
347,19:04:00,19:04:00,20,2,,0,0,1
347,19:18:00,19:18:00,19,3,,0,0,1
347,19:28:00,19:28:00,4,4,,0,0,1
347,19:31:00,19:31:00,17,5,,0,0,1
348,19:12:00,19:12:00,87,1,,0,0,1
348,19:21:00,19:21:00,20,2,,0,0,1
348,19:33:00,19:33:00,8,3,,0,0,1
348,19:45:00,19:45:00,18,4,,0,0,1
348,19:49:00,19:49:00,17,5,,0,0,1
349,19:24:00,19:24:00,87,1,,0,0,1
349,19:32:00,19:32:00,20,2,,0,0,1
349,19:44:00,19:44:00,8,3,,0,0,1
349,19:52:00,19:52:00,19,4,,0,0,1
349,20:00:00,20:00:00,18,5,,0,0,1
349,20:08:00,20:08:00,4,6,,0,0,1
349,20:12:00,20:12:00,17,7,,0,0,1
350,20:01:00,20:01:00,87,1,,0,0,1
350,20:09:00,20:09:00,20,2,,0,0,1
350,20:21:00,20:21:00,8,3,,0,0,1
350,20:29:00,20:29:00,19,4,,0,0,1
350,20:37:00,20:37:00,18,5,,0,0,1
350,20:45:00,20:45:00,4,6,,0,0,1
350,20:49:00,20:49:00,17,7,,0,0,1
351,20:38:00,20:38:00,87,1,,0,0,1
351,20:46:00,20:46:00,20,2,,0,0,1
351,20:58:00,20:58:00,8,3,,0,0,1
351,21:06:00,21:06:00,19,4,,0,0,1
351,21:14:00,21:14:00,18,5,,0,0,1
351,21:22:00,21:22:00,4,6,,0,0,1
351,21:26:00,21:26:00,17,7,,0,0,1
352,21:15:00,21:15:00,87,1,,0,0,1
352,21:23:00,21:23:00,20,2,,0,0,1
352,21:35:00,21:35:00,8,3,,0,0,1
352,21:43:00,21:43:00,19,4,,0,0,1
352,21:51:00,21:51:00,18,5,,0,0,1
352,21:59:00,21:59:00,4,6,,0,0,1
352,22:03:00,22:03:00,17,7,,0,0,1
353,06:14:00,06:14:00,17,1,,0,0,1
353,06:20:00,06:20:00,4,2,,0,0,1
353,06:29:00,06:29:00,19,3,,0,0,1
353,06:42:00,06:42:00,20,4,,0,0,1
353,06:46:00,06:46:00,87,5,,0,0,1
354,06:26:00,06:26:00,17,1,,0,0,1
354,06:34:00,06:34:00,18,2,,0,0,1
354,06:43:00,06:43:00,8,3,,0,0,1
354,06:54:00,06:54:00,20,4,,0,0,1
354,06:58:00,06:58:00,87,5,,0,0,1
355,06:39:00,06:39:00,17,1,,0,0,1
355,06:45:00,06:45:00,4,2,,0,0,1
355,06:54:00,06:54:00,19,3,,0,0,1
355,07:07:00,07:07:00,20,4,,0,0,1
355,07:11:00,07:11:00,87,5,,0,0,1
356,06:51:00,06:51:00,17,1,,0,0,1
356,06:59:00,06:59:00,18,2,,0,0,1
356,07:08:00,07:08:00,8,3,,0,0,1
356,07:19:00,07:19:00,20,4,,0,0,1
356,07:23:00,07:23:00,87,5,,0,0,1
357,07:04:00,07:04:00,17,1,,0,0,1
357,07:10:00,07:10:00,4,2,,0,0,1
357,07:19:00,07:19:00,19,3,,0,0,1
357,07:32:00,07:32:00,20,4,,0,0,1
357,07:36:00,07:36:00,87,5,,0,0,1
358,07:16:00,07:16:00,17,1,,0,0,1
358,07:24:00,07:24:00,18,2,,0,0,1
358,07:33:00,07:33:00,8,3,,0,0,1
358,07:44:00,07:44:00,20,4,,0,0,1
358,07:48:00,07:48:00,87,5,,0,0,1
359,07:28:00,07:28:00,17,1,,0,0,1
359,07:34:00,07:34:00,4,2,,0,0,1
359,07:43:00,07:43:00,19,3,,0,0,1
359,07:56:00,07:56:00,20,4,,0,0,1
359,08:00:00,08:00:00,87,5,,0,0,1
360,07:40:00,07:40:00,17,1,,0,0,1
360,07:48:00,07:48:00,18,2,,0,0,1
360,07:57:00,07:57:00,8,3,,0,0,1
360,08:08:00,08:08:00,20,4,,0,0,1
360,08:12:00,08:12:00,87,5,,0,0,1
361,07:53:00,07:53:00,17,1,,0,0,1
361,07:59:00,07:59:00,4,2,,0,0,1
361,08:08:00,08:08:00,19,3,,0,0,1
361,08:21:00,08:21:00,20,4,,0,0,1
361,08:25:00,08:25:00,87,5,,0,0,1
362,08:05:00,08:05:00,17,1,,0,0,1
362,08:13:00,08:13:00,18,2,,0,0,1
362,08:22:00,08:22:00,8,3,,0,0,1
362,08:33:00,08:33:00,20,4,,0,0,1
362,08:37:00,08:37:00,87,5,,0,0,1
363,08:18:00,08:18:00,17,1,,0,0,1
363,08:24:00,08:24:00,4,2,,0,0,1
363,08:33:00,08:33:00,19,3,,0,0,1
363,08:46:00,08:46:00,20,4,,0,0,1
363,08:50:00,08:50:00,87,5,,0,0,1
364,08:30:00,08:30:00,17,1,,0,0,1
364,08:38:00,08:38:00,18,2,,0,0,1
364,08:47:00,08:47:00,8,3,,0,0,1
364,08:58:00,08:58:00,20,4,,0,0,1
364,09:02:00,09:02:00,87,5,,0,0,1
365,08:42:00,08:42:00,17,1,,0,0,1
365,08:48:00,08:48:00,4,2,,0,0,1
365,08:57:00,08:57:00,19,3,,0,0,1
365,09:10:00,09:10:00,20,4,,0,0,1
365,09:14:00,09:14:00,87,5,,0,0,1
366,08:54:00,08:54:00,17,1,,0,0,1
366,09:02:00,09:02:00,18,2,,0,0,1
366,09:11:00,09:11:00,8,3,,0,0,1
366,09:22:00,09:22:00,20,4,,0,0,1
366,09:26:00,09:26:00,87,5,,0,0,1
367,09:07:00,09:07:00,17,1,,0,0,1
367,09:13:00,09:13:00,4,2,,0,0,1
367,09:22:00,09:22:00,19,3,,0,0,1
367,09:35:00,09:35:00,20,4,,0,0,1
367,09:39:00,09:39:00,87,5,,0,0,1
368,09:19:00,09:19:00,17,1,,0,0,1
368,09:27:00,09:27:00,18,2,,0,0,1
368,09:36:00,09:36:00,8,3,,0,0,1
368,09:47:00,09:47:00,20,4,,0,0,1
368,09:51:00,09:51:00,87,5,,0,0,1
369,09:32:00,09:32:00,17,1,,0,0,1
369,09:38:00,09:38:00,4,2,,0,0,1
369,09:47:00,09:47:00,19,3,,0,0,1
369,10:00:00,10:00:00,20,4,,0,0,1
369,10:04:00,10:04:00,87,5,,0,0,1
370,09:44:00,09:44:00,17,1,,0,0,1
370,09:52:00,09:52:00,18,2,,0,0,1
370,10:01:00,10:01:00,8,3,,0,0,1
370,10:12:00,10:12:00,20,4,,0,0,1
370,10:16:00,10:16:00,87,5,,0,0,1
371,09:56:00,09:56:00,17,1,,0,0,1
371,10:02:00,10:02:00,4,2,,0,0,1
371,10:11:00,10:11:00,19,3,,0,0,1
371,10:24:00,10:24:00,20,4,,0,0,1
371,10:28:00,10:28:00,87,5,,0,0,1
397,10:08:00,10:08:00,17,1,,0,0,1
397,10:16:00,10:16:00,18,2,,0,0,1
397,10:25:00,10:25:00,8,3,,0,0,1
397,10:36:00,10:36:00,20,4,,0,0,1
397,10:40:00,10:40:00,87,5,,0,0,1
398,10:22:00,10:22:00,17,1,,0,0,1
398,10:30:00,10:30:00,4,2,,0,0,1
398,10:38:00,10:38:00,18,3,,0,0,1
398,10:46:00,10:46:00,19,4,,0,0,1
398,10:55:00,10:55:00,8,5,,0,0,1
398,11:07:00,11:07:00,20,6,,0,0,1
398,11:11:00,11:11:00,87,7,,0,0,1
400,11:14:00,11:14:00,17,1,,0,0,1
400,11:22:00,11:22:00,4,2,,0,0,1
400,11:30:00,11:30:00,18,3,,0,0,1
400,11:38:00,11:38:00,19,4,,0,0,1
400,11:47:00,11:47:00,8,5,,0,0,1
400,11:59:00,11:59:00,20,6,,0,0,1
400,12:03:00,12:03:00,87,7,,0,0,1
401,11:51:00,11:51:00,17,1,,0,0,1
401,11:59:00,11:59:00,4,2,,0,0,1
401,12:07:00,12:07:00,18,3,,0,0,1
401,12:15:00,12:15:00,19,4,,0,0,1
401,12:24:00,12:24:00,8,5,,0,0,1
401,12:36:00,12:36:00,20,6,,0,0,1
401,12:40:00,12:40:00,87,7,,0,0,1
402,12:28:00,12:28:00,17,1,,0,0,1
402,12:36:00,12:36:00,4,2,,0,0,1
402,12:44:00,12:44:00,18,3,,0,0,1
402,12:52:00,12:52:00,19,4,,0,0,1
402,13:01:00,13:01:00,8,5,,0,0,1
402,13:13:00,13:13:00,20,6,,0,0,1
402,13:17:00,13:17:00,87,7,,0,0,1
403,13:05:00,13:05:00,17,1,,0,0,1
403,13:13:00,13:13:00,4,2,,0,0,1
403,13:21:00,13:21:00,18,3,,0,0,1
403,13:29:00,13:29:00,19,4,,0,0,1
403,13:38:00,13:38:00,8,5,,0,0,1
403,13:50:00,13:50:00,20,6,,0,0,1
403,13:54:00,13:54:00,87,7,,0,0,1
404,13:42:00,13:42:00,17,1,,0,0,1
404,13:50:00,13:50:00,4,2,,0,0,1
404,13:58:00,13:58:00,18,3,,0,0,1
404,14:06:00,14:06:00,19,4,,0,0,1
404,14:15:00,14:15:00,8,5,,0,0,1
404,14:27:00,14:27:00,20,6,,0,0,1
404,14:31:00,14:31:00,87,7,,0,0,1
405,14:19:00,14:19:00,17,1,,0,0,1
405,14:27:00,14:27:00,4,2,,0,0,1
405,14:35:00,14:35:00,18,3,,0,0,1
405,14:43:00,14:43:00,19,4,,0,0,1
405,14:52:00,14:52:00,8,5,,0,0,1
405,15:04:00,15:04:00,20,6,,0,0,1
405,15:08:00,15:08:00,87,7,,0,0,1
406,14:56:00,14:56:00,17,1,,0,0,1
406,15:04:00,15:04:00,4,2,,0,0,1
406,15:12:00,15:12:00,18,3,,0,0,1
406,15:20:00,15:20:00,19,4,,0,0,1
406,15:29:00,15:29:00,8,5,,0,0,1
406,15:41:00,15:41:00,20,6,,0,0,1
406,15:45:00,15:45:00,87,7,,0,0,1
407,15:33:00,15:33:00,17,1,,0,0,1
407,15:41:00,15:41:00,4,2,,0,0,1
407,15:49:00,15:49:00,18,3,,0,0,1
407,15:57:00,15:57:00,19,4,,0,0,1
407,16:06:00,16:06:00,8,5,,0,0,1
407,16:18:00,16:18:00,20,6,,0,0,1
407,16:22:00,16:22:00,87,7,,0,0,1
408,16:11:00,16:11:00,17,1,,0,0,1
408,16:19:00,16:19:00,4,2,,0,0,1
408,16:29:00,16:29:00,19,3,,0,0,1
408,16:43:00,16:43:00,20,4,,0,0,1
408,16:47:00,16:47:00,87,5,,0,0,1
409,16:30:00,16:30:00,17,1,,0,0,1
409,16:39:00,16:39:00,18,2,,0,0,1
409,16:50:00,16:50:00,8,3,,0,0,1
409,17:02:00,17:02:00,20,4,,0,0,1
409,17:06:00,17:06:00,87,5,,0,0,1
410,16:44:00,16:44:00,17,1,,0,0,1
410,16:52:00,16:52:00,4,2,,0,0,1
410,17:02:00,17:02:00,19,3,,0,0,1
410,17:16:00,17:16:00,20,4,,0,0,1
410,17:20:00,17:20:00,87,5,,0,0,1
411,17:00:00,17:00:00,17,1,,0,0,1
411,17:09:00,17:09:00,18,2,,0,0,1
411,17:20:00,17:20:00,8,3,,0,0,1
411,17:32:00,17:32:00,20,4,,0,0,1
411,17:36:00,17:36:00,87,5,,0,0,1
413,17:14:00,17:14:00,17,1,,0,0,1
413,17:22:00,17:22:00,4,2,,0,0,1
413,17:32:00,17:32:00,19,3,,0,0,1
413,17:46:00,17:46:00,20,4,,0,0,1
413,17:50:00,17:50:00,87,5,,0,0,1
414,17:30:00,17:30:00,17,1,,0,0,1
414,17:39:00,17:39:00,18,2,,0,0,1
414,17:50:00,17:50:00,8,3,,0,0,1
414,18:02:00,18:02:00,20,4,,0,0,1
414,18:06:00,18:06:00,87,5,,0,0,1
415,17:44:00,17:44:00,17,1,,0,0,1
415,17:52:00,17:52:00,4,2,,0,0,1
415,18:02:00,18:02:00,19,3,,0,0,1
415,18:16:00,18:16:00,20,4,,0,0,1
415,18:20:00,18:20:00,87,5,,0,0,1
416,17:58:00,17:58:00,17,1,,0,0,1
416,18:07:00,18:07:00,18,2,,0,0,1
416,18:18:00,18:18:00,8,3,,0,0,1
416,18:30:00,18:30:00,20,4,,0,0,1
416,18:34:00,18:34:00,87,5,,0,0,1
417,18:11:00,18:11:00,17,1,,0,0,1
417,18:19:00,18:19:00,4,2,,0,0,1
417,18:29:00,18:29:00,19,3,,0,0,1
417,18:43:00,18:43:00,20,4,,0,0,1
417,18:47:00,18:47:00,87,5,,0,0,1
418,18:28:00,18:28:00,17,1,,0,0,1
418,18:37:00,18:37:00,18,2,,0,0,1
418,18:48:00,18:48:00,8,3,,0,0,1
418,19:00:00,19:00:00,20,4,,0,0,1
418,19:04:00,19:04:00,87,5,,0,0,1
419,18:41:00,18:41:00,17,1,,0,0,1
419,18:49:00,18:49:00,4,2,,0,0,1
419,18:59:00,18:59:00,19,3,,0,0,1
419,19:13:00,19:13:00,20,4,,0,0,1
419,19:17:00,19:17:00,87,5,,0,0,1
420,18:58:00,18:58:00,17,1,,0,0,1
420,19:07:00,19:07:00,18,2,,0,0,1
420,19:18:00,19:18:00,8,3,,0,0,1
420,19:30:00,19:30:00,20,4,,0,0,1
420,19:34:00,19:34:00,87,5,,0,0,1
421,19:11:00,19:11:00,17,1,,0,0,1
421,19:19:00,19:19:00,4,2,,0,0,1
421,19:29:00,19:29:00,19,3,,0,0,1
421,19:43:00,19:43:00,20,4,,0,0,1
421,19:47:00,19:47:00,87,5,,0,0,1
422,19:26:00,19:26:00,17,1,,0,0,1
422,19:35:00,19:35:00,18,2,,0,0,1
422,19:46:00,19:46:00,8,3,,0,0,1
422,19:58:00,19:58:00,20,4,,0,0,1
422,20:02:00,20:02:00,87,5,,0,0,1
423,19:38:00,19:38:00,17,1,,0,0,1
423,19:46:00,19:46:00,4,2,,0,0,1
423,19:56:00,19:56:00,19,3,,0,0,1
423,20:10:00,20:10:00,20,4,,0,0,1
423,20:14:00,20:14:00,87,5,,0,0,1
424,19:55:00,19:55:00,17,1,,0,0,1
424,20:03:00,20:03:00,4,2,,0,0,1
424,20:11:00,20:11:00,18,3,,0,0,1
424,20:19:00,20:19:00,19,4,,0,0,1
424,20:28:00,20:28:00,8,5,,0,0,1
424,20:40:00,20:40:00,20,6,,0,0,1
424,20:44:00,20:44:00,87,7,,0,0,1
425,20:17:00,20:17:00,17,1,,0,0,1
425,20:25:00,20:25:00,4,2,,0,0,1
425,20:33:00,20:33:00,18,3,,0,0,1
425,20:41:00,20:41:00,19,4,,0,0,1
425,20:50:00,20:50:00,8,5,,0,0,1
425,21:02:00,21:02:00,20,6,,0,0,1
425,21:06:00,21:06:00,87,7,,0,0,1
426,20:54:00,20:54:00,17,1,,0,0,1
426,21:02:00,21:02:00,4,2,,0,0,1
426,21:10:00,21:10:00,18,3,,0,0,1
426,21:18:00,21:18:00,19,4,,0,0,1
426,21:27:00,21:27:00,8,5,,0,0,1
426,21:39:00,21:39:00,20,6,,0,0,1
426,21:43:00,21:43:00,87,7,,0,0,1
437,08:47:00,08:47:00,87,1,,0,0,1
437,08:56:00,08:56:00,20,2,,0,0,1
437,09:10:00,09:10:00,19,3,,0,0,1
437,09:20:00,09:20:00,4,4,,0,0,1
437,09:23:00,09:23:00,17,5,,0,0,1
448,09:19:00,09:19:00,87,1,,0,0,1
448,09:28:00,09:28:00,20,2,,0,0,1
448,09:40:00,09:40:00,8,3,,0,0,1
448,09:52:00,09:52:00,18,4,,0,0,1
448,09:56:00,09:56:00,17,5,,0,0,1
449,09:49:00,09:49:00,87,1,,0,0,1
449,09:58:00,09:58:00,20,2,,0,0,1
449,10:12:00,10:12:00,19,3,,0,0,1
449,10:22:00,10:22:00,4,4,,0,0,1
449,10:25:00,10:25:00,17,5,,0,0,1
450,10:19:00,10:19:00,87,1,,0,0,1
450,10:28:00,10:28:00,20,2,,0,0,1
450,10:42:00,10:42:00,19,3,,0,0,1
450,10:52:00,10:52:00,4,4,,0,0,1
450,10:55:00,10:55:00,17,5,,0,0,1
451,10:32:00,10:32:00,87,1,,0,0,1
451,10:41:00,10:41:00,20,2,,0,0,1
451,10:53:00,10:53:00,8,3,,0,0,1
451,11:05:00,11:05:00,18,4,,0,0,1
451,11:09:00,11:09:00,17,5,,0,0,1
452,10:47:00,10:47:00,87,1,,0,0,1
452,10:56:00,10:56:00,20,2,,0,0,1
452,11:10:00,11:10:00,19,3,,0,0,1
452,11:20:00,11:20:00,4,4,,0,0,1
452,11:23:00,11:23:00,17,5,,0,0,1
453,11:00:00,11:00:00,87,1,,0,0,1
453,11:09:00,11:09:00,20,2,,0,0,1
453,11:21:00,11:21:00,8,3,,0,0,1
453,11:33:00,11:33:00,18,4,,0,0,1
453,11:37:00,11:37:00,17,5,,0,0,1
454,11:13:00,11:13:00,87,1,,0,0,1
454,11:22:00,11:22:00,20,2,,0,0,1
454,11:36:00,11:36:00,19,3,,0,0,1
454,11:46:00,11:46:00,4,4,,0,0,1
454,11:49:00,11:49:00,17,5,,0,0,1
455,11:26:00,11:26:00,87,1,,0,0,1
455,11:35:00,11:35:00,20,2,,0,0,1
455,11:47:00,11:47:00,8,3,,0,0,1
455,11:59:00,11:59:00,18,4,,0,0,1
455,12:03:00,12:03:00,17,5,,0,0,1
456,11:39:00,11:39:00,87,1,,0,0,1
456,11:48:00,11:48:00,20,2,,0,0,1
456,12:02:00,12:02:00,19,3,,0,0,1
456,12:12:00,12:12:00,4,4,,0,0,1
456,12:15:00,12:15:00,17,5,,0,0,1
457,11:52:00,11:52:00,87,1,,0,0,1
457,12:01:00,12:01:00,20,2,,0,0,1
457,12:13:00,12:13:00,8,3,,0,0,1
457,12:25:00,12:25:00,18,4,,0,0,1
457,12:29:00,12:29:00,17,5,,0,0,1
458,12:05:00,12:05:00,87,1,,0,0,1
458,12:14:00,12:14:00,20,2,,0,0,1
458,12:28:00,12:28:00,19,3,,0,0,1
458,12:38:00,12:38:00,4,4,,0,0,1
458,12:41:00,12:41:00,17,5,,0,0,1
459,12:18:00,12:18:00,87,1,,0,0,1
459,12:27:00,12:27:00,20,2,,0,0,1
459,12:39:00,12:39:00,8,3,,0,0,1
459,12:51:00,12:51:00,18,4,,0,0,1
459,12:55:00,12:55:00,17,5,,0,0,1
460,12:31:00,12:31:00,87,1,,0,0,1
460,12:40:00,12:40:00,20,2,,0,0,1
460,12:54:00,12:54:00,19,3,,0,0,1
460,13:04:00,13:04:00,4,4,,0,0,1
460,13:07:00,13:07:00,17,5,,0,0,1
461,12:44:00,12:44:00,87,1,,0,0,1
461,12:53:00,12:53:00,20,2,,0,0,1
461,13:05:00,13:05:00,8,3,,0,0,1
461,13:17:00,13:17:00,18,4,,0,0,1
461,13:21:00,13:21:00,17,5,,0,0,1
462,12:57:00,12:57:00,87,1,,0,0,1
462,13:06:00,13:06:00,20,2,,0,0,1
462,13:20:00,13:20:00,19,3,,0,0,1
462,13:30:00,13:30:00,4,4,,0,0,1
462,13:33:00,13:33:00,17,5,,0,0,1
463,13:10:00,13:10:00,87,1,,0,0,1
463,13:19:00,13:19:00,20,2,,0,0,1
463,13:31:00,13:31:00,8,3,,0,0,1
463,13:43:00,13:43:00,18,4,,0,0,1
463,13:47:00,13:47:00,17,5,,0,0,1
464,13:23:00,13:23:00,87,1,,0,0,1
464,13:32:00,13:32:00,20,2,,0,0,1
464,13:46:00,13:46:00,19,3,,0,0,1
464,13:56:00,13:56:00,4,4,,0,0,1
464,13:59:00,13:59:00,17,5,,0,0,1
465,13:36:00,13:36:00,87,1,,0,0,1
465,13:45:00,13:45:00,20,2,,0,0,1
465,13:57:00,13:57:00,8,3,,0,0,1
465,14:09:00,14:09:00,18,4,,0,0,1
465,14:13:00,14:13:00,17,5,,0,0,1
466,13:49:00,13:49:00,87,1,,0,0,1
466,13:58:00,13:58:00,20,2,,0,0,1
466,14:12:00,14:12:00,19,3,,0,0,1
466,14:22:00,14:22:00,4,4,,0,0,1
466,14:25:00,14:25:00,17,5,,0,0,1
467,14:02:00,14:02:00,87,1,,0,0,1
467,14:11:00,14:11:00,20,2,,0,0,1
467,14:23:00,14:23:00,8,3,,0,0,1
467,14:35:00,14:35:00,18,4,,0,0,1
467,14:39:00,14:39:00,17,5,,0,0,1
468,14:15:00,14:15:00,87,1,,0,0,1
468,14:24:00,14:24:00,20,2,,0,0,1
468,14:38:00,14:38:00,19,3,,0,0,1
468,14:48:00,14:48:00,4,4,,0,0,1
468,14:51:00,14:51:00,17,5,,0,0,1
469,14:28:00,14:28:00,87,1,,0,0,1
469,14:37:00,14:37:00,20,2,,0,0,1
469,14:49:00,14:49:00,8,3,,0,0,1
469,15:01:00,15:01:00,18,4,,0,0,1
469,15:05:00,15:05:00,17,5,,0,0,1
470,14:41:00,14:41:00,87,1,,0,0,1
470,14:50:00,14:50:00,20,2,,0,0,1
470,15:04:00,15:04:00,19,3,,0,0,1
470,15:14:00,15:14:00,4,4,,0,0,1
470,15:17:00,15:17:00,17,5,,0,0,1
471,15:05:00,15:05:00,87,1,,0,0,1
471,15:14:00,15:14:00,20,2,,0,0,1
471,15:26:00,15:26:00,8,3,,0,0,1
471,15:38:00,15:38:00,18,4,,0,0,1
471,15:42:00,15:42:00,17,5,,0,0,1
472,15:29:00,15:29:00,87,1,,0,0,1
472,15:38:00,15:38:00,20,2,,0,0,1
472,15:52:00,15:52:00,19,3,,0,0,1
472,16:02:00,16:02:00,4,4,,0,0,1
472,16:05:00,16:05:00,17,5,,0,0,1
473,15:42:00,15:42:00,87,1,,0,0,1
473,15:51:00,15:51:00,20,2,,0,0,1
473,16:03:00,16:03:00,8,3,,0,0,1
473,16:15:00,16:15:00,18,4,,0,0,1
473,16:19:00,16:19:00,17,5,,0,0,1
474,15:55:00,15:55:00,87,1,,0,0,1
474,16:04:00,16:04:00,20,2,,0,0,1
474,16:18:00,16:18:00,19,3,,0,0,1
474,16:28:00,16:28:00,4,4,,0,0,1
474,16:31:00,16:31:00,17,5,,0,0,1
475,16:08:00,16:08:00,87,1,,0,0,1
475,16:17:00,16:17:00,20,2,,0,0,1
475,16:29:00,16:29:00,8,3,,0,0,1
475,16:41:00,16:41:00,18,4,,0,0,1
475,16:45:00,16:45:00,17,5,,0,0,1
476,16:21:00,16:21:00,87,1,,0,0,1
476,16:30:00,16:30:00,20,2,,0,0,1
476,16:44:00,16:44:00,19,3,,0,0,1
476,16:54:00,16:54:00,4,4,,0,0,1
476,16:57:00,16:57:00,17,5,,0,0,1
477,16:34:00,16:34:00,87,1,,0,0,1
477,16:43:00,16:43:00,20,2,,0,0,1
477,16:55:00,16:55:00,8,3,,0,0,1
477,17:07:00,17:07:00,18,4,,0,0,1
477,17:11:00,17:11:00,17,5,,0,0,1
478,16:47:00,16:47:00,87,1,,0,0,1
478,16:56:00,16:56:00,20,2,,0,0,1
478,17:10:00,17:10:00,19,3,,0,0,1
478,17:20:00,17:20:00,4,4,,0,0,1
478,17:23:00,17:23:00,17,5,,0,0,1
479,17:00:00,17:00:00,87,1,,0,0,1
479,17:09:00,17:09:00,20,2,,0,0,1
479,17:21:00,17:21:00,8,3,,0,0,1
479,17:33:00,17:33:00,18,4,,0,0,1
479,17:37:00,17:37:00,17,5,,0,0,1
480,17:13:00,17:13:00,87,1,,0,0,1
480,17:22:00,17:22:00,20,2,,0,0,1
480,17:36:00,17:36:00,19,3,,0,0,1
480,17:46:00,17:46:00,4,4,,0,0,1
480,17:49:00,17:49:00,17,5,,0,0,1
481,17:26:00,17:26:00,87,1,,0,0,1
481,17:35:00,17:35:00,20,2,,0,0,1
481,17:47:00,17:47:00,8,3,,0,0,1
481,17:59:00,17:59:00,18,4,,0,0,1
481,18:03:00,18:03:00,17,5,,0,0,1
482,17:39:00,17:39:00,87,1,,0,0,1
482,17:48:00,17:48:00,20,2,,0,0,1
482,18:02:00,18:02:00,19,3,,0,0,1
482,18:12:00,18:12:00,4,4,,0,0,1
482,18:15:00,18:15:00,17,5,,0,0,1
483,17:52:00,17:52:00,87,1,,0,0,1
483,18:01:00,18:01:00,20,2,,0,0,1
483,18:13:00,18:13:00,8,3,,0,0,1
483,18:25:00,18:25:00,18,4,,0,0,1
483,18:29:00,18:29:00,17,5,,0,0,1
484,18:05:00,18:05:00,87,1,,0,0,1
484,18:14:00,18:14:00,20,2,,0,0,1
484,18:28:00,18:28:00,19,3,,0,0,1
484,18:38:00,18:38:00,4,4,,0,0,1
484,18:41:00,18:41:00,17,5,,0,0,1
485,18:18:00,18:18:00,87,1,,0,0,1
485,18:27:00,18:27:00,20,2,,0,0,1
485,18:39:00,18:39:00,8,3,,0,0,1
485,18:51:00,18:51:00,18,4,,0,0,1
485,18:55:00,18:55:00,17,5,,0,0,1
486,18:31:00,18:31:00,87,1,,0,0,1
486,18:40:00,18:40:00,20,2,,0,0,1
486,18:54:00,18:54:00,19,3,,0,0,1
486,19:04:00,19:04:00,4,4,,0,0,1
486,19:07:00,19:07:00,17,5,,0,0,1
487,18:44:00,18:44:00,87,1,,0,0,1
487,18:53:00,18:53:00,20,2,,0,0,1
487,19:05:00,19:05:00,8,3,,0,0,1
487,19:17:00,19:17:00,18,4,,0,0,1
487,19:21:00,19:21:00,17,5,,0,0,1
488,18:57:00,18:57:00,87,1,,0,0,1
488,19:06:00,19:06:00,20,2,,0,0,1
488,19:20:00,19:20:00,19,3,,0,0,1
488,19:30:00,19:30:00,4,4,,0,0,1
488,19:33:00,19:33:00,17,5,,0,0,1
489,19:10:00,19:10:00,87,1,,0,0,1
489,19:19:00,19:19:00,20,2,,0,0,1
489,19:31:00,19:31:00,8,3,,0,0,1
489,19:43:00,19:43:00,18,4,,0,0,1
489,19:47:00,19:47:00,17,5,,0,0,1
490,19:23:00,19:23:00,87,1,,0,0,1
490,19:32:00,19:32:00,20,2,,0,0,1
490,19:46:00,19:46:00,19,3,,0,0,1
490,19:56:00,19:56:00,4,4,,0,0,1
490,19:59:00,19:59:00,17,5,,0,0,1
491,19:36:00,19:36:00,87,1,,0,0,1
491,19:45:00,19:45:00,20,2,,0,0,1
491,19:57:00,19:57:00,8,3,,0,0,1
491,20:09:00,20:09:00,18,4,,0,0,1
491,20:13:00,20:13:00,17,5,,0,0,1
492,19:49:00,19:49:00,87,1,,0,0,1
492,19:58:00,19:58:00,20,2,,0,0,1
492,20:12:00,20:12:00,19,3,,0,0,1
492,20:22:00,20:22:00,4,4,,0,0,1
492,20:25:00,20:25:00,17,5,,0,0,1
493,20:02:00,20:02:00,87,1,,0,0,1
493,20:11:00,20:11:00,20,2,,0,0,1
493,20:23:00,20:23:00,8,3,,0,0,1
493,20:35:00,20:35:00,18,4,,0,0,1
493,20:39:00,20:39:00,17,5,,0,0,1
494,20:15:00,20:15:00,87,1,,0,0,1
494,20:24:00,20:24:00,20,2,,0,0,1
494,20:38:00,20:38:00,19,3,,0,0,1
494,20:48:00,20:48:00,4,4,,0,0,1
494,20:51:00,20:51:00,17,5,,0,0,1
495,20:28:00,20:28:00,87,1,,0,0,1
495,20:37:00,20:37:00,20,2,,0,0,1
495,20:49:00,20:49:00,8,3,,0,0,1
495,21:01:00,21:01:00,18,4,,0,0,1
495,21:05:00,21:05:00,17,5,,0,0,1
496,20:41:00,20:41:00,87,1,,0,0,1
496,20:50:00,20:50:00,20,2,,0,0,1
496,21:04:00,21:04:00,19,3,,0,0,1
496,21:14:00,21:14:00,4,4,,0,0,1
496,21:17:00,21:17:00,17,5,,0,0,1
497,20:54:00,20:54:00,87,1,,0,0,1
497,21:03:00,21:03:00,20,2,,0,0,1
497,21:15:00,21:15:00,8,3,,0,0,1
497,21:27:00,21:27:00,18,4,,0,0,1
497,21:31:00,21:31:00,17,5,,0,0,1
498,21:17:00,21:17:00,87,1,,0,0,1
498,21:26:00,21:26:00,20,2,,0,0,1
498,21:40:00,21:40:00,19,3,,0,0,1
498,21:50:00,21:50:00,4,4,,0,0,1
498,21:53:00,21:53:00,17,5,,0,0,1
499,08:35:00,08:35:00,17,1,,0,0,1
499,08:44:00,08:44:00,18,2,,0,0,1
499,08:55:00,08:55:00,8,3,,0,0,1
499,09:07:00,09:07:00,20,4,,0,0,1
499,09:11:00,09:11:00,87,5,,0,0,1
500,09:05:00,09:05:00,17,1,,0,0,1
500,09:13:00,09:13:00,4,2,,0,0,1
500,09:23:00,09:23:00,19,3,,0,0,1
500,09:37:00,09:37:00,20,4,,0,0,1
500,09:41:00,09:41:00,87,5,,0,0,1
501,09:30:00,09:30:00,17,1,,0,0,1
501,09:39:00,09:39:00,18,2,,0,0,1
501,09:50:00,09:50:00,8,3,,0,0,1
501,10:02:00,10:02:00,20,4,,0,0,1
501,10:06:00,10:06:00,87,5,,0,0,1
502,10:03:00,10:03:00,17,1,,0,0,1
502,10:11:00,10:11:00,4,2,,0,0,1
502,10:21:00,10:21:00,19,3,,0,0,1
502,10:35:00,10:35:00,20,4,,0,0,1
502,10:39:00,10:39:00,87,5,,0,0,1
503,10:32:00,10:32:00,17,1,,0,0,1
503,10:41:00,10:41:00,18,2,,0,0,1
503,10:52:00,10:52:00,8,3,,0,0,1
503,11:04:00,11:04:00,20,4,,0,0,1
503,11:08:00,11:08:00,87,5,,0,0,1
504,10:43:00,10:43:00,17,1,,0,0,1
504,10:51:00,10:51:00,4,2,,0,0,1
504,11:01:00,11:01:00,19,3,,0,0,1
504,11:15:00,11:15:00,20,4,,0,0,1
504,11:19:00,11:19:00,87,5,,0,0,1
505,11:02:00,11:02:00,17,1,,0,0,1
505,11:11:00,11:11:00,18,2,,0,0,1
505,11:22:00,11:22:00,8,3,,0,0,1
505,11:34:00,11:34:00,20,4,,0,0,1
505,11:38:00,11:38:00,87,5,,0,0,1
506,11:16:00,11:16:00,17,1,,0,0,1
506,11:24:00,11:24:00,4,2,,0,0,1
506,11:34:00,11:34:00,19,3,,0,0,1
506,11:48:00,11:48:00,20,4,,0,0,1
506,11:52:00,11:52:00,87,5,,0,0,1
507,11:30:00,11:30:00,17,1,,0,0,1
507,11:39:00,11:39:00,18,2,,0,0,1
507,11:50:00,11:50:00,8,3,,0,0,1
507,12:02:00,12:02:00,20,4,,0,0,1
507,12:06:00,12:06:00,87,5,,0,0,1
508,11:44:00,11:44:00,17,1,,0,0,1
508,11:52:00,11:52:00,4,2,,0,0,1
508,12:02:00,12:02:00,19,3,,0,0,1
508,12:16:00,12:16:00,20,4,,0,0,1
508,12:20:00,12:20:00,87,5,,0,0,1
509,11:56:00,11:56:00,17,1,,0,0,1
509,12:05:00,12:05:00,18,2,,0,0,1
509,12:16:00,12:16:00,8,3,,0,0,1
509,12:28:00,12:28:00,20,4,,0,0,1
509,12:32:00,12:32:00,87,5,,0,0,1
510,12:10:00,12:10:00,17,1,,0,0,1
510,12:18:00,12:18:00,4,2,,0,0,1
510,12:28:00,12:28:00,19,3,,0,0,1
510,12:42:00,12:42:00,20,4,,0,0,1
510,12:46:00,12:46:00,87,5,,0,0,1
511,12:22:00,12:22:00,17,1,,0,0,1
511,12:31:00,12:31:00,18,2,,0,0,1
511,12:42:00,12:42:00,8,3,,0,0,1
511,12:54:00,12:54:00,20,4,,0,0,1
511,12:58:00,12:58:00,87,5,,0,0,1
512,12:36:00,12:36:00,17,1,,0,0,1
512,12:44:00,12:44:00,4,2,,0,0,1
512,12:54:00,12:54:00,19,3,,0,0,1
512,13:08:00,13:08:00,20,4,,0,0,1
512,13:12:00,13:12:00,87,5,,0,0,1
513,12:48:00,12:48:00,17,1,,0,0,1
513,12:57:00,12:57:00,18,2,,0,0,1
513,13:08:00,13:08:00,8,3,,0,0,1
513,13:20:00,13:20:00,20,4,,0,0,1
513,13:24:00,13:24:00,87,5,,0,0,1
514,13:02:00,13:02:00,17,1,,0,0,1
514,13:10:00,13:10:00,4,2,,0,0,1
514,13:20:00,13:20:00,19,3,,0,0,1
514,13:34:00,13:34:00,20,4,,0,0,1
514,13:38:00,13:38:00,87,5,,0,0,1
515,13:14:00,13:14:00,17,1,,0,0,1
515,13:23:00,13:23:00,18,2,,0,0,1
515,13:34:00,13:34:00,8,3,,0,0,1
515,13:46:00,13:46:00,20,4,,0,0,1
515,13:50:00,13:50:00,87,5,,0,0,1
516,13:28:00,13:28:00,17,1,,0,0,1
516,13:36:00,13:36:00,4,2,,0,0,1
516,13:46:00,13:46:00,19,3,,0,0,1
516,14:00:00,14:00:00,20,4,,0,0,1
516,14:04:00,14:04:00,87,5,,0,0,1
517,13:40:00,13:40:00,17,1,,0,0,1
517,13:49:00,13:49:00,18,2,,0,0,1
517,14:00:00,14:00:00,8,3,,0,0,1
517,14:12:00,14:12:00,20,4,,0,0,1
517,14:16:00,14:16:00,87,5,,0,0,1
518,13:54:00,13:54:00,17,1,,0,0,1
518,14:02:00,14:02:00,4,2,,0,0,1
518,14:12:00,14:12:00,19,3,,0,0,1
518,14:26:00,14:26:00,20,4,,0,0,1
518,14:30:00,14:30:00,87,5,,0,0,1
519,14:06:00,14:06:00,17,1,,0,0,1
519,14:15:00,14:15:00,18,2,,0,0,1
519,14:26:00,14:26:00,8,3,,0,0,1
519,14:38:00,14:38:00,20,4,,0,0,1
519,14:42:00,14:42:00,87,5,,0,0,1
520,14:20:00,14:20:00,17,1,,0,0,1
520,14:28:00,14:28:00,4,2,,0,0,1
520,14:38:00,14:38:00,19,3,,0,0,1
520,14:52:00,14:52:00,20,4,,0,0,1
520,14:56:00,14:56:00,87,5,,0,0,1
521,14:32:00,14:32:00,17,1,,0,0,1
521,14:41:00,14:41:00,18,2,,0,0,1
521,14:52:00,14:52:00,8,3,,0,0,1
521,15:04:00,15:04:00,20,4,,0,0,1
521,15:08:00,15:08:00,87,5,,0,0,1
522,14:46:00,14:46:00,17,1,,0,0,1
522,14:54:00,14:54:00,4,2,,0,0,1
522,15:04:00,15:04:00,19,3,,0,0,1
522,15:18:00,15:18:00,20,4,,0,0,1
522,15:22:00,15:22:00,87,5,,0,0,1
523,14:58:00,14:58:00,17,1,,0,0,1
523,15:07:00,15:07:00,18,2,,0,0,1
523,15:18:00,15:18:00,8,3,,0,0,1
523,15:30:00,15:30:00,20,4,,0,0,1
523,15:34:00,15:34:00,87,5,,0,0,1
524,15:12:00,15:12:00,17,1,,0,0,1
524,15:20:00,15:20:00,4,2,,0,0,1
524,15:30:00,15:30:00,19,3,,0,0,1
524,15:44:00,15:44:00,20,4,,0,0,1
524,15:48:00,15:48:00,87,5,,0,0,1
525,15:24:00,15:24:00,17,1,,0,0,1
525,15:33:00,15:33:00,18,2,,0,0,1
525,15:44:00,15:44:00,8,3,,0,0,1
525,15:56:00,15:56:00,20,4,,0,0,1
525,16:00:00,16:00:00,87,5,,0,0,1
526,15:49:00,15:49:00,17,1,,0,0,1
526,15:57:00,15:57:00,4,2,,0,0,1
526,16:07:00,16:07:00,19,3,,0,0,1
526,16:21:00,16:21:00,20,4,,0,0,1
526,16:25:00,16:25:00,87,5,,0,0,1
527,16:12:00,16:12:00,17,1,,0,0,1
527,16:21:00,16:21:00,18,2,,0,0,1
527,16:32:00,16:32:00,8,3,,0,0,1
527,16:44:00,16:44:00,20,4,,0,0,1
527,16:48:00,16:48:00,87,5,,0,0,1
528,16:26:00,16:26:00,17,1,,0,0,1
528,16:34:00,16:34:00,4,2,,0,0,1
528,16:44:00,16:44:00,19,3,,0,0,1
528,16:58:00,16:58:00,20,4,,0,0,1
528,17:02:00,17:02:00,87,5,,0,0,1
529,16:38:00,16:38:00,17,1,,0,0,1
529,16:47:00,16:47:00,18,2,,0,0,1
529,16:58:00,16:58:00,8,3,,0,0,1
529,17:10:00,17:10:00,20,4,,0,0,1
529,17:14:00,17:14:00,87,5,,0,0,1
530,16:52:00,16:52:00,17,1,,0,0,1
530,17:00:00,17:00:00,4,2,,0,0,1
530,17:10:00,17:10:00,19,3,,0,0,1
530,17:24:00,17:24:00,20,4,,0,0,1
530,17:28:00,17:28:00,87,5,,0,0,1
531,17:04:00,17:04:00,17,1,,0,0,1
531,17:13:00,17:13:00,18,2,,0,0,1
531,17:24:00,17:24:00,8,3,,0,0,1
531,17:36:00,17:36:00,20,4,,0,0,1
531,17:40:00,17:40:00,87,5,,0,0,1
532,17:18:00,17:18:00,17,1,,0,0,1
532,17:26:00,17:26:00,4,2,,0,0,1
532,17:36:00,17:36:00,19,3,,0,0,1
532,17:50:00,17:50:00,20,4,,0,0,1
532,17:54:00,17:54:00,87,5,,0,0,1
533,17:30:00,17:30:00,17,1,,0,0,1
533,17:39:00,17:39:00,18,2,,0,0,1
533,17:50:00,17:50:00,8,3,,0,0,1
533,18:02:00,18:02:00,20,4,,0,0,1
533,18:06:00,18:06:00,87,5,,0,0,1
534,17:44:00,17:44:00,17,1,,0,0,1
534,17:52:00,17:52:00,4,2,,0,0,1
534,18:02:00,18:02:00,19,3,,0,0,1
534,18:16:00,18:16:00,20,4,,0,0,1
534,18:20:00,18:20:00,87,5,,0,0,1
538,17:56:00,17:56:00,17,1,,0,0,1
538,18:05:00,18:05:00,18,2,,0,0,1
538,18:16:00,18:16:00,8,3,,0,0,1
538,18:28:00,18:28:00,20,4,,0,0,1
538,18:32:00,18:32:00,87,5,,0,0,1
542,18:10:00,18:10:00,17,1,,0,0,1
542,18:18:00,18:18:00,4,2,,0,0,1
542,18:28:00,18:28:00,19,3,,0,0,1
542,18:42:00,18:42:00,20,4,,0,0,1
542,18:46:00,18:46:00,87,5,,0,0,1
543,18:22:00,18:22:00,17,1,,0,0,1
543,18:31:00,18:31:00,18,2,,0,0,1
543,18:42:00,18:42:00,8,3,,0,0,1
543,18:54:00,18:54:00,20,4,,0,0,1
543,18:58:00,18:58:00,87,5,,0,0,1
544,18:36:00,18:36:00,17,1,,0,0,1
544,18:44:00,18:44:00,4,2,,0,0,1
544,18:54:00,18:54:00,19,3,,0,0,1
544,19:08:00,19:08:00,20,4,,0,0,1
544,19:12:00,19:12:00,87,5,,0,0,1
545,18:48:00,18:48:00,17,1,,0,0,1
545,18:57:00,18:57:00,18,2,,0,0,1
545,19:08:00,19:08:00,8,3,,0,0,1
545,19:20:00,19:20:00,20,4,,0,0,1
545,19:24:00,19:24:00,87,5,,0,0,1
546,19:02:00,19:02:00,17,1,,0,0,1
546,19:10:00,19:10:00,4,2,,0,0,1
546,19:20:00,19:20:00,19,3,,0,0,1
546,19:34:00,19:34:00,20,4,,0,0,1
546,19:38:00,19:38:00,87,5,,0,0,1
547,19:14:00,19:14:00,17,1,,0,0,1
547,19:23:00,19:23:00,18,2,,0,0,1
547,19:34:00,19:34:00,8,3,,0,0,1
547,19:46:00,19:46:00,20,4,,0,0,1
547,19:50:00,19:50:00,87,5,,0,0,1
548,19:28:00,19:28:00,17,1,,0,0,1
548,19:36:00,19:36:00,4,2,,0,0,1
548,19:46:00,19:46:00,19,3,,0,0,1
548,20:00:00,20:00:00,20,4,,0,0,1
548,20:04:00,20:04:00,87,5,,0,0,1
549,19:40:00,19:40:00,17,1,,0,0,1
549,19:49:00,19:49:00,18,2,,0,0,1
549,20:00:00,20:00:00,8,3,,0,0,1
549,20:12:00,20:12:00,20,4,,0,0,1
549,20:16:00,20:16:00,87,5,,0,0,1
550,19:54:00,19:54:00,17,1,,0,0,1
550,20:02:00,20:02:00,4,2,,0,0,1
550,20:12:00,20:12:00,19,3,,0,0,1
550,20:26:00,20:26:00,20,4,,0,0,1
550,20:30:00,20:30:00,87,5,,0,0,1
551,20:06:00,20:06:00,17,1,,0,0,1
551,20:15:00,20:15:00,18,2,,0,0,1
551,20:26:00,20:26:00,8,3,,0,0,1
551,20:38:00,20:38:00,20,4,,0,0,1
551,20:42:00,20:42:00,87,5,,0,0,1
552,20:20:00,20:20:00,17,1,,0,0,1
552,20:28:00,20:28:00,4,2,,0,0,1
552,20:38:00,20:38:00,19,3,,0,0,1
552,20:52:00,20:52:00,20,4,,0,0,1
552,20:56:00,20:56:00,87,5,,0,0,1
553,20:32:00,20:32:00,17,1,,0,0,1
553,20:41:00,20:41:00,18,2,,0,0,1
553,20:52:00,20:52:00,8,3,,0,0,1
553,21:04:00,21:04:00,20,4,,0,0,1
553,21:08:00,21:08:00,87,5,,0,0,1
554,20:58:00,20:58:00,17,1,,0,0,1
554,21:06:00,21:06:00,4,2,,0,0,1
554,21:16:00,21:16:00,19,3,,0,0,1
554,21:30:00,21:30:00,20,4,,0,0,1
554,21:34:00,21:34:00,87,5,,0,0,1
555,21:38:00,21:38:00,17,1,,0,0,1
555,21:47:00,21:47:00,18,2,,0,0,1
555,21:58:00,21:58:00,8,3,,0,0,1
555,22:10:00,22:10:00,20,4,,0,0,1
555,22:14:00,22:14:00,87,5,,0,0,1
556,05:05:00,05:05:00,88,1,,0,0,1
556,05:47:00,05:47:00,118,2,,0,0,1
556,06:05:00,06:05:00,87,3,,0,0,1
556,06:19:00,06:19:00,114,4,,0,0,1
556,06:28:00,06:28:00,17,5,,0,0,1
556,06:46:00,06:46:00,113,6,,0,0,1
556,07:05:00,07:05:00,112,7,,0,0,1
556,07:08:00,07:08:00,141,8,,0,0,1
557,05:49:00,05:49:00,88,1,,0,0,1
557,06:31:00,06:31:00,118,2,,0,0,1
557,06:49:00,06:49:00,87,3,,0,0,1
557,07:03:00,07:03:00,114,4,,0,0,1
557,07:12:00,07:12:00,17,5,,0,0,1
557,07:30:00,07:30:00,113,6,,0,0,1
557,07:49:00,07:49:00,112,7,,0,0,1
557,07:52:00,07:52:00,141,8,,0,0,1
558,06:33:00,06:33:00,88,1,,0,0,1
558,07:15:00,07:15:00,118,2,,0,0,1
558,07:33:00,07:33:00,87,3,,0,0,1
558,07:47:00,07:47:00,114,4,,0,0,1
558,07:56:00,07:56:00,17,5,,0,0,1
558,08:14:00,08:14:00,113,6,,0,0,1
558,08:33:00,08:33:00,112,7,,0,0,1
558,08:36:00,08:36:00,141,8,,0,0,1
559,07:15:00,07:15:00,88,1,,0,0,1
559,07:57:00,07:57:00,118,2,,0,0,1
559,08:15:00,08:15:00,87,3,,0,0,1
559,08:29:00,08:29:00,114,4,,0,0,1
559,08:38:00,08:38:00,17,5,,0,0,1
559,08:56:00,08:56:00,113,6,,0,0,1
559,09:15:00,09:15:00,112,7,,0,0,1
559,09:18:00,09:18:00,141,8,,0,0,1
560,07:59:00,07:59:00,88,1,,0,0,1
560,08:41:00,08:41:00,118,2,,0,0,1
560,08:59:00,08:59:00,87,3,,0,0,1
560,09:13:00,09:13:00,114,4,,0,0,1
560,09:22:00,09:22:00,17,5,,0,0,1
560,09:40:00,09:40:00,113,6,,0,0,1
560,09:59:00,09:59:00,112,7,,0,0,1
560,10:02:00,10:02:00,141,8,,0,0,1
561,08:43:00,08:43:00,88,1,,0,0,1
561,09:25:00,09:25:00,118,2,,0,0,1
561,09:43:00,09:43:00,87,3,,0,0,1
561,09:57:00,09:57:00,114,4,,0,0,1
561,10:06:00,10:06:00,17,5,,0,0,1
561,10:24:00,10:24:00,113,6,,0,0,1
561,10:43:00,10:43:00,112,7,,0,0,1
561,10:46:00,10:46:00,141,8,,0,0,1
562,09:52:00,09:52:00,88,1,,0,0,1
562,10:36:00,10:36:00,118,2,,0,0,1
562,10:57:00,10:57:00,87,3,,0,0,1
562,11:11:00,11:11:00,114,4,,0,0,1
562,11:20:00,11:20:00,17,5,,0,0,1
562,11:32:00,11:32:00,113,6,,0,0,1
562,11:51:00,11:51:00,112,7,,0,0,1
562,11:54:00,11:54:00,141,8,,0,0,1
563,11:02:00,11:02:00,88,1,,0,0,1
563,11:46:00,11:46:00,118,2,,0,0,1
563,12:07:00,12:07:00,87,3,,0,0,1
563,12:21:00,12:21:00,114,4,,0,0,1
563,12:30:00,12:30:00,17,5,,0,0,1
563,12:42:00,12:42:00,113,6,,0,0,1
563,13:01:00,13:01:00,112,7,,0,0,1
563,13:04:00,13:04:00,141,8,,0,0,1
564,12:08:00,12:08:00,88,1,,0,0,1
564,12:52:00,12:52:00,118,2,,0,0,1
564,13:13:00,13:13:00,87,3,,0,0,1
564,13:27:00,13:27:00,114,4,,0,0,1
564,13:36:00,13:36:00,17,5,,0,0,1
564,13:48:00,13:48:00,113,6,,0,0,1
564,14:07:00,14:07:00,112,7,,0,0,1
564,14:10:00,14:10:00,141,8,,0,0,1
565,13:14:00,13:14:00,88,1,,0,0,1
565,13:58:00,13:58:00,118,2,,0,0,1
565,14:19:00,14:19:00,87,3,,0,0,1
565,14:33:00,14:33:00,114,4,,0,0,1
565,14:42:00,14:42:00,17,5,,0,0,1
565,14:54:00,14:54:00,113,6,,0,0,1
565,15:13:00,15:13:00,112,7,,0,0,1
565,15:16:00,15:16:00,141,8,,0,0,1
566,14:18:00,14:18:00,88,1,,0,0,1
566,15:02:00,15:02:00,118,2,,0,0,1
566,15:23:00,15:23:00,87,3,,0,0,1
566,15:37:00,15:37:00,114,4,,0,0,1
566,15:46:00,15:46:00,17,5,,0,0,1
566,15:58:00,15:58:00,113,6,,0,0,1
566,16:17:00,16:17:00,112,7,,0,0,1
566,16:20:00,16:20:00,141,8,,0,0,1
567,15:28:00,15:28:00,88,1,,0,0,1
567,16:12:00,16:12:00,118,2,,0,0,1
567,16:33:00,16:33:00,87,3,,0,0,1
567,16:47:00,16:47:00,114,4,,0,0,1
567,16:56:00,16:56:00,17,5,,0,0,1
567,17:08:00,17:08:00,113,6,,0,0,1
567,17:27:00,17:27:00,112,7,,0,0,1
567,17:30:00,17:30:00,141,8,,0,0,1
568,16:12:00,16:12:00,88,1,,0,0,1
568,16:56:00,16:56:00,118,2,,0,0,1
568,17:17:00,17:17:00,87,3,,0,0,1
568,17:31:00,17:31:00,114,4,,0,0,1
568,17:40:00,17:40:00,17,5,,0,0,1
568,17:52:00,17:52:00,113,6,,0,0,1
568,18:11:00,18:11:00,112,7,,0,0,1
568,18:14:00,18:14:00,141,8,,0,0,1
569,16:56:00,16:56:00,88,1,,0,0,1
569,17:40:00,17:40:00,118,2,,0,0,1
569,18:01:00,18:01:00,87,3,,0,0,1
569,18:15:00,18:15:00,114,4,,0,0,1
569,18:24:00,18:24:00,17,5,,0,0,1
569,18:36:00,18:36:00,113,6,,0,0,1
569,18:55:00,18:55:00,112,7,,0,0,1
569,18:58:00,18:58:00,141,8,,0,0,1
570,17:40:00,17:40:00,88,1,,0,0,1
570,18:24:00,18:24:00,118,2,,0,0,1
570,18:45:00,18:45:00,87,3,,0,0,1
570,18:59:00,18:59:00,114,4,,0,0,1
570,19:08:00,19:08:00,17,5,,0,0,1
570,19:20:00,19:20:00,113,6,,0,0,1
570,19:39:00,19:39:00,112,7,,0,0,1
570,19:42:00,19:42:00,141,8,,0,0,1
571,18:21:00,18:21:00,88,1,,0,0,1
571,19:05:00,19:05:00,118,2,,0,0,1
571,19:26:00,19:26:00,87,3,,0,0,1
571,19:40:00,19:40:00,114,4,,0,0,1
571,19:49:00,19:49:00,17,5,,0,0,1
571,20:01:00,20:01:00,113,6,,0,0,1
571,20:20:00,20:20:00,112,7,,0,0,1
571,20:23:00,20:23:00,141,8,,0,0,1
572,19:05:00,19:05:00,88,1,,0,0,1
572,19:49:00,19:49:00,118,2,,0,0,1
572,20:10:00,20:10:00,87,3,,0,0,1
572,20:24:00,20:24:00,114,4,,0,0,1
572,20:33:00,20:33:00,17,5,,0,0,1
572,20:45:00,20:45:00,113,6,,0,0,1
572,21:04:00,21:04:00,112,7,,0,0,1
572,21:07:00,21:07:00,141,8,,0,0,1
573,19:51:00,19:51:00,88,1,,0,0,1
573,20:35:00,20:35:00,118,2,,0,0,1
573,20:48:00,20:48:00,87,3,,0,0,1
574,20:35:00,20:35:00,88,1,,0,0,1
574,21:19:00,21:19:00,118,2,,0,0,1
574,21:32:00,21:32:00,87,3,,0,0,1
575,05:03:00,05:03:00,141,1,,0,0,1
575,05:11:00,05:11:00,112,2,,0,0,1
575,05:30:00,05:30:00,113,3,,0,0,1
575,05:44:00,05:44:00,17,4,,0,0,1
575,05:51:00,05:51:00,114,5,,0,0,1
575,06:10:00,06:10:00,87,6,,0,0,1
575,06:26:00,06:26:00,118,7,,0,0,1
575,07:05:00,07:05:00,88,8,,0,0,1
600,05:47:00,05:47:00,141,1,,0,0,1
600,05:55:00,05:55:00,112,2,,0,0,1
600,06:14:00,06:14:00,113,3,,0,0,1
600,06:28:00,06:28:00,17,4,,0,0,1
600,06:35:00,06:35:00,114,5,,0,0,1
600,06:54:00,06:54:00,87,6,,0,0,1
600,07:10:00,07:10:00,118,7,,0,0,1
600,07:49:00,07:49:00,88,8,,0,0,1
602,06:31:00,06:31:00,141,1,,0,0,1
602,06:39:00,06:39:00,112,2,,0,0,1
602,06:58:00,06:58:00,113,3,,0,0,1
602,07:12:00,07:12:00,17,4,,0,0,1
602,07:19:00,07:19:00,114,5,,0,0,1
602,07:38:00,07:38:00,87,6,,0,0,1
602,07:54:00,07:54:00,118,7,,0,0,1
602,08:33:00,08:33:00,88,8,,0,0,1
606,07:14:00,07:14:00,141,1,,0,0,1
606,07:22:00,07:22:00,112,2,,0,0,1
606,07:41:00,07:41:00,113,3,,0,0,1
606,07:55:00,07:55:00,17,4,,0,0,1
606,08:02:00,08:02:00,114,5,,0,0,1
606,08:21:00,08:21:00,87,6,,0,0,1
606,08:37:00,08:37:00,118,7,,0,0,1
606,09:16:00,09:16:00,88,8,,0,0,1
608,07:58:00,07:58:00,141,1,,0,0,1
608,08:06:00,08:06:00,112,2,,0,0,1
608,08:25:00,08:25:00,113,3,,0,0,1
608,08:39:00,08:39:00,17,4,,0,0,1
608,08:46:00,08:46:00,114,5,,0,0,1
608,09:05:00,09:05:00,87,6,,0,0,1
608,09:21:00,09:21:00,118,7,,0,0,1
608,10:00:00,10:00:00,88,8,,0,0,1
610,08:42:00,08:42:00,141,1,,0,0,1
610,08:50:00,08:50:00,112,2,,0,0,1
610,09:09:00,09:09:00,113,3,,0,0,1
610,09:23:00,09:23:00,17,4,,0,0,1
610,09:30:00,09:30:00,114,5,,0,0,1
610,09:49:00,09:49:00,87,6,,0,0,1
610,10:05:00,10:05:00,118,7,,0,0,1
610,10:44:00,10:44:00,88,8,,0,0,1
616,09:24:00,09:24:00,141,1,,0,0,1
616,09:32:00,09:32:00,112,2,,0,0,1
616,09:51:00,09:51:00,113,3,,0,0,1
616,10:05:00,10:05:00,17,4,,0,0,1
616,10:12:00,10:12:00,114,5,,0,0,1
616,10:31:00,10:31:00,87,6,,0,0,1
616,10:47:00,10:47:00,118,7,,0,0,1
616,11:26:00,11:26:00,88,8,,0,0,1
617,10:08:00,10:08:00,141,1,,0,0,1
617,10:16:00,10:16:00,112,2,,0,0,1
617,10:35:00,10:35:00,113,3,,0,0,1
617,10:49:00,10:49:00,17,4,,0,0,1
617,10:56:00,10:56:00,114,5,,0,0,1
617,11:15:00,11:15:00,87,6,,0,0,1
617,11:31:00,11:31:00,118,7,,0,0,1
617,12:10:00,12:10:00,88,8,,0,0,1
618,10:52:00,10:52:00,141,1,,0,0,1
618,11:00:00,11:00:00,112,2,,0,0,1
618,11:19:00,11:19:00,113,3,,0,0,1
618,11:33:00,11:33:00,17,4,,0,0,1
618,11:40:00,11:40:00,114,5,,0,0,1
618,11:59:00,11:59:00,87,6,,0,0,1
618,12:15:00,12:15:00,118,7,,0,0,1
618,12:54:00,12:54:00,88,8,,0,0,1
619,12:00:00,12:00:00,141,1,,0,0,1
619,12:08:00,12:08:00,112,2,,0,0,1
619,12:27:00,12:27:00,113,3,,0,0,1
619,12:41:00,12:41:00,17,4,,0,0,1
619,12:48:00,12:48:00,114,5,,0,0,1
619,13:09:00,13:09:00,87,6,,0,0,1
619,13:26:00,13:26:00,118,7,,0,0,1
619,14:07:00,14:07:00,88,8,,0,0,1
620,13:10:00,13:10:00,141,1,,0,0,1
620,13:18:00,13:18:00,112,2,,0,0,1
620,13:37:00,13:37:00,113,3,,0,0,1
620,13:51:00,13:51:00,17,4,,0,0,1
620,13:58:00,13:58:00,114,5,,0,0,1
620,14:19:00,14:19:00,87,6,,0,0,1
620,14:36:00,14:36:00,118,7,,0,0,1
620,15:17:00,15:17:00,88,8,,0,0,1
621,14:16:00,14:16:00,141,1,,0,0,1
621,14:24:00,14:24:00,112,2,,0,0,1
621,14:43:00,14:43:00,113,3,,0,0,1
621,14:57:00,14:57:00,17,4,,0,0,1
621,15:04:00,15:04:00,114,5,,0,0,1
621,15:25:00,15:25:00,87,6,,0,0,1
621,15:42:00,15:42:00,118,7,,0,0,1
621,16:23:00,16:23:00,88,8,,0,0,1
623,15:22:00,15:22:00,141,1,,0,0,1
623,15:30:00,15:30:00,112,2,,0,0,1
623,15:49:00,15:49:00,113,3,,0,0,1
623,16:03:00,16:03:00,17,4,,0,0,1
623,16:10:00,16:10:00,114,5,,0,0,1
623,16:31:00,16:31:00,87,6,,0,0,1
623,16:48:00,16:48:00,118,7,,0,0,1
623,17:29:00,17:29:00,88,8,,0,0,1
625,16:06:00,16:06:00,141,1,,0,0,1
625,16:14:00,16:14:00,112,2,,0,0,1
625,16:33:00,16:33:00,113,3,,0,0,1
625,16:47:00,16:47:00,17,4,,0,0,1
625,16:54:00,16:54:00,114,5,,0,0,1
625,17:15:00,17:15:00,87,6,,0,0,1
625,17:31:00,17:31:00,118,7,,0,0,1
625,18:10:00,18:10:00,88,8,,0,0,1
627,16:50:00,16:50:00,141,1,,0,0,1
627,16:58:00,16:58:00,112,2,,0,0,1
627,17:17:00,17:17:00,113,3,,0,0,1
627,17:31:00,17:31:00,17,4,,0,0,1
627,17:38:00,17:38:00,114,5,,0,0,1
627,17:59:00,17:59:00,87,6,,0,0,1
627,18:15:00,18:15:00,118,7,,0,0,1
627,18:54:00,18:54:00,88,8,,0,0,1
629,17:36:00,17:36:00,141,1,,0,0,1
629,17:44:00,17:44:00,112,2,,0,0,1
629,18:03:00,18:03:00,113,3,,0,0,1
629,18:17:00,18:17:00,17,4,,0,0,1
629,18:24:00,18:24:00,114,5,,0,0,1
629,18:45:00,18:45:00,87,6,,0,0,1
629,19:01:00,19:01:00,118,7,,0,0,1
629,19:40:00,19:40:00,88,8,,0,0,1
635,18:20:00,18:20:00,141,1,,0,0,1
635,18:28:00,18:28:00,112,2,,0,0,1
635,18:47:00,18:47:00,113,3,,0,0,1
635,19:01:00,19:01:00,17,4,,0,0,1
635,19:08:00,19:08:00,114,5,,0,0,1
635,19:29:00,19:29:00,87,6,,0,0,1
635,19:45:00,19:45:00,118,7,,0,0,1
635,20:24:00,20:24:00,88,8,,0,0,1
637,19:04:00,19:04:00,141,1,,0,0,1
637,19:12:00,19:12:00,112,2,,0,0,1
637,19:31:00,19:31:00,113,3,,0,0,1
637,19:45:00,19:45:00,17,4,,0,0,1
637,19:52:00,19:52:00,114,5,,0,0,1
637,20:13:00,20:13:00,87,6,,0,0,1
637,20:29:00,20:29:00,118,7,,0,0,1
637,21:08:00,21:08:00,88,8,,0,0,1
638,19:48:00,19:48:00,141,1,,0,0,1
638,19:56:00,19:56:00,112,2,,0,0,1
638,20:15:00,20:15:00,113,3,,0,0,1
638,20:29:00,20:29:00,17,4,,0,0,1
638,20:36:00,20:36:00,114,5,,0,0,1
638,20:47:00,20:47:00,87,6,,0,0,1
639,20:29:00,20:29:00,141,1,,0,0,1
639,20:37:00,20:37:00,112,2,,0,0,1
639,20:56:00,20:56:00,113,3,,0,0,1
639,21:10:00,21:10:00,17,4,,0,0,1
639,21:17:00,21:17:00,114,5,,0,0,1
639,21:28:00,21:28:00,87,6,,0,0,1
640,09:05:00,09:05:00,87,1,,0,0,1
640,09:19:00,09:19:00,114,2,,0,0,1
640,09:30:00,09:30:00,17,3,,0,0,1
640,09:45:00,09:45:00,113,4,,0,0,1
640,10:04:00,10:04:00,112,5,,0,0,1
640,10:07:00,10:07:00,141,6,,0,0,1
641,10:52:00,10:52:00,88,1,,0,0,1
641,11:37:00,11:37:00,118,2,,0,0,1
641,11:52:00,11:52:00,87,3,,0,0,1
650,08:47:00,08:47:00,88,1,,0,0,1
650,09:33:00,09:33:00,118,2,,0,0,1
650,09:55:00,09:55:00,87,3,,0,0,1
650,10:09:00,10:09:00,114,4,,0,0,1
650,10:20:00,10:20:00,17,5,,0,0,1
650,10:35:00,10:35:00,113,6,,0,0,1
650,10:54:00,10:54:00,112,7,,0,0,1
650,10:57:00,10:57:00,141,8,,0,0,1
651,11:42:00,11:42:00,88,1,,0,0,1
651,12:27:00,12:27:00,118,2,,0,0,1
651,12:42:00,12:42:00,87,3,,0,0,1
652,09:37:00,09:37:00,88,1,,0,0,1
652,10:23:00,10:23:00,118,2,,0,0,1
652,10:45:00,10:45:00,87,3,,0,0,1
652,10:59:00,10:59:00,114,4,,0,0,1
652,11:10:00,11:10:00,17,5,,0,0,1
652,11:25:00,11:25:00,113,6,,0,0,1
652,11:44:00,11:44:00,112,7,,0,0,1
652,11:47:00,11:47:00,141,8,,0,0,1
654,12:31:00,12:31:00,88,1,,0,0,1
654,13:16:00,13:16:00,118,2,,0,0,1
654,13:31:00,13:31:00,87,3,,0,0,1
656,10:27:00,10:27:00,88,1,,0,0,1
656,11:13:00,11:13:00,118,2,,0,0,1
656,11:35:00,11:35:00,87,3,,0,0,1
656,11:49:00,11:49:00,114,4,,0,0,1
656,12:00:00,12:00:00,17,5,,0,0,1
656,12:15:00,12:15:00,113,6,,0,0,1
656,12:34:00,12:34:00,112,7,,0,0,1
656,12:37:00,12:37:00,141,8,,0,0,1
664,13:23:00,13:23:00,88,1,,0,0,1
664,14:08:00,14:08:00,118,2,,0,0,1
664,14:23:00,14:23:00,87,3,,0,0,1
666,11:17:00,11:17:00,88,1,,0,0,1
666,12:03:00,12:03:00,118,2,,0,0,1
666,12:25:00,12:25:00,87,3,,0,0,1
666,12:39:00,12:39:00,114,4,,0,0,1
666,12:50:00,12:50:00,17,5,,0,0,1
666,13:05:00,13:05:00,113,6,,0,0,1
666,13:24:00,13:24:00,112,7,,0,0,1
666,13:27:00,13:27:00,141,8,,0,0,1
668,14:13:00,14:13:00,88,1,,0,0,1
668,14:58:00,14:58:00,118,2,,0,0,1
668,15:13:00,15:13:00,87,3,,0,0,1
670,12:07:00,12:07:00,88,1,,0,0,1
670,12:53:00,12:53:00,118,2,,0,0,1
670,13:15:00,13:15:00,87,3,,0,0,1
670,13:29:00,13:29:00,114,4,,0,0,1
670,13:40:00,13:40:00,17,5,,0,0,1
670,13:55:00,13:55:00,113,6,,0,0,1
670,14:14:00,14:14:00,112,7,,0,0,1
670,14:17:00,14:17:00,141,8,,0,0,1
682,15:02:00,15:02:00,88,1,,0,0,1
682,15:47:00,15:47:00,118,2,,0,0,1
682,16:02:00,16:02:00,87,3,,0,0,1
684,12:57:00,12:57:00,88,1,,0,0,1
684,13:43:00,13:43:00,118,2,,0,0,1
684,14:05:00,14:05:00,87,3,,0,0,1
684,14:19:00,14:19:00,114,4,,0,0,1
684,14:30:00,14:30:00,17,5,,0,0,1
684,14:45:00,14:45:00,113,6,,0,0,1
684,15:04:00,15:04:00,112,7,,0,0,1
684,15:07:00,15:07:00,141,8,,0,0,1
685,15:54:00,15:54:00,88,1,,0,0,1
685,16:39:00,16:39:00,118,2,,0,0,1
685,16:54:00,16:54:00,87,3,,0,0,1
686,13:47:00,13:47:00,88,1,,0,0,1
686,14:33:00,14:33:00,118,2,,0,0,1
686,14:55:00,14:55:00,87,3,,0,0,1
686,15:09:00,15:09:00,114,4,,0,0,1
686,15:20:00,15:20:00,17,5,,0,0,1
686,15:35:00,15:35:00,113,6,,0,0,1
686,15:54:00,15:54:00,112,7,,0,0,1
686,15:57:00,15:57:00,141,8,,0,0,1
688,14:37:00,14:37:00,88,1,,0,0,1
688,15:23:00,15:23:00,118,2,,0,0,1
688,15:45:00,15:45:00,87,3,,0,0,1
688,15:59:00,15:59:00,114,4,,0,0,1
688,16:10:00,16:10:00,17,5,,0,0,1
688,16:25:00,16:25:00,113,6,,0,0,1
688,16:44:00,16:44:00,112,7,,0,0,1
688,16:47:00,16:47:00,141,8,,0,0,1
692,15:27:00,15:27:00,88,1,,0,0,1
692,16:13:00,16:13:00,118,2,,0,0,1
692,16:35:00,16:35:00,87,3,,0,0,1
692,16:49:00,16:49:00,114,4,,0,0,1
692,17:00:00,17:00:00,17,5,,0,0,1
692,17:15:00,17:15:00,113,6,,0,0,1
692,17:34:00,17:34:00,112,7,,0,0,1
692,17:37:00,17:37:00,141,8,,0,0,1
694,18:25:00,18:25:00,88,1,,0,0,1
694,19:10:00,19:10:00,118,2,,0,0,1
694,19:25:00,19:25:00,87,3,,0,0,1
696,16:17:00,16:17:00,88,1,,0,0,1
696,17:03:00,17:03:00,118,2,,0,0,1
696,17:25:00,17:25:00,87,3,,0,0,1
696,17:39:00,17:39:00,114,4,,0,0,1
696,17:50:00,17:50:00,17,5,,0,0,1
696,18:05:00,18:05:00,113,6,,0,0,1
696,18:24:00,18:24:00,112,7,,0,0,1
696,18:27:00,18:27:00,141,8,,0,0,1
700,17:07:00,17:07:00,88,1,,0,0,1
700,17:53:00,17:53:00,118,2,,0,0,1
700,18:15:00,18:15:00,87,3,,0,0,1
700,18:29:00,18:29:00,114,4,,0,0,1
700,18:40:00,18:40:00,17,5,,0,0,1
700,18:55:00,18:55:00,113,6,,0,0,1
700,19:14:00,19:14:00,112,7,,0,0,1
700,19:17:00,19:17:00,141,8,,0,0,1
704,17:57:00,17:57:00,88,1,,0,0,1
704,18:43:00,18:43:00,118,2,,0,0,1
704,19:05:00,19:05:00,87,3,,0,0,1
704,19:19:00,19:19:00,114,4,,0,0,1
704,19:30:00,19:30:00,17,5,,0,0,1
704,19:45:00,19:45:00,113,6,,0,0,1
704,20:04:00,20:04:00,112,7,,0,0,1
704,20:07:00,20:07:00,141,8,,0,0,1
705,18:47:00,18:47:00,88,1,,0,0,1
705,19:33:00,19:33:00,118,2,,0,0,1
705,19:55:00,19:55:00,87,3,,0,0,1
705,20:09:00,20:09:00,114,4,,0,0,1
705,20:20:00,20:20:00,17,5,,0,0,1
705,20:35:00,20:35:00,113,6,,0,0,1
705,20:54:00,20:54:00,112,7,,0,0,1
705,20:57:00,20:57:00,141,8,,0,0,1
707,19:37:00,19:37:00,88,1,,0,0,1
707,20:23:00,20:23:00,118,2,,0,0,1
707,20:45:00,20:45:00,87,3,,0,0,1
707,20:59:00,20:59:00,114,4,,0,0,1
707,21:10:00,21:10:00,17,5,,0,0,1
707,21:25:00,21:25:00,113,6,,0,0,1
707,21:44:00,21:44:00,112,7,,0,0,1
707,21:47:00,21:47:00,141,8,,0,0,1
708,20:27:00,20:27:00,88,1,,0,0,1
708,21:13:00,21:13:00,118,2,,0,0,1
708,21:26:00,21:26:00,87,3,,0,0,1
709,21:17:00,21:17:00,88,1,,0,0,1
709,22:03:00,22:03:00,118,2,,0,0,1
709,22:16:00,22:16:00,87,3,,0,0,1
710,07:52:00,07:52:00,141,1,,0,0,1
710,08:00:00,08:00:00,112,2,,0,0,1
710,08:24:00,08:24:00,113,3,,0,0,1
710,08:42:00,08:42:00,17,4,,0,0,1
710,08:49:00,08:49:00,114,5,,0,0,1
710,09:10:00,09:10:00,87,6,,0,0,1
710,09:28:00,09:28:00,118,7,,0,0,1
710,10:11:00,10:11:00,88,8,,0,0,1
711,09:36:00,09:36:00,87,1,,0,0,1
711,09:54:00,09:54:00,118,2,,0,0,1
711,10:37:00,10:37:00,88,3,,0,0,1
712,08:42:00,08:42:00,141,1,,0,0,1
712,08:50:00,08:50:00,112,2,,0,0,1
712,09:14:00,09:14:00,113,3,,0,0,1
712,09:32:00,09:32:00,17,4,,0,0,1
712,09:39:00,09:39:00,114,5,,0,0,1
712,10:00:00,10:00:00,87,6,,0,0,1
712,10:18:00,10:18:00,118,7,,0,0,1
712,11:01:00,11:01:00,88,8,,0,0,1
713,10:26:00,10:26:00,87,1,,0,0,1
713,10:44:00,10:44:00,118,2,,0,0,1
713,11:27:00,11:27:00,88,3,,0,0,1
714,09:32:00,09:32:00,141,1,,0,0,1
714,09:40:00,09:40:00,112,2,,0,0,1
714,10:04:00,10:04:00,113,3,,0,0,1
714,10:22:00,10:22:00,17,4,,0,0,1
714,10:29:00,10:29:00,114,5,,0,0,1
714,10:50:00,10:50:00,87,6,,0,0,1
714,11:08:00,11:08:00,118,7,,0,0,1
714,11:51:00,11:51:00,88,8,,0,0,1
715,11:15:00,11:15:00,87,1,,0,0,1
715,11:33:00,11:33:00,118,2,,0,0,1
715,12:16:00,12:16:00,88,3,,0,0,1
716,10:22:00,10:22:00,141,1,,0,0,1
716,10:30:00,10:30:00,112,2,,0,0,1
716,10:54:00,10:54:00,113,3,,0,0,1
716,11:12:00,11:12:00,17,4,,0,0,1
716,11:19:00,11:19:00,114,5,,0,0,1
716,11:40:00,11:40:00,87,6,,0,0,1
716,11:58:00,11:58:00,118,7,,0,0,1
716,12:41:00,12:41:00,88,8,,0,0,1
717,12:07:00,12:07:00,87,1,,0,0,1
717,12:25:00,12:25:00,118,2,,0,0,1
717,13:08:00,13:08:00,88,3,,0,0,1
718,11:12:00,11:12:00,141,1,,0,0,1
718,11:20:00,11:20:00,112,2,,0,0,1
718,11:44:00,11:44:00,113,3,,0,0,1
718,12:02:00,12:02:00,17,4,,0,0,1
718,12:09:00,12:09:00,114,5,,0,0,1
718,12:30:00,12:30:00,87,6,,0,0,1
718,12:48:00,12:48:00,118,7,,0,0,1
718,13:31:00,13:31:00,88,8,,0,0,1
720,12:57:00,12:57:00,87,1,,0,0,1
720,13:15:00,13:15:00,118,2,,0,0,1
720,13:58:00,13:58:00,88,3,,0,0,1
724,12:02:00,12:02:00,141,1,,0,0,1
724,12:10:00,12:10:00,112,2,,0,0,1
724,12:34:00,12:34:00,113,3,,0,0,1
724,12:52:00,12:52:00,17,4,,0,0,1
724,12:59:00,12:59:00,114,5,,0,0,1
724,13:20:00,13:20:00,87,6,,0,0,1
724,13:38:00,13:38:00,118,7,,0,0,1
724,14:21:00,14:21:00,88,8,,0,0,1
725,13:46:00,13:46:00,87,1,,0,0,1
725,14:04:00,14:04:00,118,2,,0,0,1
725,14:47:00,14:47:00,88,3,,0,0,1
726,12:52:00,12:52:00,141,1,,0,0,1
726,13:00:00,13:00:00,112,2,,0,0,1
726,13:24:00,13:24:00,113,3,,0,0,1
726,13:42:00,13:42:00,17,4,,0,0,1
726,13:49:00,13:49:00,114,5,,0,0,1
726,14:10:00,14:10:00,87,6,,0,0,1
726,14:28:00,14:28:00,118,7,,0,0,1
726,15:11:00,15:11:00,88,8,,0,0,1
727,14:38:00,14:38:00,87,1,,0,0,1
727,14:56:00,14:56:00,118,2,,0,0,1
727,15:39:00,15:39:00,88,3,,0,0,1
728,13:42:00,13:42:00,141,1,,0,0,1
728,13:50:00,13:50:00,112,2,,0,0,1
728,14:14:00,14:14:00,113,3,,0,0,1
728,14:32:00,14:32:00,17,4,,0,0,1
728,14:39:00,14:39:00,114,5,,0,0,1
728,15:00:00,15:00:00,87,6,,0,0,1
728,15:18:00,15:18:00,118,7,,0,0,1
728,16:01:00,16:01:00,88,8,,0,0,1
729,15:28:00,15:28:00,87,1,,0,0,1
729,15:46:00,15:46:00,118,2,,0,0,1
729,16:29:00,16:29:00,88,3,,0,0,1
730,14:32:00,14:32:00,141,1,,0,0,1
730,14:40:00,14:40:00,112,2,,0,0,1
730,15:04:00,15:04:00,113,3,,0,0,1
730,15:22:00,15:22:00,17,4,,0,0,1
730,15:29:00,15:29:00,114,5,,0,0,1
730,15:50:00,15:50:00,87,6,,0,0,1
730,16:08:00,16:08:00,118,7,,0,0,1
730,16:51:00,16:51:00,88,8,,0,0,1
731,16:17:00,16:17:00,87,1,,0,0,1
731,16:35:00,16:35:00,118,2,,0,0,1
731,17:18:00,17:18:00,88,3,,0,0,1
732,15:22:00,15:22:00,141,1,,0,0,1
732,15:30:00,15:30:00,112,2,,0,0,1
732,15:54:00,15:54:00,113,3,,0,0,1
732,16:12:00,16:12:00,17,4,,0,0,1
732,16:19:00,16:19:00,114,5,,0,0,1
732,16:40:00,16:40:00,87,6,,0,0,1
732,16:58:00,16:58:00,118,7,,0,0,1
732,17:41:00,17:41:00,88,8,,0,0,1
734,17:09:00,17:09:00,87,1,,0,0,1
734,17:27:00,17:27:00,118,2,,0,0,1
734,18:10:00,18:10:00,88,3,,0,0,1
740,16:12:00,16:12:00,141,1,,0,0,1
740,16:20:00,16:20:00,112,2,,0,0,1
740,16:44:00,16:44:00,113,3,,0,0,1
740,17:02:00,17:02:00,17,4,,0,0,1
740,17:09:00,17:09:00,114,5,,0,0,1
740,17:30:00,17:30:00,87,6,,0,0,1
740,17:48:00,17:48:00,118,7,,0,0,1
740,18:31:00,18:31:00,88,8,,0,0,1
742,17:02:00,17:02:00,141,1,,0,0,1
742,17:10:00,17:10:00,112,2,,0,0,1
742,17:34:00,17:34:00,113,3,,0,0,1
742,17:52:00,17:52:00,17,4,,0,0,1
742,17:59:00,17:59:00,114,5,,0,0,1
742,18:20:00,18:20:00,87,6,,0,0,1
742,18:38:00,18:38:00,118,7,,0,0,1
742,19:21:00,19:21:00,88,8,,0,0,1
744,17:52:00,17:52:00,141,1,,0,0,1
744,18:00:00,18:00:00,112,2,,0,0,1
744,18:24:00,18:24:00,113,3,,0,0,1
744,18:42:00,18:42:00,17,4,,0,0,1
744,18:49:00,18:49:00,114,5,,0,0,1
744,19:10:00,19:10:00,87,6,,0,0,1
744,19:28:00,19:28:00,118,7,,0,0,1
744,20:11:00,20:11:00,88,8,,0,0,1
745,18:42:00,18:42:00,141,1,,0,0,1
745,18:50:00,18:50:00,112,2,,0,0,1
745,19:14:00,19:14:00,113,3,,0,0,1
745,19:32:00,19:32:00,17,4,,0,0,1
745,19:39:00,19:39:00,114,5,,0,0,1
745,20:00:00,20:00:00,87,6,,0,0,1
745,20:18:00,20:18:00,118,7,,0,0,1
745,21:01:00,21:01:00,88,8,,0,0,1
746,19:32:00,19:32:00,141,1,,0,0,1
746,19:40:00,19:40:00,112,2,,0,0,1
746,20:04:00,20:04:00,113,3,,0,0,1
746,20:22:00,20:22:00,17,4,,0,0,1
746,20:29:00,20:29:00,114,5,,0,0,1
746,20:50:00,20:50:00,87,6,,0,0,1
746,21:08:00,21:08:00,118,7,,0,0,1
746,21:51:00,21:51:00,88,8,,0,0,1
747,20:22:00,20:22:00,141,1,,0,0,1
747,20:30:00,20:30:00,112,2,,0,0,1
747,20:54:00,20:54:00,113,3,,0,0,1
747,21:12:00,21:12:00,17,4,,0,0,1
747,21:19:00,21:19:00,114,5,,0,0,1
747,21:30:00,21:30:00,87,6,,0,0,1
748,06:21:00,06:21:00,137,1,,0,0,1
748,06:32:00,06:32:00,23,2,,0,0,1
748,06:49:00,06:49:00,11,3,,0,0,1
748,06:53:00,06:53:00,87,4,,0,0,1
750,06:22:00,06:22:00,138,1,,0,0,1
750,06:37:00,06:37:00,136,2,,0,0,1
750,06:58:00,06:58:00,137,3,,0,0,1
750,07:09:00,07:09:00,23,4,,0,0,1
750,07:26:00,07:26:00,11,5,,0,0,1
750,07:30:00,07:30:00,87,6,,0,0,1
751,06:54:00,06:54:00,138,1,,0,0,1
751,07:09:00,07:09:00,136,2,,0,0,1
751,07:30:00,07:30:00,137,3,,0,0,1
751,07:41:00,07:41:00,23,4,,0,0,1
751,07:58:00,07:58:00,11,5,,0,0,1
751,08:02:00,08:02:00,87,6,,0,0,1
752,07:30:00,07:30:00,138,1,,0,0,1
752,07:45:00,07:45:00,136,2,,0,0,1
752,08:06:00,08:06:00,137,3,,0,0,1
752,08:17:00,08:17:00,23,4,,0,0,1
752,08:34:00,08:34:00,11,5,,0,0,1
752,08:38:00,08:38:00,87,6,,0,0,1
753,08:14:00,08:14:00,138,1,,0,0,1
753,08:29:00,08:29:00,136,2,,0,0,1
753,08:50:00,08:50:00,137,3,,0,0,1
753,09:01:00,09:01:00,23,4,,0,0,1
753,09:18:00,09:18:00,11,5,,0,0,1
753,09:22:00,09:22:00,87,6,,0,0,1
754,08:51:00,08:51:00,138,1,,0,0,1
754,09:06:00,09:06:00,136,2,,0,0,1
754,09:27:00,09:27:00,137,3,,0,0,1
754,09:38:00,09:38:00,23,4,,0,0,1
754,09:55:00,09:55:00,11,5,,0,0,1
754,09:59:00,09:59:00,87,6,,0,0,1
755,09:23:00,09:23:00,138,1,,0,0,1
755,09:38:00,09:38:00,136,2,,0,0,1
755,09:59:00,09:59:00,137,3,,0,0,1
755,10:10:00,10:10:00,23,4,,0,0,1
755,10:27:00,10:27:00,11,5,,0,0,1
755,10:31:00,10:31:00,87,6,,0,0,1
756,10:13:00,10:13:00,138,1,,0,0,1
756,10:28:00,10:28:00,136,2,,0,0,1
756,10:49:00,10:49:00,137,3,,0,0,1
756,11:00:00,11:00:00,23,4,,0,0,1
756,11:17:00,11:17:00,11,5,,0,0,1
756,11:21:00,11:21:00,87,6,,0,0,1
757,11:20:00,11:20:00,138,1,,0,0,1
757,11:35:00,11:35:00,136,2,,0,0,1
757,11:56:00,11:56:00,137,3,,0,0,1
757,12:07:00,12:07:00,23,4,,0,0,1
757,12:24:00,12:24:00,11,5,,0,0,1
757,12:28:00,12:28:00,87,6,,0,0,1
758,12:10:00,12:10:00,138,1,,0,0,1
758,12:25:00,12:25:00,136,2,,0,0,1
758,12:46:00,12:46:00,137,3,,0,0,1
758,12:57:00,12:57:00,23,4,,0,0,1
758,13:14:00,13:14:00,11,5,,0,0,1
758,13:18:00,13:18:00,87,6,,0,0,1
759,13:00:00,13:00:00,138,1,,0,0,1
759,13:15:00,13:15:00,136,2,,0,0,1
759,13:36:00,13:36:00,137,3,,0,0,1
759,13:47:00,13:47:00,23,4,,0,0,1
759,14:04:00,14:04:00,11,5,,0,0,1
759,14:08:00,14:08:00,87,6,,0,0,1
762,13:50:00,13:50:00,138,1,,0,0,1
762,14:05:00,14:05:00,136,2,,0,0,1
762,14:26:00,14:26:00,137,3,,0,0,1
762,14:37:00,14:37:00,23,4,,0,0,1
762,14:54:00,14:54:00,11,5,,0,0,1
762,14:58:00,14:58:00,87,6,,0,0,1
763,14:40:00,14:40:00,138,1,,0,0,1
763,14:55:00,14:55:00,136,2,,0,0,1
763,15:16:00,15:16:00,137,3,,0,0,1
763,15:27:00,15:27:00,23,4,,0,0,1
763,15:44:00,15:44:00,11,5,,0,0,1
763,15:48:00,15:48:00,87,6,,0,0,1
775,15:30:00,15:30:00,138,1,,0,0,1
775,15:45:00,15:45:00,136,2,,0,0,1
775,16:06:00,16:06:00,137,3,,0,0,1
775,16:17:00,16:17:00,23,4,,0,0,1
775,16:34:00,16:34:00,11,5,,0,0,1
775,16:38:00,16:38:00,87,6,,0,0,1
856,16:20:00,16:20:00,138,1,,0,0,1
856,16:35:00,16:35:00,136,2,,0,0,1
856,16:56:00,16:56:00,137,3,,0,0,1
856,17:07:00,17:07:00,23,4,,0,0,1
856,17:24:00,17:24:00,11,5,,0,0,1
856,17:28:00,17:28:00,87,6,,0,0,1
857,16:54:00,16:54:00,138,1,,0,0,1
857,17:09:00,17:09:00,136,2,,0,0,1
857,17:30:00,17:30:00,137,3,,0,0,1
857,17:41:00,17:41:00,23,4,,0,0,1
857,17:58:00,17:58:00,11,5,,0,0,1
857,18:02:00,18:02:00,87,6,,0,0,1
858,17:31:00,17:31:00,138,1,,0,0,1
858,17:46:00,17:46:00,136,2,,0,0,1
858,18:07:00,18:07:00,137,3,,0,0,1
858,18:18:00,18:18:00,23,4,,0,0,1
858,18:35:00,18:35:00,11,5,,0,0,1
858,18:39:00,18:39:00,87,6,,0,0,1
859,18:04:00,18:04:00,138,1,,0,0,1
859,18:19:00,18:19:00,136,2,,0,0,1
859,18:40:00,18:40:00,137,3,,0,0,1
859,18:51:00,18:51:00,23,4,,0,0,1
859,19:08:00,19:08:00,11,5,,0,0,1
859,19:12:00,19:12:00,87,6,,0,0,1
860,18:49:00,18:49:00,138,1,,0,0,1
860,19:04:00,19:04:00,136,2,,0,0,1
860,19:25:00,19:25:00,137,3,,0,0,1
860,19:36:00,19:36:00,23,4,,0,0,1
860,19:53:00,19:53:00,11,5,,0,0,1
860,19:57:00,19:57:00,87,6,,0,0,1
861,19:26:00,19:26:00,138,1,,0,0,1
861,19:41:00,19:41:00,136,2,,0,0,1
861,20:02:00,20:02:00,137,3,,0,0,1
861,20:13:00,20:13:00,23,4,,0,0,1
861,20:30:00,20:30:00,11,5,,0,0,1
861,20:34:00,20:34:00,87,6,,0,0,1
862,20:12:00,20:12:00,138,1,,0,0,1
862,20:27:00,20:27:00,136,2,,0,0,1
862,20:48:00,20:48:00,137,3,,0,0,1
862,20:59:00,20:59:00,23,4,,0,0,1
862,21:16:00,21:16:00,11,5,,0,0,1
862,21:20:00,21:20:00,87,6,,0,0,1
863,21:00:00,21:00:00,138,1,,0,0,1
863,21:15:00,21:15:00,136,2,,0,0,1
863,21:36:00,21:36:00,137,3,,0,0,1
863,21:47:00,21:47:00,23,4,,0,0,1
863,22:04:00,22:04:00,11,5,,0,0,1
863,22:08:00,22:08:00,87,6,,0,0,1
919,06:16:00,06:16:00,137,1,,0,0,1
919,06:36:00,06:36:00,136,2,,0,0,1
919,06:48:00,06:48:00,138,3,,0,0,1
920,06:15:00,06:15:00,87,1,,0,0,1
920,06:22:00,06:22:00,11,2,,0,0,1
920,06:40:00,06:40:00,23,3,,0,0,1
920,06:52:00,06:52:00,137,4,,0,0,1
920,07:12:00,07:12:00,136,5,,0,0,1
920,07:24:00,07:24:00,138,6,,0,0,1
921,06:59:00,06:59:00,87,1,,0,0,1
921,07:06:00,07:06:00,11,2,,0,0,1
921,07:24:00,07:24:00,23,3,,0,0,1
921,07:36:00,07:36:00,137,4,,0,0,1
921,07:56:00,07:56:00,136,5,,0,0,1
921,08:08:00,08:08:00,138,6,,0,0,1
922,07:36:00,07:36:00,87,1,,0,0,1
922,07:43:00,07:43:00,11,2,,0,0,1
922,08:01:00,08:01:00,23,3,,0,0,1
922,08:13:00,08:13:00,137,4,,0,0,1
922,08:33:00,08:33:00,136,5,,0,0,1
922,08:45:00,08:45:00,138,6,,0,0,1
923,08:08:00,08:08:00,87,1,,0,0,1
923,08:15:00,08:15:00,11,2,,0,0,1
923,08:33:00,08:33:00,23,3,,0,0,1
923,08:45:00,08:45:00,137,4,,0,0,1
923,09:05:00,09:05:00,136,5,,0,0,1
923,09:17:00,09:17:00,138,6,,0,0,1
924,08:44:00,08:44:00,87,1,,0,0,1
924,08:51:00,08:51:00,11,2,,0,0,1
924,09:09:00,09:09:00,23,3,,0,0,1
924,09:21:00,09:21:00,137,4,,0,0,1
924,09:41:00,09:41:00,136,5,,0,0,1
924,09:53:00,09:53:00,138,6,,0,0,1
925,09:28:00,09:28:00,87,1,,0,0,1
925,09:35:00,09:35:00,11,2,,0,0,1
925,09:53:00,09:53:00,23,3,,0,0,1
925,10:05:00,10:05:00,137,4,,0,0,1
925,10:25:00,10:25:00,136,5,,0,0,1
925,10:37:00,10:37:00,138,6,,0,0,1
926,10:05:00,10:05:00,87,1,,0,0,1
926,10:12:00,10:12:00,11,2,,0,0,1
926,10:30:00,10:30:00,23,3,,0,0,1
926,10:42:00,10:42:00,137,4,,0,0,1
926,11:02:00,11:02:00,136,5,,0,0,1
926,11:14:00,11:14:00,138,6,,0,0,1
927,10:37:00,10:37:00,87,1,,0,0,1
927,10:44:00,10:44:00,11,2,,0,0,1
927,11:02:00,11:02:00,23,3,,0,0,1
927,11:14:00,11:14:00,137,4,,0,0,1
927,11:34:00,11:34:00,136,5,,0,0,1
927,11:46:00,11:46:00,138,6,,0,0,1
928,11:27:00,11:27:00,87,1,,0,0,1
928,11:34:00,11:34:00,11,2,,0,0,1
928,11:52:00,11:52:00,23,3,,0,0,1
928,12:04:00,12:04:00,137,4,,0,0,1
928,12:24:00,12:24:00,136,5,,0,0,1
928,12:36:00,12:36:00,138,6,,0,0,1
929,12:34:00,12:34:00,87,1,,0,0,1
929,12:41:00,12:41:00,11,2,,0,0,1
929,12:59:00,12:59:00,23,3,,0,0,1
929,13:11:00,13:11:00,137,4,,0,0,1
929,13:31:00,13:31:00,136,5,,0,0,1
929,13:43:00,13:43:00,138,6,,0,0,1
930,13:24:00,13:24:00,87,1,,0,0,1
930,13:31:00,13:31:00,11,2,,0,0,1
930,13:49:00,13:49:00,23,3,,0,0,1
930,14:01:00,14:01:00,137,4,,0,0,1
930,14:21:00,14:21:00,136,5,,0,0,1
930,14:33:00,14:33:00,138,6,,0,0,1
931,14:14:00,14:14:00,87,1,,0,0,1
931,14:21:00,14:21:00,11,2,,0,0,1
931,14:39:00,14:39:00,23,3,,0,0,1
931,14:51:00,14:51:00,137,4,,0,0,1
931,15:11:00,15:11:00,136,5,,0,0,1
931,15:23:00,15:23:00,138,6,,0,0,1
934,15:04:00,15:04:00,87,1,,0,0,1
934,15:11:00,15:11:00,11,2,,0,0,1
934,15:29:00,15:29:00,23,3,,0,0,1
934,15:41:00,15:41:00,137,4,,0,0,1
934,16:01:00,16:01:00,136,5,,0,0,1
934,16:13:00,16:13:00,138,6,,0,0,1
935,15:54:00,15:54:00,87,1,,0,0,1
935,16:01:00,16:01:00,11,2,,0,0,1
935,16:19:00,16:19:00,23,3,,0,0,1
935,16:31:00,16:31:00,137,4,,0,0,1
935,16:51:00,16:51:00,136,5,,0,0,1
935,17:03:00,17:03:00,138,6,,0,0,1
936,16:44:00,16:44:00,87,1,,0,0,1
936,16:51:00,16:51:00,11,2,,0,0,1
936,17:09:00,17:09:00,23,3,,0,0,1
936,17:21:00,17:21:00,137,4,,0,0,1
936,17:41:00,17:41:00,136,5,,0,0,1
936,17:53:00,17:53:00,138,6,,0,0,1
937,17:34:00,17:34:00,87,1,,0,0,1
937,17:41:00,17:41:00,11,2,,0,0,1
937,17:59:00,17:59:00,23,3,,0,0,1
937,18:11:00,18:11:00,137,4,,0,0,1
937,18:31:00,18:31:00,136,5,,0,0,1
937,18:43:00,18:43:00,138,6,,0,0,1
938,18:08:00,18:08:00,87,1,,0,0,1
938,18:15:00,18:15:00,11,2,,0,0,1
938,18:33:00,18:33:00,23,3,,0,0,1
938,18:45:00,18:45:00,137,4,,0,0,1
938,19:05:00,19:05:00,136,5,,0,0,1
938,19:17:00,19:17:00,138,6,,0,0,1
939,18:53:00,18:53:00,87,1,,0,0,1
939,19:00:00,19:00:00,11,2,,0,0,1
939,19:18:00,19:18:00,23,3,,0,0,1
939,19:30:00,19:30:00,137,4,,0,0,1
939,19:50:00,19:50:00,136,5,,0,0,1
939,20:02:00,20:02:00,138,6,,0,0,1
940,19:18:00,19:18:00,87,1,,0,0,1
940,19:25:00,19:25:00,11,2,,0,0,1
940,19:43:00,19:43:00,23,3,,0,0,1
940,19:55:00,19:55:00,137,4,,0,0,1
940,20:15:00,20:15:00,136,5,,0,0,1
940,20:27:00,20:27:00,138,6,,0,0,1
941,20:03:00,20:03:00,87,1,,0,0,1
941,20:10:00,20:10:00,11,2,,0,0,1
941,20:28:00,20:28:00,23,3,,0,0,1
941,20:40:00,20:40:00,137,4,,0,0,1
941,21:00:00,21:00:00,136,5,,0,0,1
941,21:12:00,21:12:00,138,6,,0,0,1
942,20:40:00,20:40:00,87,1,,0,0,1
942,20:47:00,20:47:00,11,2,,0,0,1
942,21:05:00,21:05:00,23,3,,0,0,1
942,21:17:00,21:17:00,137,4,,0,0,1
942,21:37:00,21:37:00,136,5,,0,0,1
942,21:49:00,21:49:00,138,6,,0,0,1
943,09:04:00,09:04:00,138,1,,0,0,1
943,09:19:00,09:19:00,136,2,,0,0,1
943,09:42:00,09:42:00,137,3,,0,0,1
943,09:53:00,09:53:00,23,4,,0,0,1
943,10:10:00,10:10:00,11,5,,0,0,1
943,10:14:00,10:14:00,87,6,,0,0,1
947,09:55:00,09:55:00,138,1,,0,0,1
947,10:10:00,10:10:00,136,2,,0,0,1
947,10:33:00,10:33:00,137,3,,0,0,1
947,10:44:00,10:44:00,23,4,,0,0,1
947,11:01:00,11:01:00,11,5,,0,0,1
947,11:05:00,11:05:00,87,6,,0,0,1
948,10:33:00,10:33:00,138,1,,0,0,1
948,10:48:00,10:48:00,136,2,,0,0,1
948,11:11:00,11:11:00,137,3,,0,0,1
948,11:22:00,11:22:00,23,4,,0,0,1
948,11:39:00,11:39:00,11,5,,0,0,1
948,11:43:00,11:43:00,87,6,,0,0,1
949,11:04:00,11:04:00,138,1,,0,0,1
949,11:19:00,11:19:00,136,2,,0,0,1
949,11:42:00,11:42:00,137,3,,0,0,1
949,11:53:00,11:53:00,23,4,,0,0,1
949,12:10:00,12:10:00,11,5,,0,0,1
949,12:14:00,12:14:00,87,6,,0,0,1
950,11:36:00,11:36:00,138,1,,0,0,1
950,11:51:00,11:51:00,136,2,,0,0,1
950,12:14:00,12:14:00,137,3,,0,0,1
950,12:25:00,12:25:00,23,4,,0,0,1
950,12:42:00,12:42:00,11,5,,0,0,1
950,12:46:00,12:46:00,87,6,,0,0,1
951,12:27:00,12:27:00,138,1,,0,0,1
951,12:42:00,12:42:00,136,2,,0,0,1
951,13:05:00,13:05:00,137,3,,0,0,1
951,13:16:00,13:16:00,23,4,,0,0,1
951,13:33:00,13:33:00,11,5,,0,0,1
951,13:37:00,13:37:00,87,6,,0,0,1
952,13:05:00,13:05:00,138,1,,0,0,1
952,13:20:00,13:20:00,136,2,,0,0,1
952,13:43:00,13:43:00,137,3,,0,0,1
952,13:54:00,13:54:00,23,4,,0,0,1
952,14:11:00,14:11:00,11,5,,0,0,1
952,14:15:00,14:15:00,87,6,,0,0,1
953,13:43:00,13:43:00,138,1,,0,0,1
953,13:58:00,13:58:00,136,2,,0,0,1
953,14:21:00,14:21:00,137,3,,0,0,1
953,14:32:00,14:32:00,23,4,,0,0,1
953,14:49:00,14:49:00,11,5,,0,0,1
953,14:53:00,14:53:00,87,6,,0,0,1
954,14:21:00,14:21:00,138,1,,0,0,1
954,14:36:00,14:36:00,136,2,,0,0,1
954,14:59:00,14:59:00,137,3,,0,0,1
954,15:10:00,15:10:00,23,4,,0,0,1
954,15:27:00,15:27:00,11,5,,0,0,1
954,15:31:00,15:31:00,87,6,,0,0,1
955,14:59:00,14:59:00,138,1,,0,0,1
955,15:14:00,15:14:00,136,2,,0,0,1
955,15:37:00,15:37:00,137,3,,0,0,1
955,15:48:00,15:48:00,23,4,,0,0,1
955,16:05:00,16:05:00,11,5,,0,0,1
955,16:09:00,16:09:00,87,6,,0,0,1
956,15:49:00,15:49:00,138,1,,0,0,1
956,16:04:00,16:04:00,136,2,,0,0,1
956,16:27:00,16:27:00,137,3,,0,0,1
956,16:38:00,16:38:00,23,4,,0,0,1
956,16:55:00,16:55:00,11,5,,0,0,1
956,16:59:00,16:59:00,87,6,,0,0,1
957,16:39:00,16:39:00,138,1,,0,0,1
957,16:54:00,16:54:00,136,2,,0,0,1
957,17:17:00,17:17:00,137,3,,0,0,1
957,17:28:00,17:28:00,23,4,,0,0,1
957,17:45:00,17:45:00,11,5,,0,0,1
957,17:49:00,17:49:00,87,6,,0,0,1
958,17:17:00,17:17:00,138,1,,0,0,1
958,17:32:00,17:32:00,136,2,,0,0,1
958,17:55:00,17:55:00,137,3,,0,0,1
958,18:06:00,18:06:00,23,4,,0,0,1
958,18:23:00,18:23:00,11,5,,0,0,1
958,18:27:00,18:27:00,87,6,,0,0,1
959,17:55:00,17:55:00,138,1,,0,0,1
959,18:10:00,18:10:00,136,2,,0,0,1
959,18:33:00,18:33:00,137,3,,0,0,1
959,18:44:00,18:44:00,23,4,,0,0,1
959,19:01:00,19:01:00,11,5,,0,0,1
959,19:05:00,19:05:00,87,6,,0,0,1
960,18:33:00,18:33:00,138,1,,0,0,1
960,18:48:00,18:48:00,136,2,,0,0,1
960,19:11:00,19:11:00,137,3,,0,0,1
960,19:22:00,19:22:00,23,4,,0,0,1
960,19:39:00,19:39:00,11,5,,0,0,1
960,19:43:00,19:43:00,87,6,,0,0,1
961,19:11:00,19:11:00,138,1,,0,0,1
961,19:26:00,19:26:00,136,2,,0,0,1
961,19:49:00,19:49:00,137,3,,0,0,1
961,20:00:00,20:00:00,23,4,,0,0,1
961,20:17:00,20:17:00,11,5,,0,0,1
961,20:21:00,20:21:00,87,6,,0,0,1
962,19:49:00,19:49:00,138,1,,0,0,1
962,20:04:00,20:04:00,136,2,,0,0,1
962,20:27:00,20:27:00,137,3,,0,0,1
962,20:38:00,20:38:00,23,4,,0,0,1
962,20:55:00,20:55:00,11,5,,0,0,1
962,20:59:00,20:59:00,87,6,,0,0,1
963,20:27:00,20:27:00,138,1,,0,0,1
963,20:42:00,20:42:00,136,2,,0,0,1
963,21:05:00,21:05:00,137,3,,0,0,1
963,21:16:00,21:16:00,23,4,,0,0,1
963,21:33:00,21:33:00,11,5,,0,0,1
963,21:37:00,21:37:00,87,6,,0,0,1
964,21:05:00,21:05:00,138,1,,0,0,1
964,21:20:00,21:20:00,136,2,,0,0,1
964,21:43:00,21:43:00,137,3,,0,0,1
964,21:54:00,21:54:00,23,4,,0,0,1
964,22:11:00,22:11:00,11,5,,0,0,1
964,22:15:00,22:15:00,87,6,,0,0,1
965,09:17:00,09:17:00,87,1,,0,0,1
965,09:24:00,09:24:00,11,2,,0,0,1
965,09:41:00,09:41:00,23,3,,0,0,1
965,09:54:00,09:54:00,137,4,,0,0,1
965,10:15:00,10:15:00,136,5,,0,0,1
965,10:27:00,10:27:00,138,6,,0,0,1
966,10:20:00,10:20:00,87,1,,0,0,1
966,10:27:00,10:27:00,11,2,,0,0,1
966,10:44:00,10:44:00,23,3,,0,0,1
966,10:57:00,10:57:00,137,4,,0,0,1
966,11:18:00,11:18:00,136,5,,0,0,1
966,11:30:00,11:30:00,138,6,,0,0,1
967,11:11:00,11:11:00,87,1,,0,0,1
967,11:18:00,11:18:00,11,2,,0,0,1
967,11:35:00,11:35:00,23,3,,0,0,1
967,11:48:00,11:48:00,137,4,,0,0,1
967,12:09:00,12:09:00,136,5,,0,0,1
967,12:21:00,12:21:00,138,6,,0,0,1
968,11:49:00,11:49:00,87,1,,0,0,1
968,11:56:00,11:56:00,11,2,,0,0,1
968,12:13:00,12:13:00,23,3,,0,0,1
968,12:26:00,12:26:00,137,4,,0,0,1
968,12:47:00,12:47:00,136,5,,0,0,1
968,12:59:00,12:59:00,138,6,,0,0,1
969,12:20:00,12:20:00,87,1,,0,0,1
969,12:27:00,12:27:00,11,2,,0,0,1
969,12:44:00,12:44:00,23,3,,0,0,1
969,12:57:00,12:57:00,137,4,,0,0,1
969,13:18:00,13:18:00,136,5,,0,0,1
969,13:30:00,13:30:00,138,6,,0,0,1
970,12:52:00,12:52:00,87,1,,0,0,1
970,12:59:00,12:59:00,11,2,,0,0,1
970,13:16:00,13:16:00,23,3,,0,0,1
970,13:29:00,13:29:00,137,4,,0,0,1
970,13:50:00,13:50:00,136,5,,0,0,1
970,14:02:00,14:02:00,138,6,,0,0,1
971,13:43:00,13:43:00,87,1,,0,0,1
971,13:50:00,13:50:00,11,2,,0,0,1
971,14:07:00,14:07:00,23,3,,0,0,1
971,14:20:00,14:20:00,137,4,,0,0,1
971,14:41:00,14:41:00,136,5,,0,0,1
971,14:53:00,14:53:00,138,6,,0,0,1
972,14:21:00,14:21:00,87,1,,0,0,1
972,14:28:00,14:28:00,11,2,,0,0,1
972,14:45:00,14:45:00,23,3,,0,0,1
972,14:58:00,14:58:00,137,4,,0,0,1
972,15:19:00,15:19:00,136,5,,0,0,1
972,15:31:00,15:31:00,138,6,,0,0,1
973,14:59:00,14:59:00,87,1,,0,0,1
973,15:06:00,15:06:00,11,2,,0,0,1
973,15:23:00,15:23:00,23,3,,0,0,1
973,15:36:00,15:36:00,137,4,,0,0,1
973,15:57:00,15:57:00,136,5,,0,0,1
973,16:09:00,16:09:00,138,6,,0,0,1
974,15:37:00,15:37:00,87,1,,0,0,1
974,15:44:00,15:44:00,11,2,,0,0,1
974,16:01:00,16:01:00,23,3,,0,0,1
974,16:14:00,16:14:00,137,4,,0,0,1
974,16:35:00,16:35:00,136,5,,0,0,1
974,16:47:00,16:47:00,138,6,,0,0,1
975,16:15:00,16:15:00,87,1,,0,0,1
975,16:22:00,16:22:00,11,2,,0,0,1
975,16:39:00,16:39:00,23,3,,0,0,1
975,16:52:00,16:52:00,137,4,,0,0,1
975,17:13:00,17:13:00,136,5,,0,0,1
975,17:25:00,17:25:00,138,6,,0,0,1
976,17:05:00,17:05:00,87,1,,0,0,1
976,17:12:00,17:12:00,11,2,,0,0,1
976,17:29:00,17:29:00,23,3,,0,0,1
976,17:42:00,17:42:00,137,4,,0,0,1
976,18:03:00,18:03:00,136,5,,0,0,1
976,18:15:00,18:15:00,138,6,,0,0,1
977,17:55:00,17:55:00,87,1,,0,0,1
977,18:02:00,18:02:00,11,2,,0,0,1
977,18:19:00,18:19:00,23,3,,0,0,1
977,18:32:00,18:32:00,137,4,,0,0,1
977,18:53:00,18:53:00,136,5,,0,0,1
977,19:05:00,19:05:00,138,6,,0,0,1
982,18:33:00,18:33:00,87,1,,0,0,1
982,18:40:00,18:40:00,11,2,,0,0,1
982,18:57:00,18:57:00,23,3,,0,0,1
982,19:10:00,19:10:00,137,4,,0,0,1
982,19:31:00,19:31:00,136,5,,0,0,1
982,19:43:00,19:43:00,138,6,,0,0,1
983,19:11:00,19:11:00,87,1,,0,0,1
983,19:18:00,19:18:00,11,2,,0,0,1
983,19:35:00,19:35:00,23,3,,0,0,1
983,19:48:00,19:48:00,137,4,,0,0,1
983,20:09:00,20:09:00,136,5,,0,0,1
983,20:21:00,20:21:00,138,6,,0,0,1
984,19:49:00,19:49:00,87,1,,0,0,1
984,19:56:00,19:56:00,11,2,,0,0,1
984,20:13:00,20:13:00,23,3,,0,0,1
984,20:26:00,20:26:00,137,4,,0,0,1
984,20:47:00,20:47:00,136,5,,0,0,1
984,20:59:00,20:59:00,138,6,,0,0,1
985,20:27:00,20:27:00,87,1,,0,0,1
985,20:34:00,20:34:00,11,2,,0,0,1
985,20:51:00,20:51:00,23,3,,0,0,1
985,21:04:00,21:04:00,137,4,,0,0,1
985,21:25:00,21:25:00,136,5,,0,0,1
985,21:37:00,21:37:00,138,6,,0,0,1
986,21:05:00,21:05:00,87,1,,0,0,1
986,21:12:00,21:12:00,11,2,,0,0,1
986,21:29:00,21:29:00,23,3,,0,0,1
986,21:42:00,21:42:00,137,4,,0,0,1
986,22:03:00,22:03:00,136,5,,0,0,1
986,22:15:00,22:15:00,138,6,,0,0,1
987,06:22:00,06:22:00,87,1,,0,0,1
987,06:34:00,06:34:00,120,2,,0,0,1
987,06:49:00,06:49:00,17,3,,0,0,1
987,06:56:00,06:56:00,90,4,,0,0,1
987,07:02:00,07:02:00,25,5,,0,0,1
987,07:10:00,07:10:00,89,6,,0,0,1
987,07:14:00,07:14:00,113,7,,0,0,1
988,07:00:00,07:00:00,87,1,,0,0,1
988,07:12:00,07:12:00,120,2,,0,0,1
988,07:27:00,07:27:00,17,3,,0,0,1
988,07:34:00,07:34:00,90,4,,0,0,1
988,07:40:00,07:40:00,25,5,,0,0,1
988,07:48:00,07:48:00,89,6,,0,0,1
988,07:52:00,07:52:00,113,7,,0,0,1
989,07:38:00,07:38:00,87,1,,0,0,1
989,07:50:00,07:50:00,120,2,,0,0,1
989,08:05:00,08:05:00,17,3,,0,0,1
989,08:12:00,08:12:00,90,4,,0,0,1
989,08:18:00,08:18:00,25,5,,0,0,1
989,08:26:00,08:26:00,89,6,,0,0,1
989,08:30:00,08:30:00,113,7,,0,0,1
990,08:16:00,08:16:00,87,1,,0,0,1
990,08:28:00,08:28:00,120,2,,0,0,1
990,08:43:00,08:43:00,17,3,,0,0,1
990,08:50:00,08:50:00,90,4,,0,0,1
990,08:56:00,08:56:00,25,5,,0,0,1
990,09:04:00,09:04:00,89,6,,0,0,1
990,09:08:00,09:08:00,113,7,,0,0,1
991,08:54:00,08:54:00,87,1,,0,0,1
991,09:06:00,09:06:00,120,2,,0,0,1
991,09:21:00,09:21:00,17,3,,0,0,1
991,09:28:00,09:28:00,90,4,,0,0,1
991,09:34:00,09:34:00,25,5,,0,0,1
991,09:42:00,09:42:00,89,6,,0,0,1
991,09:46:00,09:46:00,113,7,,0,0,1
992,09:32:00,09:32:00,87,1,,0,0,1
992,09:44:00,09:44:00,120,2,,0,0,1
992,09:59:00,09:59:00,17,3,,0,0,1
992,10:06:00,10:06:00,90,4,,0,0,1
992,10:12:00,10:12:00,25,5,,0,0,1
992,10:20:00,10:20:00,89,6,,0,0,1
992,10:24:00,10:24:00,113,7,,0,0,1
995,10:29:00,10:29:00,87,1,,0,0,1
995,10:41:00,10:41:00,120,2,,0,0,1
995,10:56:00,10:56:00,17,3,,0,0,1
995,11:03:00,11:03:00,90,4,,0,0,1
995,11:09:00,11:09:00,25,5,,0,0,1
995,11:17:00,11:17:00,89,6,,0,0,1
995,11:21:00,11:21:00,113,7,,0,0,1
996,11:26:00,11:26:00,87,1,,0,0,1
996,11:38:00,11:38:00,120,2,,0,0,1
996,11:53:00,11:53:00,17,3,,0,0,1
996,12:00:00,12:00:00,90,4,,0,0,1
996,12:06:00,12:06:00,25,5,,0,0,1
996,12:14:00,12:14:00,89,6,,0,0,1
996,12:18:00,12:18:00,113,7,,0,0,1
997,12:23:00,12:23:00,87,1,,0,0,1
997,12:35:00,12:35:00,120,2,,0,0,1
997,12:50:00,12:50:00,17,3,,0,0,1
997,12:57:00,12:57:00,90,4,,0,0,1
997,13:03:00,13:03:00,25,5,,0,0,1
997,13:11:00,13:11:00,89,6,,0,0,1
997,13:15:00,13:15:00,113,7,,0,0,1
998,13:20:00,13:20:00,87,1,,0,0,1
998,13:32:00,13:32:00,120,2,,0,0,1
998,13:47:00,13:47:00,17,3,,0,0,1
998,13:54:00,13:54:00,90,4,,0,0,1
998,14:00:00,14:00:00,25,5,,0,0,1
998,14:08:00,14:08:00,89,6,,0,0,1
998,14:12:00,14:12:00,113,7,,0,0,1
999,14:17:00,14:17:00,87,1,,0,0,1
999,14:29:00,14:29:00,120,2,,0,0,1
999,14:44:00,14:44:00,17,3,,0,0,1
999,14:51:00,14:51:00,90,4,,0,0,1
999,14:57:00,14:57:00,25,5,,0,0,1
999,15:05:00,15:05:00,89,6,,0,0,1
999,15:09:00,15:09:00,113,7,,0,0,1
1000,15:17:00,15:17:00,87,1,,0,0,1
1000,15:29:00,15:29:00,120,2,,0,0,1
1000,15:44:00,15:44:00,17,3,,0,0,1
1000,15:51:00,15:51:00,90,4,,0,0,1
1000,15:57:00,15:57:00,25,5,,0,0,1
1000,16:05:00,16:05:00,89,6,,0,0,1
1000,16:09:00,16:09:00,113,7,,0,0,1
1001,16:13:00,16:13:00,87,1,,0,0,1
1001,16:25:00,16:25:00,120,2,,0,0,1
1001,16:42:00,16:42:00,17,3,,0,0,1
1001,16:49:00,16:49:00,90,4,,0,0,1
1001,16:54:00,16:54:00,25,5,,0,0,1
1001,17:02:00,17:02:00,89,6,,0,0,1
1001,17:06:00,17:06:00,113,7,,0,0,1
1002,16:52:00,16:52:00,87,1,,0,0,1
1002,17:04:00,17:04:00,120,2,,0,0,1
1002,17:21:00,17:21:00,17,3,,0,0,1
1002,17:28:00,17:28:00,90,4,,0,0,1
1002,17:33:00,17:33:00,25,5,,0,0,1
1002,17:41:00,17:41:00,89,6,,0,0,1
1002,17:45:00,17:45:00,113,7,,0,0,1
1003,17:31:00,17:31:00,87,1,,0,0,1
1003,17:43:00,17:43:00,120,2,,0,0,1
1003,18:00:00,18:00:00,17,3,,0,0,1
1003,18:07:00,18:07:00,90,4,,0,0,1
1003,18:12:00,18:12:00,25,5,,0,0,1
1003,18:20:00,18:20:00,89,6,,0,0,1
1003,18:24:00,18:24:00,113,7,,0,0,1
1004,18:13:00,18:13:00,87,1,,0,0,1
1004,18:25:00,18:25:00,120,2,,0,0,1
1004,18:42:00,18:42:00,17,3,,0,0,1
1004,18:49:00,18:49:00,90,4,,0,0,1
1004,18:54:00,18:54:00,25,5,,0,0,1
1004,19:02:00,19:02:00,89,6,,0,0,1
1004,19:06:00,19:06:00,113,7,,0,0,1
1005,18:52:00,18:52:00,87,1,,0,0,1
1005,19:04:00,19:04:00,120,2,,0,0,1
1005,19:21:00,19:21:00,17,3,,0,0,1
1005,19:28:00,19:28:00,90,4,,0,0,1
1005,19:33:00,19:33:00,25,5,,0,0,1
1005,19:41:00,19:41:00,89,6,,0,0,1
1005,19:45:00,19:45:00,113,7,,0,0,1
1006,19:28:00,19:28:00,87,1,,0,0,1
1006,19:40:00,19:40:00,120,2,,0,0,1
1006,19:55:00,19:55:00,17,3,,0,0,1
1006,20:02:00,20:02:00,90,4,,0,0,1
1006,20:08:00,20:08:00,25,5,,0,0,1
1006,20:16:00,20:16:00,89,6,,0,0,1
1006,20:20:00,20:20:00,113,7,,0,0,1
1007,20:07:00,20:07:00,87,1,,0,0,1
1007,20:19:00,20:19:00,120,2,,0,0,1
1007,20:34:00,20:34:00,17,3,,0,0,1
1007,20:41:00,20:41:00,90,4,,0,0,1
1007,20:47:00,20:47:00,25,5,,0,0,1
1007,20:55:00,20:55:00,89,6,,0,0,1
1007,20:59:00,20:59:00,113,7,,0,0,1
1008,06:03:00,06:03:00,113,1,,0,0,1
1008,06:09:00,06:09:00,89,2,,0,0,1
1008,06:17:00,06:17:00,25,3,,0,0,1
1008,06:23:00,06:23:00,90,4,,0,0,1
1008,06:30:00,06:30:00,17,5,,0,0,1
1008,06:44:00,06:44:00,120,6,,0,0,1
1008,06:54:00,06:54:00,87,7,,0,0,1
1009,06:41:00,06:41:00,113,1,,0,0,1
1009,06:47:00,06:47:00,89,2,,0,0,1
1009,06:55:00,06:55:00,25,3,,0,0,1
1009,07:01:00,07:01:00,90,4,,0,0,1
1009,07:08:00,07:08:00,17,5,,0,0,1
1009,07:22:00,07:22:00,120,6,,0,0,1
1009,07:32:00,07:32:00,87,7,,0,0,1
1010,07:19:00,07:19:00,113,1,,0,0,1
1010,07:25:00,07:25:00,89,2,,0,0,1
1010,07:33:00,07:33:00,25,3,,0,0,1
1010,07:39:00,07:39:00,90,4,,0,0,1
1010,07:46:00,07:46:00,17,5,,0,0,1
1010,08:00:00,08:00:00,120,6,,0,0,1
1010,08:10:00,08:10:00,87,7,,0,0,1
1011,07:57:00,07:57:00,113,1,,0,0,1
1011,08:03:00,08:03:00,89,2,,0,0,1
1011,08:11:00,08:11:00,25,3,,0,0,1
1011,08:17:00,08:17:00,90,4,,0,0,1
1011,08:24:00,08:24:00,17,5,,0,0,1
1011,08:38:00,08:38:00,120,6,,0,0,1
1011,08:48:00,08:48:00,87,7,,0,0,1
1012,08:35:00,08:35:00,113,1,,0,0,1
1012,08:41:00,08:41:00,89,2,,0,0,1
1012,08:49:00,08:49:00,25,3,,0,0,1
1012,08:55:00,08:55:00,90,4,,0,0,1
1012,09:02:00,09:02:00,17,5,,0,0,1
1012,09:16:00,09:16:00,120,6,,0,0,1
1012,09:26:00,09:26:00,87,7,,0,0,1
1013,09:13:00,09:13:00,113,1,,0,0,1
1013,09:19:00,09:19:00,89,2,,0,0,1
1013,09:27:00,09:27:00,25,3,,0,0,1
1013,09:33:00,09:33:00,90,4,,0,0,1
1013,09:40:00,09:40:00,17,5,,0,0,1
1013,09:54:00,09:54:00,120,6,,0,0,1
1013,10:04:00,10:04:00,87,7,,0,0,1
1014,09:51:00,09:51:00,113,1,,0,0,1
1014,09:57:00,09:57:00,89,2,,0,0,1
1014,10:05:00,10:05:00,25,3,,0,0,1
1014,10:11:00,10:11:00,90,4,,0,0,1
1014,10:18:00,10:18:00,17,5,,0,0,1
1014,10:32:00,10:32:00,120,6,,0,0,1
1014,10:42:00,10:42:00,87,7,,0,0,1
1015,10:29:00,10:29:00,113,1,,0,0,1
1015,10:35:00,10:35:00,89,2,,0,0,1
1015,10:43:00,10:43:00,25,3,,0,0,1
1015,10:49:00,10:49:00,90,4,,0,0,1
1015,10:56:00,10:56:00,17,5,,0,0,1
1015,11:10:00,11:10:00,120,6,,0,0,1
1015,11:20:00,11:20:00,87,7,,0,0,1
1016,11:26:00,11:26:00,113,1,,0,0,1
1016,11:32:00,11:32:00,89,2,,0,0,1
1016,11:40:00,11:40:00,25,3,,0,0,1
1016,11:46:00,11:46:00,90,4,,0,0,1
1016,11:53:00,11:53:00,17,5,,0,0,1
1016,12:07:00,12:07:00,120,6,,0,0,1
1016,12:17:00,12:17:00,87,7,,0,0,1
1017,12:23:00,12:23:00,113,1,,0,0,1
1017,12:29:00,12:29:00,89,2,,0,0,1
1017,12:37:00,12:37:00,25,3,,0,0,1
1017,12:43:00,12:43:00,90,4,,0,0,1
1017,12:50:00,12:50:00,17,5,,0,0,1
1017,13:04:00,13:04:00,120,6,,0,0,1
1017,13:14:00,13:14:00,87,7,,0,0,1
1018,13:20:00,13:20:00,113,1,,0,0,1
1018,13:26:00,13:26:00,89,2,,0,0,1
1018,13:34:00,13:34:00,25,3,,0,0,1
1018,13:40:00,13:40:00,90,4,,0,0,1
1018,13:47:00,13:47:00,17,5,,0,0,1
1018,14:01:00,14:01:00,120,6,,0,0,1
1018,14:11:00,14:11:00,87,7,,0,0,1
1019,14:17:00,14:17:00,113,1,,0,0,1
1019,14:23:00,14:23:00,89,2,,0,0,1
1019,14:31:00,14:31:00,25,3,,0,0,1
1019,14:37:00,14:37:00,90,4,,0,0,1
1019,14:44:00,14:44:00,17,5,,0,0,1
1019,14:58:00,14:58:00,120,6,,0,0,1
1019,15:08:00,15:08:00,87,7,,0,0,1
1020,15:14:00,15:14:00,113,1,,0,0,1
1020,15:20:00,15:20:00,89,2,,0,0,1
1020,15:28:00,15:28:00,25,3,,0,0,1
1020,15:34:00,15:34:00,90,4,,0,0,1
1020,15:41:00,15:41:00,17,5,,0,0,1
1020,15:55:00,15:55:00,120,6,,0,0,1
1020,16:05:00,16:05:00,87,7,,0,0,1
1021,16:14:00,16:14:00,113,1,,0,0,1
1021,16:20:00,16:20:00,89,2,,0,0,1
1021,16:28:00,16:28:00,25,3,,0,0,1
1021,16:34:00,16:34:00,90,4,,0,0,1
1021,16:41:00,16:41:00,17,5,,0,0,1
1021,16:55:00,16:55:00,120,6,,0,0,1
1021,17:05:00,17:05:00,87,7,,0,0,1
1022,17:14:00,17:14:00,113,1,,0,0,1
1022,17:20:00,17:20:00,89,2,,0,0,1
1022,17:29:00,17:29:00,25,3,,0,0,1
1022,17:35:00,17:35:00,90,4,,0,0,1
1022,17:42:00,17:42:00,17,5,,0,0,1
1022,17:56:00,17:56:00,120,6,,0,0,1
1022,18:06:00,18:06:00,87,7,,0,0,1
1023,17:50:00,17:50:00,113,1,,0,0,1
1023,17:56:00,17:56:00,89,2,,0,0,1
1023,18:05:00,18:05:00,25,3,,0,0,1
1023,18:11:00,18:11:00,90,4,,0,0,1
1023,18:18:00,18:18:00,17,5,,0,0,1
1023,18:32:00,18:32:00,120,6,,0,0,1
1023,18:42:00,18:42:00,87,7,,0,0,1
1024,18:29:00,18:29:00,113,1,,0,0,1
1024,18:35:00,18:35:00,89,2,,0,0,1
1024,18:44:00,18:44:00,25,3,,0,0,1
1024,18:50:00,18:50:00,90,4,,0,0,1
1024,18:57:00,18:57:00,17,5,,0,0,1
1024,19:11:00,19:11:00,120,6,,0,0,1
1024,19:21:00,19:21:00,87,7,,0,0,1
1025,19:11:00,19:11:00,113,1,,0,0,1
1025,19:17:00,19:17:00,89,2,,0,0,1
1025,19:26:00,19:26:00,25,3,,0,0,1
1025,19:32:00,19:32:00,90,4,,0,0,1
1025,19:39:00,19:39:00,17,5,,0,0,1
1025,19:53:00,19:53:00,120,6,,0,0,1
1025,20:03:00,20:03:00,87,7,,0,0,1
1026,19:50:00,19:50:00,113,1,,0,0,1
1026,19:56:00,19:56:00,89,2,,0,0,1
1026,20:05:00,20:05:00,25,3,,0,0,1
1026,20:11:00,20:11:00,90,4,,0,0,1
1026,20:18:00,20:18:00,17,5,,0,0,1
1026,20:32:00,20:32:00,120,6,,0,0,1
1026,20:42:00,20:42:00,87,7,,0,0,1
1027,20:25:00,20:25:00,113,1,,0,0,1
1027,20:31:00,20:31:00,89,2,,0,0,1
1027,20:39:00,20:39:00,25,3,,0,0,1
1027,20:45:00,20:45:00,90,4,,0,0,1
1027,20:52:00,20:52:00,17,5,,0,0,1
1027,21:06:00,21:06:00,120,6,,0,0,1
1027,21:16:00,21:16:00,87,7,,0,0,1
1028,10:59:00,10:59:00,87,1,,0,0,1
1028,11:12:00,11:12:00,120,2,,0,0,1
1028,11:29:00,11:29:00,17,3,,0,0,1
1028,11:36:00,11:36:00,90,4,,0,0,1
1028,11:43:00,11:43:00,25,5,,0,0,1
1028,11:52:00,11:52:00,89,6,,0,0,1
1028,11:55:00,11:55:00,113,7,,0,0,1
1029,11:40:00,11:40:00,87,1,,0,0,1
1029,11:53:00,11:53:00,120,2,,0,0,1
1029,12:10:00,12:10:00,17,3,,0,0,1
1029,12:17:00,12:17:00,90,4,,0,0,1
1029,12:24:00,12:24:00,25,5,,0,0,1
1029,12:33:00,12:33:00,89,6,,0,0,1
1029,12:36:00,12:36:00,113,7,,0,0,1
1030,12:21:00,12:21:00,87,1,,0,0,1
1030,12:34:00,12:34:00,120,2,,0,0,1
1030,12:51:00,12:51:00,17,3,,0,0,1
1030,12:58:00,12:58:00,90,4,,0,0,1
1030,13:05:00,13:05:00,25,5,,0,0,1
1030,13:14:00,13:14:00,89,6,,0,0,1
1030,13:17:00,13:17:00,113,7,,0,0,1
1031,13:02:00,13:02:00,87,1,,0,0,1
1031,13:15:00,13:15:00,120,2,,0,0,1
1031,13:32:00,13:32:00,17,3,,0,0,1
1031,13:39:00,13:39:00,90,4,,0,0,1
1031,13:46:00,13:46:00,25,5,,0,0,1
1031,13:55:00,13:55:00,89,6,,0,0,1
1031,13:58:00,13:58:00,113,7,,0,0,1
1032,13:43:00,13:43:00,87,1,,0,0,1
1032,13:56:00,13:56:00,120,2,,0,0,1
1032,14:13:00,14:13:00,17,3,,0,0,1
1032,14:20:00,14:20:00,90,4,,0,0,1
1032,14:27:00,14:27:00,25,5,,0,0,1
1032,14:36:00,14:36:00,89,6,,0,0,1
1032,14:39:00,14:39:00,113,7,,0,0,1
1131,14:24:00,14:24:00,87,1,,0,0,1
1131,14:37:00,14:37:00,120,2,,0,0,1
1131,14:54:00,14:54:00,17,3,,0,0,1
1131,15:01:00,15:01:00,90,4,,0,0,1
1131,15:08:00,15:08:00,25,5,,0,0,1
1131,15:17:00,15:17:00,89,6,,0,0,1
1131,15:20:00,15:20:00,113,7,,0,0,1
1132,15:05:00,15:05:00,87,1,,0,0,1
1132,15:18:00,15:18:00,120,2,,0,0,1
1132,15:35:00,15:35:00,17,3,,0,0,1
1132,15:42:00,15:42:00,90,4,,0,0,1
1132,15:49:00,15:49:00,25,5,,0,0,1
1132,15:58:00,15:58:00,89,6,,0,0,1
1132,16:01:00,16:01:00,113,7,,0,0,1
1133,15:46:00,15:46:00,87,1,,0,0,1
1133,15:59:00,15:59:00,120,2,,0,0,1
1133,16:16:00,16:16:00,17,3,,0,0,1
1133,16:23:00,16:23:00,90,4,,0,0,1
1133,16:30:00,16:30:00,25,5,,0,0,1
1133,16:39:00,16:39:00,89,6,,0,0,1
1133,16:42:00,16:42:00,113,7,,0,0,1
1134,16:27:00,16:27:00,87,1,,0,0,1
1134,16:40:00,16:40:00,120,2,,0,0,1
1134,16:57:00,16:57:00,17,3,,0,0,1
1134,17:04:00,17:04:00,90,4,,0,0,1
1134,17:11:00,17:11:00,25,5,,0,0,1
1134,17:20:00,17:20:00,89,6,,0,0,1
1134,17:23:00,17:23:00,113,7,,0,0,1
1135,17:08:00,17:08:00,87,1,,0,0,1
1135,17:21:00,17:21:00,120,2,,0,0,1
1135,17:38:00,17:38:00,17,3,,0,0,1
1135,17:45:00,17:45:00,90,4,,0,0,1
1135,17:52:00,17:52:00,25,5,,0,0,1
1135,18:01:00,18:01:00,89,6,,0,0,1
1135,18:04:00,18:04:00,113,7,,0,0,1
1136,17:49:00,17:49:00,87,1,,0,0,1
1136,18:02:00,18:02:00,120,2,,0,0,1
1136,18:19:00,18:19:00,17,3,,0,0,1
1136,18:26:00,18:26:00,90,4,,0,0,1
1136,18:33:00,18:33:00,25,5,,0,0,1
1136,18:42:00,18:42:00,89,6,,0,0,1
1136,18:45:00,18:45:00,113,7,,0,0,1
1137,18:30:00,18:30:00,87,1,,0,0,1
1137,18:43:00,18:43:00,120,2,,0,0,1
1137,19:00:00,19:00:00,17,3,,0,0,1
1137,19:07:00,19:07:00,90,4,,0,0,1
1137,19:14:00,19:14:00,25,5,,0,0,1
1137,19:23:00,19:23:00,89,6,,0,0,1
1137,19:26:00,19:26:00,113,7,,0,0,1
1138,19:11:00,19:11:00,87,1,,0,0,1
1138,19:24:00,19:24:00,120,2,,0,0,1
1138,19:41:00,19:41:00,17,3,,0,0,1
1138,19:48:00,19:48:00,90,4,,0,0,1
1138,19:55:00,19:55:00,25,5,,0,0,1
1138,20:04:00,20:04:00,89,6,,0,0,1
1138,20:07:00,20:07:00,113,7,,0,0,1
1139,19:52:00,19:52:00,87,1,,0,0,1
1139,20:05:00,20:05:00,120,2,,0,0,1
1139,20:22:00,20:22:00,17,3,,0,0,1
1139,20:29:00,20:29:00,90,4,,0,0,1
1139,20:36:00,20:36:00,25,5,,0,0,1
1139,20:45:00,20:45:00,89,6,,0,0,1
1139,20:48:00,20:48:00,113,7,,0,0,1
1140,20:33:00,20:33:00,87,1,,0,0,1
1140,20:46:00,20:46:00,120,2,,0,0,1
1140,21:03:00,21:03:00,17,3,,0,0,1
1140,21:10:00,21:10:00,90,4,,0,0,1
1140,21:17:00,21:17:00,25,5,,0,0,1
1140,21:26:00,21:26:00,89,6,,0,0,1
1140,21:29:00,21:29:00,113,7,,0,0,1
1141,12:01:00,12:01:00,113,1,,0,0,1
1141,12:07:00,12:07:00,89,2,,0,0,1
1141,12:16:00,12:16:00,25,3,,0,0,1
1141,12:22:00,12:22:00,90,4,,0,0,1
1141,12:29:00,12:29:00,17,5,,0,0,1
1141,12:43:00,12:43:00,120,6,,0,0,1
1141,12:53:00,12:53:00,87,7,,0,0,1
1142,12:42:00,12:42:00,113,1,,0,0,1
1142,12:48:00,12:48:00,89,2,,0,0,1
1142,12:57:00,12:57:00,25,3,,0,0,1
1142,13:03:00,13:03:00,90,4,,0,0,1
1142,13:10:00,13:10:00,17,5,,0,0,1
1142,13:24:00,13:24:00,120,6,,0,0,1
1142,13:34:00,13:34:00,87,7,,0,0,1
1143,13:23:00,13:23:00,113,1,,0,0,1
1143,13:29:00,13:29:00,89,2,,0,0,1
1143,13:38:00,13:38:00,25,3,,0,0,1
1143,13:44:00,13:44:00,90,4,,0,0,1
1143,13:51:00,13:51:00,17,5,,0,0,1
1143,14:05:00,14:05:00,120,6,,0,0,1
1143,14:15:00,14:15:00,87,7,,0,0,1
1144,14:04:00,14:04:00,113,1,,0,0,1
1144,14:10:00,14:10:00,89,2,,0,0,1
1144,14:19:00,14:19:00,25,3,,0,0,1
1144,14:25:00,14:25:00,90,4,,0,0,1
1144,14:32:00,14:32:00,17,5,,0,0,1
1144,14:46:00,14:46:00,120,6,,0,0,1
1144,14:56:00,14:56:00,87,7,,0,0,1
1145,14:45:00,14:45:00,113,1,,0,0,1
1145,14:51:00,14:51:00,89,2,,0,0,1
1145,15:00:00,15:00:00,25,3,,0,0,1
1145,15:06:00,15:06:00,90,4,,0,0,1
1145,15:13:00,15:13:00,17,5,,0,0,1
1145,15:27:00,15:27:00,120,6,,0,0,1
1145,15:37:00,15:37:00,87,7,,0,0,1
1146,15:26:00,15:26:00,113,1,,0,0,1
1146,15:32:00,15:32:00,89,2,,0,0,1
1146,15:41:00,15:41:00,25,3,,0,0,1
1146,15:47:00,15:47:00,90,4,,0,0,1
1146,15:54:00,15:54:00,17,5,,0,0,1
1146,16:08:00,16:08:00,120,6,,0,0,1
1146,16:18:00,16:18:00,87,7,,0,0,1
1147,16:07:00,16:07:00,113,1,,0,0,1
1147,16:13:00,16:13:00,89,2,,0,0,1
1147,16:22:00,16:22:00,25,3,,0,0,1
1147,16:28:00,16:28:00,90,4,,0,0,1
1147,16:35:00,16:35:00,17,5,,0,0,1
1147,16:49:00,16:49:00,120,6,,0,0,1
1147,16:59:00,16:59:00,87,7,,0,0,1
1148,16:48:00,16:48:00,113,1,,0,0,1
1148,16:54:00,16:54:00,89,2,,0,0,1
1148,17:03:00,17:03:00,25,3,,0,0,1
1148,17:09:00,17:09:00,90,4,,0,0,1
1148,17:16:00,17:16:00,17,5,,0,0,1
1148,17:30:00,17:30:00,120,6,,0,0,1
1148,17:40:00,17:40:00,87,7,,0,0,1
1149,17:29:00,17:29:00,113,1,,0,0,1
1149,17:35:00,17:35:00,89,2,,0,0,1
1149,17:44:00,17:44:00,25,3,,0,0,1
1149,17:50:00,17:50:00,90,4,,0,0,1
1149,17:57:00,17:57:00,17,5,,0,0,1
1149,18:11:00,18:11:00,120,6,,0,0,1
1149,18:21:00,18:21:00,87,7,,0,0,1
1150,18:10:00,18:10:00,113,1,,0,0,1
1150,18:16:00,18:16:00,89,2,,0,0,1
1150,18:25:00,18:25:00,25,3,,0,0,1
1150,18:31:00,18:31:00,90,4,,0,0,1
1150,18:38:00,18:38:00,17,5,,0,0,1
1150,18:52:00,18:52:00,120,6,,0,0,1
1150,19:02:00,19:02:00,87,7,,0,0,1
1151,18:51:00,18:51:00,113,1,,0,0,1
1151,18:57:00,18:57:00,89,2,,0,0,1
1151,19:06:00,19:06:00,25,3,,0,0,1
1151,19:12:00,19:12:00,90,4,,0,0,1
1151,19:19:00,19:19:00,17,5,,0,0,1
1151,19:33:00,19:33:00,120,6,,0,0,1
1151,19:43:00,19:43:00,87,7,,0,0,1
1152,19:32:00,19:32:00,113,1,,0,0,1
1152,19:38:00,19:38:00,89,2,,0,0,1
1152,19:47:00,19:47:00,25,3,,0,0,1
1152,19:53:00,19:53:00,90,4,,0,0,1
1152,20:00:00,20:00:00,17,5,,0,0,1
1152,20:14:00,20:14:00,120,6,,0,0,1
1152,20:24:00,20:24:00,87,7,,0,0,1
1153,20:13:00,20:13:00,113,1,,0,0,1
1153,20:19:00,20:19:00,89,2,,0,0,1
1153,20:28:00,20:28:00,25,3,,0,0,1
1153,20:34:00,20:34:00,90,4,,0,0,1
1153,20:41:00,20:41:00,17,5,,0,0,1
1153,20:55:00,20:55:00,120,6,,0,0,1
1153,21:05:00,21:05:00,87,7,,0,0,1
1154,20:54:00,20:54:00,113,1,,0,0,1
1154,21:00:00,21:00:00,89,2,,0,0,1
1154,21:09:00,21:09:00,25,3,,0,0,1
1154,21:15:00,21:15:00,90,4,,0,0,1
1154,21:22:00,21:22:00,17,5,,0,0,1
1154,21:36:00,21:36:00,120,6,,0,0,1
1154,21:46:00,21:46:00,87,7,,0,0,1
1155,06:33:00,06:33:00,17,1,,0,0,1
1155,06:45:00,06:45:00,115,2,,0,0,1
1155,06:54:00,06:54:00,87,3,,0,0,1
1155,07:01:00,07:01:00,11,4,,0,0,1
1155,07:09:00,07:09:00,24,5,,0,0,1
1155,07:13:00,07:13:00,111,6,,0,0,1
1156,07:18:00,07:18:00,17,1,,0,0,1
1156,07:30:00,07:30:00,115,2,,0,0,1
1156,07:39:00,07:39:00,87,3,,0,0,1
1156,07:46:00,07:46:00,11,4,,0,0,1
1156,07:54:00,07:54:00,24,5,,0,0,1
1156,07:58:00,07:58:00,111,6,,0,0,1
1157,08:03:00,08:03:00,17,1,,0,0,1
1157,08:15:00,08:15:00,115,2,,0,0,1
1157,08:24:00,08:24:00,87,3,,0,0,1
1157,08:31:00,08:31:00,11,4,,0,0,1
1157,08:39:00,08:39:00,24,5,,0,0,1
1157,08:43:00,08:43:00,111,6,,0,0,1
1158,08:48:00,08:48:00,17,1,,0,0,1
1158,09:00:00,09:00:00,115,2,,0,0,1
1158,09:09:00,09:09:00,87,3,,0,0,1
1158,09:16:00,09:16:00,11,4,,0,0,1
1158,09:24:00,09:24:00,24,5,,0,0,1
1158,09:28:00,09:28:00,111,6,,0,0,1
1159,09:33:00,09:33:00,17,1,,0,0,1
1159,09:45:00,09:45:00,115,2,,0,0,1
1159,09:54:00,09:54:00,87,3,,0,0,1
1159,10:01:00,10:01:00,11,4,,0,0,1
1159,10:09:00,10:09:00,24,5,,0,0,1
1159,10:13:00,10:13:00,111,6,,0,0,1
1160,10:18:00,10:18:00,17,1,,0,0,1
1160,10:30:00,10:30:00,115,2,,0,0,1
1160,10:41:00,10:41:00,87,3,,0,0,1
1160,10:48:00,10:48:00,11,4,,0,0,1
1160,10:56:00,10:56:00,24,5,,0,0,1
1160,11:00:00,11:00:00,111,6,,0,0,1
1161,11:06:00,11:06:00,17,1,,0,0,1
1161,11:18:00,11:18:00,115,2,,0,0,1
1161,11:29:00,11:29:00,87,3,,0,0,1
1161,11:36:00,11:36:00,11,4,,0,0,1
1161,11:44:00,11:44:00,24,5,,0,0,1
1161,11:48:00,11:48:00,111,6,,0,0,1
1162,11:54:00,11:54:00,17,1,,0,0,1
1162,12:06:00,12:06:00,115,2,,0,0,1
1162,12:17:00,12:17:00,87,3,,0,0,1
1162,12:24:00,12:24:00,11,4,,0,0,1
1162,12:32:00,12:32:00,24,5,,0,0,1
1162,12:36:00,12:36:00,111,6,,0,0,1
1163,12:42:00,12:42:00,17,1,,0,0,1
1163,12:54:00,12:54:00,115,2,,0,0,1
1163,13:05:00,13:05:00,87,3,,0,0,1
1163,13:12:00,13:12:00,11,4,,0,0,1
1163,13:20:00,13:20:00,24,5,,0,0,1
1163,13:24:00,13:24:00,111,6,,0,0,1
1164,13:51:00,13:51:00,17,1,,0,0,1
1164,14:03:00,14:03:00,115,2,,0,0,1
1164,14:14:00,14:14:00,87,3,,0,0,1
1164,14:21:00,14:21:00,11,4,,0,0,1
1164,14:29:00,14:29:00,24,5,,0,0,1
1164,14:33:00,14:33:00,111,6,,0,0,1
1165,14:41:00,14:41:00,17,1,,0,0,1
1165,14:53:00,14:53:00,115,2,,0,0,1
1165,15:04:00,15:04:00,87,3,,0,0,1
1165,15:11:00,15:11:00,11,4,,0,0,1
1165,15:19:00,15:19:00,24,5,,0,0,1
1165,15:23:00,15:23:00,111,6,,0,0,1
1166,15:29:00,15:29:00,17,1,,0,0,1
1166,15:41:00,15:41:00,115,2,,0,0,1
1166,15:52:00,15:52:00,87,3,,0,0,1
1166,15:59:00,15:59:00,11,4,,0,0,1
1166,16:07:00,16:07:00,24,5,,0,0,1
1166,16:11:00,16:11:00,111,6,,0,0,1
1167,16:17:00,16:17:00,17,1,,0,0,1
1167,16:29:00,16:29:00,115,2,,0,0,1
1167,16:40:00,16:40:00,87,3,,0,0,1
1167,16:47:00,16:47:00,11,4,,0,0,1
1167,16:55:00,16:55:00,24,5,,0,0,1
1167,16:59:00,16:59:00,111,6,,0,0,1
1168,17:05:00,17:05:00,17,1,,0,0,1
1168,17:17:00,17:17:00,115,2,,0,0,1
1168,17:28:00,17:28:00,87,3,,0,0,1
1168,17:35:00,17:35:00,11,4,,0,0,1
1168,17:43:00,17:43:00,24,5,,0,0,1
1168,17:47:00,17:47:00,111,6,,0,0,1
1169,17:54:00,17:54:00,17,1,,0,0,1
1169,18:06:00,18:06:00,115,2,,0,0,1
1169,18:17:00,18:17:00,87,3,,0,0,1
1169,18:24:00,18:24:00,11,4,,0,0,1
1169,18:29:00,18:29:00,24,5,,0,0,1
1170,18:43:00,18:43:00,17,1,,0,0,1
1170,18:55:00,18:55:00,115,2,,0,0,1
1170,19:06:00,19:06:00,87,3,,0,0,1
1170,19:13:00,19:13:00,11,4,,0,0,1
1170,19:18:00,19:18:00,24,5,,0,0,1
1171,19:32:00,19:32:00,17,1,,0,0,1
1171,19:44:00,19:44:00,115,2,,0,0,1
1171,19:55:00,19:55:00,87,3,,0,0,1
1171,20:02:00,20:02:00,11,4,,0,0,1
1171,20:07:00,20:07:00,24,5,,0,0,1
1172,20:21:00,20:21:00,17,1,,0,0,1
1172,20:33:00,20:33:00,115,2,,0,0,1
1172,20:44:00,20:44:00,87,3,,0,0,1
1172,20:51:00,20:51:00,11,4,,0,0,1
1172,20:56:00,20:56:00,24,5,,0,0,1
1173,20:58:00,20:58:00,17,1,,0,0,1
1173,21:10:00,21:10:00,115,2,,0,0,1
1173,21:21:00,21:21:00,87,3,,0,0,1
1173,21:28:00,21:28:00,11,4,,0,0,1
1173,21:33:00,21:33:00,24,5,,0,0,1
1174,06:40:00,06:40:00,24,1,,0,0,1
1174,06:48:00,06:48:00,11,2,,0,0,1
1174,06:56:00,06:56:00,87,3,,0,0,1
1174,07:03:00,07:03:00,115,4,,0,0,1
1174,07:12:00,07:12:00,17,5,,0,0,1
1175,07:18:00,07:18:00,111,1,,0,0,1
1175,07:25:00,07:25:00,24,2,,0,0,1
1175,07:33:00,07:33:00,11,3,,0,0,1
1175,07:41:00,07:41:00,87,4,,0,0,1
1175,07:48:00,07:48:00,115,5,,0,0,1
1175,07:57:00,07:57:00,17,6,,0,0,1
1176,08:03:00,08:03:00,111,1,,0,0,1
1176,08:10:00,08:10:00,24,2,,0,0,1
1176,08:18:00,08:18:00,11,3,,0,0,1
1176,08:26:00,08:26:00,87,4,,0,0,1
1176,08:33:00,08:33:00,115,5,,0,0,1
1176,08:42:00,08:42:00,17,6,,0,0,1
1177,08:48:00,08:48:00,111,1,,0,0,1
1177,08:55:00,08:55:00,24,2,,0,0,1
1177,09:03:00,09:03:00,11,3,,0,0,1
1177,09:11:00,09:11:00,87,4,,0,0,1
1177,09:18:00,09:18:00,115,5,,0,0,1
1177,09:27:00,09:27:00,17,6,,0,0,1
1178,09:33:00,09:33:00,111,1,,0,0,1
1178,09:40:00,09:40:00,24,2,,0,0,1
1178,09:48:00,09:48:00,11,3,,0,0,1
1178,09:56:00,09:56:00,87,4,,0,0,1
1178,10:03:00,10:03:00,115,5,,0,0,1
1178,10:12:00,10:12:00,17,6,,0,0,1
1179,10:18:00,10:18:00,111,1,,0,0,1
1179,10:25:00,10:25:00,24,2,,0,0,1
1179,10:33:00,10:33:00,11,3,,0,0,1
1179,10:41:00,10:41:00,87,4,,0,0,1
1179,10:48:00,10:48:00,115,5,,0,0,1
1179,10:57:00,10:57:00,17,6,,0,0,1
1180,11:05:00,11:05:00,111,1,,0,0,1
1180,11:12:00,11:12:00,24,2,,0,0,1
1180,11:21:00,11:21:00,11,3,,0,0,1
1180,11:30:00,11:30:00,87,4,,0,0,1
1180,11:38:00,11:38:00,115,5,,0,0,1
1180,11:47:00,11:47:00,17,6,,0,0,1
1181,11:53:00,11:53:00,111,1,,0,0,1
1181,12:00:00,12:00:00,24,2,,0,0,1
1181,12:09:00,12:09:00,11,3,,0,0,1
1181,12:18:00,12:18:00,87,4,,0,0,1
1181,12:26:00,12:26:00,115,5,,0,0,1
1181,12:35:00,12:35:00,17,6,,0,0,1
1182,13:03:00,13:03:00,111,1,,0,0,1
1182,13:10:00,13:10:00,24,2,,0,0,1
1182,13:19:00,13:19:00,11,3,,0,0,1
1182,13:28:00,13:28:00,87,4,,0,0,1
1182,13:36:00,13:36:00,115,5,,0,0,1
1182,13:45:00,13:45:00,17,6,,0,0,1
1183,13:53:00,13:53:00,111,1,,0,0,1
1183,14:00:00,14:00:00,24,2,,0,0,1
1183,14:09:00,14:09:00,11,3,,0,0,1
1183,14:18:00,14:18:00,87,4,,0,0,1
1183,14:26:00,14:26:00,115,5,,0,0,1
1183,14:35:00,14:35:00,17,6,,0,0,1
1184,14:38:00,14:38:00,111,1,,0,0,1
1184,14:45:00,14:45:00,24,2,,0,0,1
1184,14:54:00,14:54:00,11,3,,0,0,1
1184,15:03:00,15:03:00,87,4,,0,0,1
1184,15:11:00,15:11:00,115,5,,0,0,1
1184,15:20:00,15:20:00,17,6,,0,0,1
1185,15:28:00,15:28:00,111,1,,0,0,1
1185,15:35:00,15:35:00,24,2,,0,0,1
1185,15:44:00,15:44:00,11,3,,0,0,1
1185,15:53:00,15:53:00,87,4,,0,0,1
1185,16:01:00,16:01:00,115,5,,0,0,1
1185,16:10:00,16:10:00,17,6,,0,0,1
1186,16:16:00,16:16:00,111,1,,0,0,1
1186,16:23:00,16:23:00,24,2,,0,0,1
1186,16:32:00,16:32:00,11,3,,0,0,1
1186,16:41:00,16:41:00,87,4,,0,0,1
1186,16:49:00,16:49:00,115,5,,0,0,1
1186,16:58:00,16:58:00,17,6,,0,0,1
1187,17:05:00,17:05:00,111,1,,0,0,1
1187,17:13:00,17:13:00,24,2,,0,0,1
1187,17:22:00,17:22:00,11,3,,0,0,1
1187,17:31:00,17:31:00,87,4,,0,0,1
1187,17:39:00,17:39:00,115,5,,0,0,1
1187,17:48:00,17:48:00,17,6,,0,0,1
1188,17:53:00,17:53:00,111,1,,0,0,1
1188,18:01:00,18:01:00,24,2,,0,0,1
1188,18:10:00,18:10:00,11,3,,0,0,1
1188,18:19:00,18:19:00,87,4,,0,0,1
1188,18:27:00,18:27:00,115,5,,0,0,1
1188,18:36:00,18:36:00,17,6,,0,0,1
1189,18:40:00,18:40:00,24,1,,0,0,1
1189,18:49:00,18:49:00,11,2,,0,0,1
1189,18:58:00,18:58:00,87,3,,0,0,1
1189,19:06:00,19:06:00,115,4,,0,0,1
1189,19:15:00,19:15:00,17,5,,0,0,1
1190,19:29:00,19:29:00,24,1,,0,0,1
1190,19:38:00,19:38:00,11,2,,0,0,1
1190,19:47:00,19:47:00,87,3,,0,0,1
1190,19:55:00,19:55:00,115,4,,0,0,1
1190,20:04:00,20:04:00,17,5,,0,0,1
1191,20:17:00,20:17:00,24,1,,0,0,1
1191,20:26:00,20:26:00,11,2,,0,0,1
1191,20:35:00,20:35:00,87,3,,0,0,1
1191,20:43:00,20:43:00,115,4,,0,0,1
1191,20:52:00,20:52:00,17,5,,0,0,1
1192,21:06:00,21:06:00,24,1,,0,0,1
1192,21:15:00,21:15:00,11,2,,0,0,1
1192,21:24:00,21:24:00,87,3,,0,0,1
1192,21:32:00,21:32:00,115,4,,0,0,1
1192,21:41:00,21:41:00,17,5,,0,0,1
1193,08:21:00,08:21:00,17,1,,0,0,1
1193,08:33:00,08:33:00,115,2,,0,0,1
1193,08:44:00,08:44:00,87,3,,0,0,1
1193,08:52:00,08:52:00,11,4,,0,0,1
1193,09:02:00,09:02:00,24,5,,0,0,1
1193,09:17:00,09:17:00,118,6,,0,0,1
1193,09:22:00,09:22:00,23,7,,0,0,1
1194,09:30:00,09:30:00,17,1,,0,0,1
1194,09:42:00,09:42:00,115,2,,0,0,1
1194,09:53:00,09:53:00,87,3,,0,0,1
1194,10:01:00,10:01:00,11,4,,0,0,1
1194,10:11:00,10:11:00,24,5,,0,0,1
1194,10:26:00,10:26:00,118,6,,0,0,1
1194,10:31:00,10:31:00,23,7,,0,0,1
1195,10:35:00,10:35:00,17,1,,0,0,1
1195,10:47:00,10:47:00,115,2,,0,0,1
1195,10:58:00,10:58:00,87,3,,0,0,1
1195,11:06:00,11:06:00,11,4,,0,0,1
1195,11:16:00,11:16:00,24,5,,0,0,1
1195,11:31:00,11:31:00,118,6,,0,0,1
1195,11:36:00,11:36:00,23,7,,0,0,1
1196,11:05:00,11:05:00,17,1,,0,0,1
1196,11:17:00,11:17:00,115,2,,0,0,1
1196,11:28:00,11:28:00,87,3,,0,0,1
1196,11:36:00,11:36:00,11,4,,0,0,1
1196,11:46:00,11:46:00,24,5,,0,0,1
1196,12:01:00,12:01:00,118,6,,0,0,1
1196,12:06:00,12:06:00,23,7,,0,0,1
1197,11:44:00,11:44:00,17,1,,0,0,1
1197,11:56:00,11:56:00,115,2,,0,0,1
1197,12:07:00,12:07:00,87,3,,0,0,1
1197,12:15:00,12:15:00,11,4,,0,0,1
1197,12:25:00,12:25:00,24,5,,0,0,1
1197,12:40:00,12:40:00,118,6,,0,0,1
1197,12:45:00,12:45:00,23,7,,0,0,1
1198,12:18:00,12:18:00,17,1,,0,0,1
1198,12:30:00,12:30:00,115,2,,0,0,1
1198,12:41:00,12:41:00,87,3,,0,0,1
1198,12:49:00,12:49:00,11,4,,0,0,1
1198,12:59:00,12:59:00,24,5,,0,0,1
1198,13:14:00,13:14:00,118,6,,0,0,1
1198,13:19:00,13:19:00,23,7,,0,0,1
1199,12:52:00,12:52:00,17,1,,0,0,1
1199,13:04:00,13:04:00,115,2,,0,0,1
1199,13:15:00,13:15:00,87,3,,0,0,1
1199,13:23:00,13:23:00,11,4,,0,0,1
1199,13:33:00,13:33:00,24,5,,0,0,1
1199,13:48:00,13:48:00,118,6,,0,0,1
1199,13:53:00,13:53:00,23,7,,0,0,1
1200,13:20:00,13:20:00,17,1,,0,0,1
1200,13:32:00,13:32:00,115,2,,0,0,1
1200,13:43:00,13:43:00,87,3,,0,0,1
1200,13:51:00,13:51:00,11,4,,0,0,1
1200,14:01:00,14:01:00,24,5,,0,0,1
1200,14:16:00,14:16:00,118,6,,0,0,1
1200,14:21:00,14:21:00,23,7,,0,0,1
1201,13:58:00,13:58:00,17,1,,0,0,1
1201,14:10:00,14:10:00,115,2,,0,0,1
1201,14:21:00,14:21:00,87,3,,0,0,1
1201,14:29:00,14:29:00,11,4,,0,0,1
1201,14:39:00,14:39:00,24,5,,0,0,1
1201,14:54:00,14:54:00,118,6,,0,0,1
1201,14:59:00,14:59:00,23,7,,0,0,1
1202,14:32:00,14:32:00,17,1,,0,0,1
1202,14:44:00,14:44:00,115,2,,0,0,1
1202,14:55:00,14:55:00,87,3,,0,0,1
1202,15:03:00,15:03:00,11,4,,0,0,1
1202,15:13:00,15:13:00,24,5,,0,0,1
1202,15:28:00,15:28:00,118,6,,0,0,1
1202,15:33:00,15:33:00,23,7,,0,0,1
1203,15:06:00,15:06:00,17,1,,0,0,1
1203,15:18:00,15:18:00,115,2,,0,0,1
1203,15:29:00,15:29:00,87,3,,0,0,1
1203,15:37:00,15:37:00,11,4,,0,0,1
1203,15:47:00,15:47:00,24,5,,0,0,1
1203,16:02:00,16:02:00,118,6,,0,0,1
1203,16:07:00,16:07:00,23,7,,0,0,1
1204,15:34:00,15:34:00,17,1,,0,0,1
1204,15:46:00,15:46:00,115,2,,0,0,1
1204,15:57:00,15:57:00,87,3,,0,0,1
1204,16:05:00,16:05:00,11,4,,0,0,1
1204,16:15:00,16:15:00,24,5,,0,0,1
1204,16:30:00,16:30:00,118,6,,0,0,1
1204,16:35:00,16:35:00,23,7,,0,0,1
1205,16:12:00,16:12:00,17,1,,0,0,1
1205,16:24:00,16:24:00,115,2,,0,0,1
1205,16:35:00,16:35:00,87,3,,0,0,1
1205,16:43:00,16:43:00,11,4,,0,0,1
1205,16:53:00,16:53:00,24,5,,0,0,1
1205,17:08:00,17:08:00,118,6,,0,0,1
1205,17:13:00,17:13:00,23,7,,0,0,1
1206,17:12:00,17:12:00,17,1,,0,0,1
1206,17:24:00,17:24:00,115,2,,0,0,1
1206,17:35:00,17:35:00,87,3,,0,0,1
1206,17:43:00,17:43:00,11,4,,0,0,1
1206,17:53:00,17:53:00,24,5,,0,0,1
1206,18:08:00,18:08:00,118,6,,0,0,1
1206,18:13:00,18:13:00,23,7,,0,0,1
1207,17:46:00,17:46:00,17,1,,0,0,1
1207,17:58:00,17:58:00,115,2,,0,0,1
1207,18:09:00,18:09:00,87,3,,0,0,1
1207,18:17:00,18:17:00,11,4,,0,0,1
1207,18:27:00,18:27:00,24,5,,0,0,1
1207,18:42:00,18:42:00,118,6,,0,0,1
1207,18:47:00,18:47:00,23,7,,0,0,1
1208,18:12:00,18:12:00,17,1,,0,0,1
1208,18:24:00,18:24:00,115,2,,0,0,1
1208,18:35:00,18:35:00,87,3,,0,0,1
1208,18:43:00,18:43:00,11,4,,0,0,1
1208,18:53:00,18:53:00,24,5,,0,0,1
1208,19:08:00,19:08:00,118,6,,0,0,1
1208,19:13:00,19:13:00,23,7,,0,0,1
1209,18:52:00,18:52:00,17,1,,0,0,1
1209,19:04:00,19:04:00,115,2,,0,0,1
1209,19:15:00,19:15:00,87,3,,0,0,1
1209,19:23:00,19:23:00,11,4,,0,0,1
1209,19:33:00,19:33:00,24,5,,0,0,1
1209,19:48:00,19:48:00,118,6,,0,0,1
1209,19:53:00,19:53:00,23,7,,0,0,1
1210,19:26:00,19:26:00,17,1,,0,0,1
1210,19:38:00,19:38:00,115,2,,0,0,1
1210,19:49:00,19:49:00,87,3,,0,0,1
1210,19:57:00,19:57:00,11,4,,0,0,1
1210,20:07:00,20:07:00,24,5,,0,0,1
1210,20:22:00,20:22:00,118,6,,0,0,1
1210,20:27:00,20:27:00,23,7,,0,0,1
1211,20:00:00,20:00:00,17,1,,0,0,1
1211,20:12:00,20:12:00,115,2,,0,0,1
1211,20:23:00,20:23:00,87,3,,0,0,1
1211,20:31:00,20:31:00,11,4,,0,0,1
1211,20:41:00,20:41:00,24,5,,0,0,1
1211,20:56:00,20:56:00,118,6,,0,0,1
1211,21:01:00,21:01:00,23,7,,0,0,1
1212,20:26:00,20:26:00,17,1,,0,0,1
1212,20:38:00,20:38:00,115,2,,0,0,1
1212,20:49:00,20:49:00,87,3,,0,0,1
1212,20:57:00,20:57:00,11,4,,0,0,1
1212,21:07:00,21:07:00,24,5,,0,0,1
1212,21:22:00,21:22:00,118,6,,0,0,1
1212,21:27:00,21:27:00,23,7,,0,0,1
1213,21:06:00,21:06:00,17,1,,0,0,1
1213,21:18:00,21:18:00,115,2,,0,0,1
1213,21:29:00,21:29:00,87,3,,0,0,1
1213,21:37:00,21:37:00,11,4,,0,0,1
1213,21:47:00,21:47:00,24,5,,0,0,1
1213,22:02:00,22:02:00,118,6,,0,0,1
1213,22:07:00,22:07:00,23,7,,0,0,1
1214,08:23:00,08:23:00,23,1,,0,0,1
1214,08:31:00,08:31:00,118,2,,0,0,1
1214,08:47:00,08:47:00,24,3,,0,0,1
1214,08:57:00,08:57:00,11,4,,0,0,1
1214,09:07:00,09:07:00,87,5,,0,0,1
1214,09:15:00,09:15:00,115,6,,0,0,1
1214,09:24:00,09:24:00,17,7,,0,0,1
1215,09:28:00,09:28:00,23,1,,0,0,1
1215,09:36:00,09:36:00,118,2,,0,0,1
1215,09:52:00,09:52:00,24,3,,0,0,1
1215,10:02:00,10:02:00,11,4,,0,0,1
1215,10:12:00,10:12:00,87,5,,0,0,1
1215,10:20:00,10:20:00,115,6,,0,0,1
1215,10:29:00,10:29:00,17,7,,0,0,1
1216,10:37:00,10:37:00,23,1,,0,0,1
1216,10:45:00,10:45:00,118,2,,0,0,1
1216,11:01:00,11:01:00,24,3,,0,0,1
1216,11:11:00,11:11:00,11,4,,0,0,1
1216,11:21:00,11:21:00,87,5,,0,0,1
1216,11:29:00,11:29:00,115,6,,0,0,1
1216,11:38:00,11:38:00,17,7,,0,0,1
1217,11:11:00,11:11:00,23,1,,0,0,1
1217,11:19:00,11:19:00,118,2,,0,0,1
1217,11:35:00,11:35:00,24,3,,0,0,1
1217,11:45:00,11:45:00,11,4,,0,0,1
1217,11:55:00,11:55:00,87,5,,0,0,1
1217,12:03:00,12:03:00,115,6,,0,0,1
1217,12:12:00,12:12:00,17,7,,0,0,1
1218,11:42:00,11:42:00,23,1,,0,0,1
1218,11:50:00,11:50:00,118,2,,0,0,1
1218,12:06:00,12:06:00,24,3,,0,0,1
1218,12:16:00,12:16:00,11,4,,0,0,1
1218,12:26:00,12:26:00,87,5,,0,0,1
1218,12:34:00,12:34:00,115,6,,0,0,1
1218,12:43:00,12:43:00,17,7,,0,0,1
1219,12:12:00,12:12:00,23,1,,0,0,1
1219,12:20:00,12:20:00,118,2,,0,0,1
1219,12:36:00,12:36:00,24,3,,0,0,1
1219,12:46:00,12:46:00,11,4,,0,0,1
1219,12:56:00,12:56:00,87,5,,0,0,1
1219,13:04:00,13:04:00,115,6,,0,0,1
1219,13:13:00,13:13:00,17,7,,0,0,1
1220,12:51:00,12:51:00,23,1,,0,0,1
1220,12:59:00,12:59:00,118,2,,0,0,1
1220,13:15:00,13:15:00,24,3,,0,0,1
1220,13:25:00,13:25:00,11,4,,0,0,1
1220,13:35:00,13:35:00,87,5,,0,0,1
1220,13:43:00,13:43:00,115,6,,0,0,1
1220,13:52:00,13:52:00,17,7,,0,0,1
1221,13:25:00,13:25:00,23,1,,0,0,1
1221,13:33:00,13:33:00,118,2,,0,0,1
1221,13:49:00,13:49:00,24,3,,0,0,1
1221,13:59:00,13:59:00,11,4,,0,0,1
1221,14:09:00,14:09:00,87,5,,0,0,1
1221,14:17:00,14:17:00,115,6,,0,0,1
1221,14:26:00,14:26:00,17,7,,0,0,1
1222,13:59:00,13:59:00,23,1,,0,0,1
1222,14:07:00,14:07:00,118,2,,0,0,1
1222,14:23:00,14:23:00,24,3,,0,0,1
1222,14:33:00,14:33:00,11,4,,0,0,1
1222,14:43:00,14:43:00,87,5,,0,0,1
1222,14:51:00,14:51:00,115,6,,0,0,1
1222,15:00:00,15:00:00,17,7,,0,0,1
1223,14:27:00,14:27:00,23,1,,0,0,1
1223,14:35:00,14:35:00,118,2,,0,0,1
1223,14:51:00,14:51:00,24,3,,0,0,1
1223,15:01:00,15:01:00,11,4,,0,0,1
1223,15:11:00,15:11:00,87,5,,0,0,1
1223,15:19:00,15:19:00,115,6,,0,0,1
1223,15:28:00,15:28:00,17,7,,0,0,1
1224,15:05:00,15:05:00,23,1,,0,0,1
1224,15:13:00,15:13:00,118,2,,0,0,1
1224,15:29:00,15:29:00,24,3,,0,0,1
1224,15:39:00,15:39:00,11,4,,0,0,1
1224,15:49:00,15:49:00,87,5,,0,0,1
1224,15:57:00,15:57:00,115,6,,0,0,1
1224,16:06:00,16:06:00,17,7,,0,0,1
1225,16:05:00,16:05:00,23,1,,0,0,1
1225,16:13:00,16:13:00,118,2,,0,0,1
1225,16:29:00,16:29:00,24,3,,0,0,1
1225,16:39:00,16:39:00,11,4,,0,0,1
1225,16:49:00,16:49:00,87,5,,0,0,1
1225,16:57:00,16:57:00,115,6,,0,0,1
1225,17:06:00,17:06:00,17,7,,0,0,1
1226,16:39:00,16:39:00,23,1,,0,0,1
1226,16:47:00,16:47:00,118,2,,0,0,1
1226,17:03:00,17:03:00,24,3,,0,0,1
1226,17:13:00,17:13:00,11,4,,0,0,1
1226,17:23:00,17:23:00,87,5,,0,0,1
1226,17:31:00,17:31:00,115,6,,0,0,1
1226,17:40:00,17:40:00,17,7,,0,0,1
1227,17:05:00,17:05:00,23,1,,0,0,1
1227,17:13:00,17:13:00,118,2,,0,0,1
1227,17:29:00,17:29:00,24,3,,0,0,1
1227,17:39:00,17:39:00,11,4,,0,0,1
1227,17:49:00,17:49:00,87,5,,0,0,1
1227,17:57:00,17:57:00,115,6,,0,0,1
1227,18:06:00,18:06:00,17,7,,0,0,1
1228,17:45:00,17:45:00,23,1,,0,0,1
1228,17:53:00,17:53:00,118,2,,0,0,1
1228,18:09:00,18:09:00,24,3,,0,0,1
1228,18:19:00,18:19:00,11,4,,0,0,1
1228,18:29:00,18:29:00,87,5,,0,0,1
1228,18:37:00,18:37:00,115,6,,0,0,1
1228,18:46:00,18:46:00,17,7,,0,0,1
1229,18:19:00,18:19:00,23,1,,0,0,1
1229,18:27:00,18:27:00,118,2,,0,0,1
1229,18:43:00,18:43:00,24,3,,0,0,1
1229,18:53:00,18:53:00,11,4,,0,0,1
1229,19:03:00,19:03:00,87,5,,0,0,1
1229,19:11:00,19:11:00,115,6,,0,0,1
1229,19:20:00,19:20:00,17,7,,0,0,1
1230,18:53:00,18:53:00,23,1,,0,0,1
1230,19:01:00,19:01:00,118,2,,0,0,1
1230,19:17:00,19:17:00,24,3,,0,0,1
1230,19:27:00,19:27:00,11,4,,0,0,1
1230,19:37:00,19:37:00,87,5,,0,0,1
1230,19:45:00,19:45:00,115,6,,0,0,1
1230,19:54:00,19:54:00,17,7,,0,0,1
1231,19:19:00,19:19:00,23,1,,0,0,1
1231,19:27:00,19:27:00,118,2,,0,0,1
1231,19:43:00,19:43:00,24,3,,0,0,1
1231,19:53:00,19:53:00,11,4,,0,0,1
1231,20:03:00,20:03:00,87,5,,0,0,1
1231,20:11:00,20:11:00,115,6,,0,0,1
1231,20:20:00,20:20:00,17,7,,0,0,1
1232,19:59:00,19:59:00,23,1,,0,0,1
1232,20:07:00,20:07:00,118,2,,0,0,1
1232,20:23:00,20:23:00,24,3,,0,0,1
1232,20:33:00,20:33:00,11,4,,0,0,1
1232,20:43:00,20:43:00,87,5,,0,0,1
1232,20:51:00,20:51:00,115,6,,0,0,1
1232,21:00:00,21:00:00,17,7,,0,0,1
1233,21:07:00,21:07:00,23,1,,0,0,1
1233,21:15:00,21:15:00,118,2,,0,0,1
1233,21:31:00,21:31:00,24,3,,0,0,1
1233,21:41:00,21:41:00,11,4,,0,0,1
1233,21:51:00,21:51:00,87,5,,0,0,1
1233,21:59:00,21:59:00,115,6,,0,0,1
1233,22:08:00,22:08:00,17,7,,0,0,1
1234,04:34:00,04:34:00,62,1,,0,0,1
1234,04:36:00,04:36:00,61,2,,0,0,1
1234,04:40:00,04:40:00,37,3,,0,0,1
1234,04:43:00,04:43:00,103,4,,0,0,1
1234,04:49:00,04:49:00,105,5,,0,0,1
1234,04:52:00,04:52:00,39,6,,0,0,1
1234,04:56:00,04:56:00,104,7,,0,0,1
1234,04:58:00,04:58:00,142,8,,0,0,1
1234,05:04:00,05:04:00,16,9,,0,0,1
1235,05:18:00,05:18:00,62,1,,0,0,1
1235,05:20:00,05:20:00,61,2,,0,0,1
1235,05:24:00,05:24:00,37,3,,0,0,1
1235,05:27:00,05:27:00,103,4,,0,0,1
1235,05:33:00,05:33:00,105,5,,0,0,1
1235,05:36:00,05:36:00,39,6,,0,0,1
1235,05:40:00,05:40:00,104,7,,0,0,1
1235,05:42:00,05:42:00,142,8,,0,0,1
1235,05:48:00,05:48:00,16,9,,0,0,1
1236,06:02:00,06:02:00,62,1,,0,0,1
1236,06:04:00,06:04:00,61,2,,0,0,1
1236,06:08:00,06:08:00,37,3,,0,0,1
1236,06:11:00,06:11:00,103,4,,0,0,1
1236,06:17:00,06:17:00,105,5,,0,0,1
1236,06:20:00,06:20:00,39,6,,0,0,1
1236,06:24:00,06:24:00,104,7,,0,0,1
1236,06:26:00,06:26:00,142,8,,0,0,1
1236,06:32:00,06:32:00,16,9,,0,0,1
1237,06:44:00,06:44:00,62,1,,0,0,1
1237,06:46:00,06:46:00,61,2,,0,0,1
1237,06:50:00,06:50:00,37,3,,0,0,1
1237,06:53:00,06:53:00,103,4,,0,0,1
1237,06:59:00,06:59:00,105,5,,0,0,1
1237,07:02:00,07:02:00,39,6,,0,0,1
1237,07:06:00,07:06:00,104,7,,0,0,1
1237,07:08:00,07:08:00,142,8,,0,0,1
1237,07:14:00,07:14:00,16,9,,0,0,1
1238,07:28:00,07:28:00,62,1,,0,0,1
1238,07:30:00,07:30:00,61,2,,0,0,1
1238,07:34:00,07:34:00,37,3,,0,0,1
1238,07:37:00,07:37:00,103,4,,0,0,1
1238,07:43:00,07:43:00,105,5,,0,0,1
1238,07:46:00,07:46:00,39,6,,0,0,1
1238,07:50:00,07:50:00,104,7,,0,0,1
1238,07:52:00,07:52:00,142,8,,0,0,1
1238,07:58:00,07:58:00,16,9,,0,0,1
1239,08:12:00,08:12:00,62,1,,0,0,1
1239,08:14:00,08:14:00,61,2,,0,0,1
1239,08:18:00,08:18:00,37,3,,0,0,1
1239,08:21:00,08:21:00,103,4,,0,0,1
1239,08:27:00,08:27:00,105,5,,0,0,1
1239,08:30:00,08:30:00,39,6,,0,0,1
1239,08:34:00,08:34:00,104,7,,0,0,1
1239,08:36:00,08:36:00,142,8,,0,0,1
1239,08:42:00,08:42:00,16,9,,0,0,1
1240,09:21:00,09:21:00,62,1,,0,0,1
1240,09:23:00,09:23:00,61,2,,0,0,1
1240,09:27:00,09:27:00,37,3,,0,0,1
1240,09:30:00,09:30:00,103,4,,0,0,1
1240,09:36:00,09:36:00,105,5,,0,0,1
1240,09:39:00,09:39:00,39,6,,0,0,1
1240,09:43:00,09:43:00,104,7,,0,0,1
1240,09:45:00,09:45:00,142,8,,0,0,1
1240,09:51:00,09:51:00,16,9,,0,0,1
1241,14:57:00,14:57:00,62,1,,0,0,1
1241,14:59:00,14:59:00,61,2,,0,0,1
1241,15:03:00,15:03:00,37,3,,0,0,1
1241,15:06:00,15:06:00,103,4,,0,0,1
1241,15:12:00,15:12:00,105,5,,0,0,1
1241,15:15:00,15:15:00,39,6,,0,0,1
1241,15:19:00,15:19:00,104,7,,0,0,1
1241,15:21:00,15:21:00,142,8,,0,0,1
1241,15:27:00,15:27:00,16,9,,0,0,1
1242,15:41:00,15:41:00,62,1,,0,0,1
1242,15:43:00,15:43:00,61,2,,0,0,1
1242,15:47:00,15:47:00,37,3,,0,0,1
1242,15:50:00,15:50:00,103,4,,0,0,1
1242,15:56:00,15:56:00,105,5,,0,0,1
1242,15:59:00,15:59:00,39,6,,0,0,1
1242,16:03:00,16:03:00,104,7,,0,0,1
1242,16:05:00,16:05:00,142,8,,0,0,1
1242,16:11:00,16:11:00,16,9,,0,0,1
1243,16:25:00,16:25:00,62,1,,0,0,1
1243,16:27:00,16:27:00,61,2,,0,0,1
1243,16:31:00,16:31:00,37,3,,0,0,1
1243,16:34:00,16:34:00,103,4,,0,0,1
1243,16:40:00,16:40:00,105,5,,0,0,1
1243,16:43:00,16:43:00,39,6,,0,0,1
1243,16:47:00,16:47:00,104,7,,0,0,1
1243,16:49:00,16:49:00,142,8,,0,0,1
1243,16:55:00,16:55:00,16,9,,0,0,1
1244,17:09:00,17:09:00,62,1,,0,0,1
1244,17:11:00,17:11:00,61,2,,0,0,1
1244,17:15:00,17:15:00,37,3,,0,0,1
1244,17:18:00,17:18:00,103,4,,0,0,1
1244,17:24:00,17:24:00,105,5,,0,0,1
1244,17:27:00,17:27:00,39,6,,0,0,1
1244,17:31:00,17:31:00,104,7,,0,0,1
1244,17:33:00,17:33:00,142,8,,0,0,1
1244,17:39:00,17:39:00,16,9,,0,0,1
1245,17:50:00,17:50:00,62,1,,0,0,1
1245,17:52:00,17:52:00,61,2,,0,0,1
1245,17:56:00,17:56:00,37,3,,0,0,1
1245,17:59:00,17:59:00,103,4,,0,0,1
1245,18:05:00,18:05:00,105,5,,0,0,1
1245,18:08:00,18:08:00,39,6,,0,0,1
1245,18:12:00,18:12:00,104,7,,0,0,1
1245,18:14:00,18:14:00,142,8,,0,0,1
1245,18:20:00,18:20:00,16,9,,0,0,1
1246,18:34:00,18:34:00,62,1,,0,0,1
1246,18:36:00,18:36:00,61,2,,0,0,1
1246,18:40:00,18:40:00,37,3,,0,0,1
1246,18:43:00,18:43:00,103,4,,0,0,1
1246,18:49:00,18:49:00,105,5,,0,0,1
1246,18:52:00,18:52:00,39,6,,0,0,1
1246,18:56:00,18:56:00,104,7,,0,0,1
1246,18:58:00,18:58:00,142,8,,0,0,1
1246,19:04:00,19:04:00,16,9,,0,0,1
1247,05:06:00,05:06:00,16,1,,0,1,1
1247,05:12:00,05:12:00,149,2,,1,0,1
1247,05:16:00,05:16:00,43,3,,1,0,1
1247,05:19:00,05:19:00,150,4,,1,0,1
1247,05:25:00,05:25:00,151,5,,1,0,1
1247,05:28:00,05:28:00,45,6,,1,0,1
1247,05:32:00,05:32:00,46,7,,1,0,1
1247,05:34:00,05:34:00,62,8,,0,0,1
1248,05:50:00,05:50:00,16,1,,0,1,1
1248,05:56:00,05:56:00,149,2,,1,0,1
1248,06:00:00,06:00:00,43,3,,1,0,1
1248,06:03:00,06:03:00,150,4,,1,0,1
1248,06:09:00,06:09:00,151,5,,1,0,1
1248,06:12:00,06:12:00,45,6,,1,0,1
1248,06:16:00,06:16:00,46,7,,1,0,1
1248,06:18:00,06:18:00,62,8,,0,0,1
1249,06:34:00,06:34:00,16,1,,0,1,1
1249,06:40:00,06:40:00,149,2,,1,0,1
1249,06:44:00,06:44:00,43,3,,1,0,1
1249,06:47:00,06:47:00,150,4,,1,0,1
1249,06:53:00,06:53:00,151,5,,1,0,1
1249,06:56:00,06:56:00,45,6,,1,0,1
1249,07:00:00,07:00:00,46,7,,1,0,1
1249,07:02:00,07:02:00,62,8,,0,0,1
1250,07:16:00,07:16:00,16,1,,0,1,1
1250,07:22:00,07:22:00,149,2,,1,0,1
1250,07:26:00,07:26:00,43,3,,1,0,1
1250,07:29:00,07:29:00,150,4,,1,0,1
1250,07:35:00,07:35:00,151,5,,1,0,1
1250,07:38:00,07:38:00,45,6,,1,0,1
1250,07:42:00,07:42:00,46,7,,1,0,1
1250,07:44:00,07:44:00,62,8,,0,0,1
1251,08:00:00,08:00:00,16,1,,0,1,1
1251,08:06:00,08:06:00,149,2,,1,0,1
1251,08:10:00,08:10:00,43,3,,1,0,1
1251,08:13:00,08:13:00,150,4,,1,0,1
1251,08:19:00,08:19:00,151,5,,1,0,1
1251,08:22:00,08:22:00,45,6,,1,0,1
1251,08:26:00,08:26:00,46,7,,1,0,1
1251,08:28:00,08:28:00,62,8,,0,0,1
1252,08:44:00,08:44:00,16,1,,0,1,1
1252,08:50:00,08:50:00,149,2,,1,0,1
1252,08:54:00,08:54:00,43,3,,1,0,1
1252,08:57:00,08:57:00,150,4,,1,0,1
1252,09:03:00,09:03:00,151,5,,1,0,1
1252,09:06:00,09:06:00,45,6,,1,0,1
1252,09:10:00,09:10:00,46,7,,1,0,1
1252,09:12:00,09:12:00,62,8,,0,0,1
1253,09:53:00,09:53:00,16,1,,0,1,1
1253,09:59:00,09:59:00,149,2,,1,0,1
1253,10:03:00,10:03:00,43,3,,1,0,1
1253,10:06:00,10:06:00,150,4,,1,0,1
1253,10:12:00,10:12:00,151,5,,1,0,1
1253,10:15:00,10:15:00,45,6,,1,0,1
1253,10:19:00,10:19:00,46,7,,1,0,1
1253,10:21:00,10:21:00,62,8,,0,0,1
1254,15:29:00,15:29:00,16,1,,0,1,1
1254,15:35:00,15:35:00,149,2,,1,0,1
1254,15:39:00,15:39:00,43,3,,1,0,1
1254,15:42:00,15:42:00,150,4,,1,0,1
1254,15:48:00,15:48:00,151,5,,1,0,1
1254,15:51:00,15:51:00,45,6,,1,0,1
1254,15:55:00,15:55:00,46,7,,1,0,1
1254,15:57:00,15:57:00,62,8,,0,0,1
1255,16:13:00,16:13:00,16,1,,0,1,1
1255,16:19:00,16:19:00,149,2,,1,0,1
1255,16:23:00,16:23:00,43,3,,1,0,1
1255,16:26:00,16:26:00,150,4,,1,0,1
1255,16:32:00,16:32:00,151,5,,1,0,1
1255,16:35:00,16:35:00,45,6,,1,0,1
1255,16:39:00,16:39:00,46,7,,1,0,1
1255,16:41:00,16:41:00,62,8,,0,0,1
1256,16:57:00,16:57:00,16,1,,0,1,1
1256,17:03:00,17:03:00,149,2,,1,0,1
1256,17:07:00,17:07:00,43,3,,1,0,1
1256,17:10:00,17:10:00,150,4,,1,0,1
1256,17:16:00,17:16:00,151,5,,1,0,1
1256,17:19:00,17:19:00,45,6,,1,0,1
1256,17:23:00,17:23:00,46,7,,1,0,1
1256,17:25:00,17:25:00,62,8,,0,0,1
1257,17:41:00,17:41:00,16,1,,0,1,1
1257,17:47:00,17:47:00,149,2,,1,0,1
1257,17:51:00,17:51:00,43,3,,1,0,1
1257,17:54:00,17:54:00,150,4,,1,0,1
1257,18:00:00,18:00:00,151,5,,1,0,1
1257,18:03:00,18:03:00,45,6,,1,0,1
1257,18:07:00,18:07:00,46,7,,1,0,1
1257,18:09:00,18:09:00,62,8,,0,0,1
1258,18:22:00,18:22:00,16,1,,0,1,1
1258,18:28:00,18:28:00,149,2,,1,0,1
1258,18:32:00,18:32:00,43,3,,1,0,1
1258,18:35:00,18:35:00,150,4,,1,0,1
1258,18:41:00,18:41:00,151,5,,1,0,1
1258,18:44:00,18:44:00,45,6,,1,0,1
1258,18:48:00,18:48:00,46,7,,1,0,1
1258,18:50:00,18:50:00,62,8,,0,0,1
1259,19:06:00,19:06:00,16,1,,0,1,1
1259,19:12:00,19:12:00,149,2,,1,0,1
1259,19:16:00,19:16:00,43,3,,1,0,1
1259,19:19:00,19:19:00,150,4,,1,0,1
1259,19:25:00,19:25:00,151,5,,1,0,1
1259,19:28:00,19:28:00,45,6,,1,0,1
1259,19:32:00,19:32:00,46,7,,1,0,1
1259,19:34:00,19:34:00,62,8,,0,0,1
1260,04:49:00,04:49:00,48,1,,0,0,1
1260,04:51:00,04:51:00,49,2,,0,0,1
1260,04:52:00,04:52:00,50,3,,0,0,1
1260,04:54:00,04:54:00,51,4,,0,0,1
1260,04:56:00,04:56:00,52,5,,0,0,1
1260,04:58:00,04:58:00,145,6,,0,0,1
1260,05:04:00,05:04:00,16,7,,0,0,1
1305,05:33:00,05:33:00,48,1,,0,0,1
1305,05:35:00,05:35:00,49,2,,0,0,1
1305,05:36:00,05:36:00,50,3,,0,0,1
1305,05:38:00,05:38:00,51,4,,0,0,1
1305,05:40:00,05:40:00,52,5,,0,0,1
1305,05:42:00,05:42:00,145,6,,0,0,1
1305,05:48:00,05:48:00,16,7,,0,0,1
1357,06:17:00,06:17:00,48,1,,0,0,1
1357,06:19:00,06:19:00,49,2,,0,0,1
1357,06:20:00,06:20:00,50,3,,0,0,1
1357,06:22:00,06:22:00,51,4,,0,0,1
1357,06:24:00,06:24:00,52,5,,0,0,1
1357,06:26:00,06:26:00,145,6,,0,0,1
1357,06:32:00,06:32:00,16,7,,0,0,1
1358,06:59:00,06:59:00,48,1,,0,0,1
1358,07:01:00,07:01:00,49,2,,0,0,1
1358,07:02:00,07:02:00,50,3,,0,0,1
1358,07:04:00,07:04:00,51,4,,0,0,1
1358,07:06:00,07:06:00,52,5,,0,0,1
1358,07:08:00,07:08:00,145,6,,0,0,1
1358,07:14:00,07:14:00,16,7,,0,0,1
1359,07:43:00,07:43:00,48,1,,0,0,1
1359,07:45:00,07:45:00,49,2,,0,0,1
1359,07:46:00,07:46:00,50,3,,0,0,1
1359,07:48:00,07:48:00,51,4,,0,0,1
1359,07:50:00,07:50:00,52,5,,0,0,1
1359,07:52:00,07:52:00,145,6,,0,0,1
1359,07:58:00,07:58:00,16,7,,0,0,1
1360,08:27:00,08:27:00,48,1,,0,0,1
1360,08:29:00,08:29:00,49,2,,0,0,1
1360,08:30:00,08:30:00,50,3,,0,0,1
1360,08:32:00,08:32:00,51,4,,0,0,1
1360,08:34:00,08:34:00,52,5,,0,0,1
1360,08:36:00,08:36:00,145,6,,0,0,1
1360,08:42:00,08:42:00,16,7,,0,0,1
1361,09:36:00,09:36:00,48,1,,0,0,1
1361,09:38:00,09:38:00,49,2,,0,0,1
1361,09:39:00,09:39:00,50,3,,0,0,1
1361,09:41:00,09:41:00,51,4,,0,0,1
1361,09:43:00,09:43:00,52,5,,0,0,1
1361,09:45:00,09:45:00,145,6,,0,0,1
1361,09:51:00,09:51:00,16,7,,0,0,1
1362,15:12:00,15:12:00,48,1,,0,0,1
1362,15:14:00,15:14:00,49,2,,0,0,1
1362,15:15:00,15:15:00,50,3,,0,0,1
1362,15:17:00,15:17:00,51,4,,0,0,1
1362,15:19:00,15:19:00,52,5,,0,0,1
1362,15:21:00,15:21:00,145,6,,0,0,1
1362,15:27:00,15:27:00,16,7,,0,0,1
1363,15:56:00,15:56:00,48,1,,0,0,1
1363,15:58:00,15:58:00,49,2,,0,0,1
1363,15:59:00,15:59:00,50,3,,0,0,1
1363,16:01:00,16:01:00,51,4,,0,0,1
1363,16:03:00,16:03:00,52,5,,0,0,1
1363,16:05:00,16:05:00,145,6,,0,0,1
1363,16:11:00,16:11:00,16,7,,0,0,1
1364,16:40:00,16:40:00,48,1,,0,0,1
1364,16:42:00,16:42:00,49,2,,0,0,1
1364,16:43:00,16:43:00,50,3,,0,0,1
1364,16:45:00,16:45:00,51,4,,0,0,1
1364,16:47:00,16:47:00,52,5,,0,0,1
1364,16:49:00,16:49:00,145,6,,0,0,1
1364,16:55:00,16:55:00,16,7,,0,0,1
1365,17:24:00,17:24:00,48,1,,0,0,1
1365,17:26:00,17:26:00,49,2,,0,0,1
1365,17:27:00,17:27:00,50,3,,0,0,1
1365,17:29:00,17:29:00,51,4,,0,0,1
1365,17:31:00,17:31:00,52,5,,0,0,1
1365,17:33:00,17:33:00,145,6,,0,0,1
1365,17:39:00,17:39:00,16,7,,0,0,1
1366,18:05:00,18:05:00,48,1,,0,0,1
1366,18:07:00,18:07:00,49,2,,0,0,1
1366,18:08:00,18:08:00,50,3,,0,0,1
1366,18:10:00,18:10:00,51,4,,0,0,1
1366,18:12:00,18:12:00,52,5,,0,0,1
1366,18:14:00,18:14:00,145,6,,0,0,1
1366,18:20:00,18:20:00,16,7,,0,0,1
1367,18:49:00,18:49:00,48,1,,0,0,1
1367,18:51:00,18:51:00,49,2,,0,0,1
1367,18:52:00,18:52:00,50,3,,0,0,1
1367,18:54:00,18:54:00,51,4,,0,0,1
1367,18:56:00,18:56:00,52,5,,0,0,1
1367,18:58:00,18:58:00,145,6,,0,0,1
1367,19:04:00,19:04:00,16,7,,0,0,1
1368,05:06:00,05:06:00,16,1,,0,0,1
1368,05:12:00,05:12:00,55,2,,1,0,1
1368,05:14:00,05:14:00,56,3,,1,0,1
1368,05:16:00,05:16:00,57,4,,1,0,1
1368,05:18:00,05:18:00,58,5,,1,0,1
1368,05:19:00,05:19:00,49,6,,1,0,1
1368,05:21:00,05:21:00,48,7,,0,0,1
1369,05:50:00,05:50:00,16,1,,0,0,1
1369,05:56:00,05:56:00,55,2,,1,0,1
1369,05:58:00,05:58:00,56,3,,1,0,1
1369,06:00:00,06:00:00,57,4,,1,0,1
1369,06:02:00,06:02:00,58,5,,1,0,1
1369,06:03:00,06:03:00,49,6,,1,0,1
1369,06:05:00,06:05:00,48,7,,0,0,1
1370,06:34:00,06:34:00,16,1,,0,0,1
1370,06:40:00,06:40:00,55,2,,1,0,1
1370,06:42:00,06:42:00,56,3,,1,0,1
1370,06:44:00,06:44:00,57,4,,1,0,1
1370,06:46:00,06:46:00,58,5,,1,0,1
1370,06:47:00,06:47:00,49,6,,1,0,1
1370,06:49:00,06:49:00,48,7,,0,0,1
1371,07:16:00,07:16:00,16,1,,0,0,1
1371,07:22:00,07:22:00,55,2,,1,0,1
1371,07:24:00,07:24:00,56,3,,1,0,1
1371,07:26:00,07:26:00,57,4,,1,0,1
1371,07:28:00,07:28:00,58,5,,1,0,1
1371,07:29:00,07:29:00,49,6,,1,0,1
1371,07:31:00,07:31:00,48,7,,0,0,1
1372,08:00:00,08:00:00,16,1,,0,0,1
1372,08:06:00,08:06:00,55,2,,1,0,1
1372,08:08:00,08:08:00,56,3,,1,0,1
1372,08:10:00,08:10:00,57,4,,1,0,1
1372,08:12:00,08:12:00,58,5,,1,0,1
1372,08:13:00,08:13:00,49,6,,1,0,1
1372,08:15:00,08:15:00,48,7,,0,0,1
1373,08:44:00,08:44:00,16,1,,0,0,1
1373,08:50:00,08:50:00,55,2,,1,0,1
1373,08:52:00,08:52:00,56,3,,1,0,1
1373,08:54:00,08:54:00,57,4,,1,0,1
1373,08:56:00,08:56:00,58,5,,1,0,1
1373,08:57:00,08:57:00,49,6,,1,0,1
1373,08:59:00,08:59:00,48,7,,0,0,1
1374,09:53:00,09:53:00,16,1,,0,0,1
1374,09:59:00,09:59:00,55,2,,1,0,1
1374,10:01:00,10:01:00,56,3,,1,0,1
1374,10:03:00,10:03:00,57,4,,1,0,1
1374,10:05:00,10:05:00,58,5,,1,0,1
1374,10:06:00,10:06:00,49,6,,1,0,1
1374,10:08:00,10:08:00,48,7,,0,0,1
1375,15:29:00,15:29:00,16,1,,0,0,1
1375,15:35:00,15:35:00,55,2,,1,0,1
1375,15:37:00,15:37:00,56,3,,1,0,1
1375,15:39:00,15:39:00,57,4,,1,0,1
1375,15:41:00,15:41:00,58,5,,1,0,1
1375,15:42:00,15:42:00,49,6,,1,0,1
1375,15:44:00,15:44:00,48,7,,0,0,1
1376,16:13:00,16:13:00,16,1,,0,0,1
1376,16:19:00,16:19:00,55,2,,1,0,1
1376,16:21:00,16:21:00,56,3,,1,0,1
1376,16:23:00,16:23:00,57,4,,1,0,1
1376,16:25:00,16:25:00,58,5,,1,0,1
1376,16:26:00,16:26:00,49,6,,1,0,1
1376,16:28:00,16:28:00,48,7,,0,0,1
1378,16:57:00,16:57:00,16,1,,0,0,1
1378,17:03:00,17:03:00,55,2,,1,0,1
1378,17:05:00,17:05:00,56,3,,1,0,1
1378,17:07:00,17:07:00,57,4,,1,0,1
1378,17:09:00,17:09:00,58,5,,1,0,1
1378,17:10:00,17:10:00,49,6,,1,0,1
1378,17:12:00,17:12:00,48,7,,0,0,1
1379,17:41:00,17:41:00,16,1,,0,0,1
1379,17:47:00,17:47:00,55,2,,1,0,1
1379,17:49:00,17:49:00,56,3,,1,0,1
1379,17:51:00,17:51:00,57,4,,1,0,1
1379,17:53:00,17:53:00,58,5,,1,0,1
1379,17:54:00,17:54:00,49,6,,1,0,1
1379,17:56:00,17:56:00,48,7,,0,0,1
1380,18:22:00,18:22:00,16,1,,0,0,1
1380,18:28:00,18:28:00,55,2,,1,0,1
1380,18:30:00,18:30:00,56,3,,1,0,1
1380,18:32:00,18:32:00,57,4,,1,0,1
1380,18:34:00,18:34:00,58,5,,1,0,1
1380,18:35:00,18:35:00,49,6,,1,0,1
1380,18:37:00,18:37:00,48,7,,0,0,1
1381,19:06:00,19:06:00,16,1,,0,0,1
1381,19:12:00,19:12:00,55,2,,1,0,1
1381,19:14:00,19:14:00,56,3,,1,0,1
1381,19:16:00,19:16:00,57,4,,1,0,1
1381,19:18:00,19:18:00,58,5,,1,0,1
1381,19:19:00,19:19:00,49,6,,1,0,1
1381,19:21:00,19:21:00,48,7,,0,0,1
1382,08:18:00,08:18:00,62,1,,0,0,1
1382,08:20:00,08:20:00,61,2,,0,0,1
1382,08:23:00,08:23:00,37,3,,0,0,1
1382,08:26:00,08:26:00,103,4,,0,0,1
1382,08:32:00,08:32:00,105,5,,0,0,1
1382,08:35:00,08:35:00,39,6,,0,0,1
1382,08:38:00,08:38:00,104,7,,0,0,1
1382,08:40:00,08:40:00,142,8,,0,0,1
1382,08:45:00,08:45:00,16,9,,0,0,1
1383,08:48:00,08:48:00,62,1,,0,0,1
1383,08:50:00,08:50:00,61,2,,0,0,1
1383,08:53:00,08:53:00,37,3,,0,0,1
1383,08:56:00,08:56:00,103,4,,0,0,1
1383,09:02:00,09:02:00,105,5,,0,0,1
1383,09:05:00,09:05:00,39,6,,0,0,1
1383,09:08:00,09:08:00,104,7,,0,0,1
1383,09:10:00,09:10:00,142,8,,0,0,1
1383,09:15:00,09:15:00,16,9,,0,0,1
1384,09:18:00,09:18:00,62,1,,0,0,1
1384,09:20:00,09:20:00,61,2,,0,0,1
1384,09:23:00,09:23:00,37,3,,0,0,1
1384,09:26:00,09:26:00,103,4,,0,0,1
1384,09:32:00,09:32:00,105,5,,0,0,1
1384,09:35:00,09:35:00,39,6,,0,0,1
1384,09:38:00,09:38:00,104,7,,0,0,1
1384,09:40:00,09:40:00,142,8,,0,0,1
1384,09:45:00,09:45:00,16,9,,0,0,1
1385,09:48:00,09:48:00,62,1,,0,0,1
1385,09:50:00,09:50:00,61,2,,0,0,1
1385,09:53:00,09:53:00,37,3,,0,0,1
1385,09:56:00,09:56:00,103,4,,0,0,1
1385,10:02:00,10:02:00,105,5,,0,0,1
1385,10:05:00,10:05:00,39,6,,0,0,1
1385,10:08:00,10:08:00,104,7,,0,0,1
1385,10:10:00,10:10:00,142,8,,0,0,1
1385,10:15:00,10:15:00,16,9,,0,0,1
1386,10:18:00,10:18:00,62,1,,0,0,1
1386,10:20:00,10:20:00,61,2,,0,0,1
1386,10:23:00,10:23:00,37,3,,0,0,1
1386,10:26:00,10:26:00,103,4,,0,0,1
1386,10:32:00,10:32:00,105,5,,0,0,1
1386,10:35:00,10:35:00,39,6,,0,0,1
1386,10:38:00,10:38:00,104,7,,0,0,1
1386,10:40:00,10:40:00,142,8,,0,0,1
1386,10:45:00,10:45:00,16,9,,0,0,1
1387,10:48:00,10:48:00,62,1,,0,0,1
1387,10:50:00,10:50:00,61,2,,0,0,1
1387,10:53:00,10:53:00,37,3,,0,0,1
1387,10:56:00,10:56:00,103,4,,0,0,1
1387,11:02:00,11:02:00,105,5,,0,0,1
1387,11:05:00,11:05:00,39,6,,0,0,1
1387,11:08:00,11:08:00,104,7,,0,0,1
1387,11:10:00,11:10:00,142,8,,0,0,1
1387,11:15:00,11:15:00,16,9,,0,0,1
1388,11:18:00,11:18:00,62,1,,0,0,1
1388,11:20:00,11:20:00,61,2,,0,0,1
1388,11:23:00,11:23:00,37,3,,0,0,1
1388,11:26:00,11:26:00,103,4,,0,0,1
1388,11:32:00,11:32:00,105,5,,0,0,1
1388,11:35:00,11:35:00,39,6,,0,0,1
1388,11:38:00,11:38:00,104,7,,0,0,1
1388,11:40:00,11:40:00,142,8,,0,0,1
1388,11:45:00,11:45:00,16,9,,0,0,1
1389,11:48:00,11:48:00,62,1,,0,0,1
1389,11:50:00,11:50:00,61,2,,0,0,1
1389,11:53:00,11:53:00,37,3,,0,0,1
1389,11:56:00,11:56:00,103,4,,0,0,1
1389,12:02:00,12:02:00,105,5,,0,0,1
1389,12:05:00,12:05:00,39,6,,0,0,1
1389,12:08:00,12:08:00,104,7,,0,0,1
1389,12:10:00,12:10:00,142,8,,0,0,1
1389,12:15:00,12:15:00,16,9,,0,0,1
1390,12:18:00,12:18:00,62,1,,0,0,1
1390,12:20:00,12:20:00,61,2,,0,0,1
1390,12:23:00,12:23:00,37,3,,0,0,1
1390,12:26:00,12:26:00,103,4,,0,0,1
1390,12:32:00,12:32:00,105,5,,0,0,1
1390,12:35:00,12:35:00,39,6,,0,0,1
1390,12:38:00,12:38:00,104,7,,0,0,1
1390,12:40:00,12:40:00,142,8,,0,0,1
1390,12:45:00,12:45:00,16,9,,0,0,1
1391,12:48:00,12:48:00,62,1,,0,0,1
1391,12:50:00,12:50:00,61,2,,0,0,1
1391,12:53:00,12:53:00,37,3,,0,0,1
1391,12:56:00,12:56:00,103,4,,0,0,1
1391,13:02:00,13:02:00,105,5,,0,0,1
1391,13:05:00,13:05:00,39,6,,0,0,1
1391,13:08:00,13:08:00,104,7,,0,0,1
1391,13:10:00,13:10:00,142,8,,0,0,1
1391,13:15:00,13:15:00,16,9,,0,0,1
1392,13:18:00,13:18:00,62,1,,0,0,1
1392,13:20:00,13:20:00,61,2,,0,0,1
1392,13:23:00,13:23:00,37,3,,0,0,1
1392,13:26:00,13:26:00,103,4,,0,0,1
1392,13:32:00,13:32:00,105,5,,0,0,1
1392,13:35:00,13:35:00,39,6,,0,0,1
1392,13:38:00,13:38:00,104,7,,0,0,1
1392,13:40:00,13:40:00,142,8,,0,0,1
1392,13:45:00,13:45:00,16,9,,0,0,1
1393,13:48:00,13:48:00,62,1,,0,0,1
1393,13:50:00,13:50:00,61,2,,0,0,1
1393,13:53:00,13:53:00,37,3,,0,0,1
1393,13:56:00,13:56:00,103,4,,0,0,1
1393,14:02:00,14:02:00,105,5,,0,0,1
1393,14:05:00,14:05:00,39,6,,0,0,1
1393,14:08:00,14:08:00,104,7,,0,0,1
1393,14:10:00,14:10:00,142,8,,0,0,1
1393,14:15:00,14:15:00,16,9,,0,0,1
1394,14:18:00,14:18:00,62,1,,0,0,1
1394,14:20:00,14:20:00,61,2,,0,0,1
1394,14:23:00,14:23:00,37,3,,0,0,1
1394,14:26:00,14:26:00,103,4,,0,0,1
1394,14:32:00,14:32:00,105,5,,0,0,1
1394,14:35:00,14:35:00,39,6,,0,0,1
1394,14:38:00,14:38:00,104,7,,0,0,1
1394,14:40:00,14:40:00,142,8,,0,0,1
1394,14:45:00,14:45:00,16,9,,0,0,1
1395,14:48:00,14:48:00,62,1,,0,0,1
1395,14:50:00,14:50:00,61,2,,0,0,1
1395,14:53:00,14:53:00,37,3,,0,0,1
1395,14:56:00,14:56:00,103,4,,0,0,1
1395,15:02:00,15:02:00,105,5,,0,0,1
1395,15:05:00,15:05:00,39,6,,0,0,1
1395,15:08:00,15:08:00,104,7,,0,0,1
1395,15:10:00,15:10:00,142,8,,0,0,1
1395,15:15:00,15:15:00,16,9,,0,0,1
1396,15:18:00,15:18:00,62,1,,0,0,1
1396,15:20:00,15:20:00,61,2,,0,0,1
1396,15:23:00,15:23:00,37,3,,0,0,1
1396,15:26:00,15:26:00,103,4,,0,0,1
1396,15:32:00,15:32:00,105,5,,0,0,1
1396,15:35:00,15:35:00,39,6,,0,0,1
1396,15:38:00,15:38:00,104,7,,0,0,1
1396,15:40:00,15:40:00,142,8,,0,0,1
1396,15:45:00,15:45:00,16,9,,0,0,1
1397,15:48:00,15:48:00,62,1,,0,0,1
1397,15:50:00,15:50:00,61,2,,0,0,1
1397,15:53:00,15:53:00,37,3,,0,0,1
1397,15:56:00,15:56:00,103,4,,0,0,1
1397,16:02:00,16:02:00,105,5,,0,0,1
1397,16:05:00,16:05:00,39,6,,0,0,1
1397,16:08:00,16:08:00,104,7,,0,0,1
1397,16:10:00,16:10:00,142,8,,0,0,1
1397,16:15:00,16:15:00,16,9,,0,0,1
1398,16:18:00,16:18:00,62,1,,0,0,1
1398,16:20:00,16:20:00,61,2,,0,0,1
1398,16:23:00,16:23:00,37,3,,0,0,1
1398,16:26:00,16:26:00,103,4,,0,0,1
1398,16:32:00,16:32:00,105,5,,0,0,1
1398,16:35:00,16:35:00,39,6,,0,0,1
1398,16:38:00,16:38:00,104,7,,0,0,1
1398,16:40:00,16:40:00,142,8,,0,0,1
1398,16:45:00,16:45:00,16,9,,0,0,1
1399,16:48:00,16:48:00,62,1,,0,0,1
1399,16:50:00,16:50:00,61,2,,0,0,1
1399,16:53:00,16:53:00,37,3,,0,0,1
1399,16:56:00,16:56:00,103,4,,0,0,1
1399,17:02:00,17:02:00,105,5,,0,0,1
1399,17:05:00,17:05:00,39,6,,0,0,1
1399,17:08:00,17:08:00,104,7,,0,0,1
1399,17:10:00,17:10:00,142,8,,0,0,1
1399,17:15:00,17:15:00,16,9,,0,0,1
1400,17:18:00,17:18:00,62,1,,0,0,1
1400,17:20:00,17:20:00,61,2,,0,0,1
1400,17:23:00,17:23:00,37,3,,0,0,1
1400,17:26:00,17:26:00,103,4,,0,0,1
1400,17:32:00,17:32:00,105,5,,0,0,1
1400,17:35:00,17:35:00,39,6,,0,0,1
1400,17:38:00,17:38:00,104,7,,0,0,1
1400,17:40:00,17:40:00,142,8,,0,0,1
1400,17:45:00,17:45:00,16,9,,0,0,1
1401,17:48:00,17:48:00,62,1,,0,0,1
1401,17:50:00,17:50:00,61,2,,0,0,1
1401,17:53:00,17:53:00,37,3,,0,0,1
1401,17:56:00,17:56:00,103,4,,0,0,1
1401,18:02:00,18:02:00,105,5,,0,0,1
1401,18:05:00,18:05:00,39,6,,0,0,1
1401,18:08:00,18:08:00,104,7,,0,0,1
1401,18:10:00,18:10:00,142,8,,0,0,1
1401,18:15:00,18:15:00,16,9,,0,0,1
1402,18:18:00,18:18:00,62,1,,0,0,1
1402,18:20:00,18:20:00,61,2,,0,0,1
1402,18:23:00,18:23:00,37,3,,0,0,1
1402,18:26:00,18:26:00,103,4,,0,0,1
1402,18:32:00,18:32:00,105,5,,0,0,1
1402,18:35:00,18:35:00,39,6,,0,0,1
1402,18:38:00,18:38:00,104,7,,0,0,1
1402,18:40:00,18:40:00,142,8,,0,0,1
1402,18:45:00,18:45:00,16,9,,0,0,1
1403,18:48:00,18:48:00,62,1,,0,0,1
1403,18:50:00,18:50:00,61,2,,0,0,1
1403,18:53:00,18:53:00,37,3,,0,0,1
1403,18:56:00,18:56:00,103,4,,0,0,1
1403,19:02:00,19:02:00,105,5,,0,0,1
1403,19:05:00,19:05:00,39,6,,0,0,1
1403,19:08:00,19:08:00,104,7,,0,0,1
1403,19:10:00,19:10:00,142,8,,0,0,1
1403,19:15:00,19:15:00,16,9,,0,0,1
1404,19:18:00,19:18:00,62,1,,0,0,1
1404,19:20:00,19:20:00,61,2,,0,0,1
1404,19:23:00,19:23:00,37,3,,0,0,1
1404,19:26:00,19:26:00,103,4,,0,0,1
1404,19:32:00,19:32:00,105,5,,0,0,1
1404,19:35:00,19:35:00,39,6,,0,0,1
1404,19:38:00,19:38:00,104,7,,0,0,1
1404,19:40:00,19:40:00,142,8,,0,0,1
1404,19:45:00,19:45:00,16,9,,0,0,1
1405,19:48:00,19:48:00,62,1,,0,0,1
1405,19:50:00,19:50:00,61,2,,0,0,1
1405,19:53:00,19:53:00,37,3,,0,0,1
1405,19:56:00,19:56:00,103,4,,0,0,1
1405,20:02:00,20:02:00,105,5,,0,0,1
1405,20:05:00,20:05:00,39,6,,0,0,1
1405,20:08:00,20:08:00,104,7,,0,0,1
1405,20:10:00,20:10:00,142,8,,0,0,1
1405,20:15:00,20:15:00,16,9,,0,0,1
1406,20:18:00,20:18:00,62,1,,0,0,1
1406,20:20:00,20:20:00,61,2,,0,0,1
1406,20:23:00,20:23:00,37,3,,0,0,1
1406,20:26:00,20:26:00,103,4,,0,0,1
1406,20:32:00,20:32:00,105,5,,0,0,1
1406,20:35:00,20:35:00,39,6,,0,0,1
1406,20:38:00,20:38:00,104,7,,0,0,1
1406,20:40:00,20:40:00,142,8,,0,0,1
1406,20:45:00,20:45:00,16,9,,0,0,1
1407,20:48:00,20:48:00,62,1,,0,0,1
1407,20:50:00,20:50:00,61,2,,0,0,1
1407,20:53:00,20:53:00,37,3,,0,0,1
1407,20:56:00,20:56:00,103,4,,0,0,1
1407,21:02:00,21:02:00,105,5,,0,0,1
1407,21:05:00,21:05:00,39,6,,0,0,1
1407,21:08:00,21:08:00,104,7,,0,0,1
1407,21:10:00,21:10:00,142,8,,0,0,1
1407,21:15:00,21:15:00,16,9,,0,0,1
1408,21:18:00,21:18:00,62,1,,0,0,1
1408,21:20:00,21:20:00,61,2,,0,0,1
1408,21:23:00,21:23:00,37,3,,0,0,1
1408,21:26:00,21:26:00,103,4,,0,0,1
1408,21:32:00,21:32:00,105,5,,0,0,1
1408,21:35:00,21:35:00,39,6,,0,0,1
1408,21:38:00,21:38:00,104,7,,0,0,1
1408,21:40:00,21:40:00,142,8,,0,0,1
1408,21:45:00,21:45:00,16,9,,0,0,1
1409,08:48:00,08:48:00,16,1,,0,1,1
1409,08:53:00,08:53:00,149,2,,1,0,1
1409,08:56:00,08:56:00,43,3,,1,0,1
1409,08:59:00,08:59:00,150,4,,1,0,1
1409,09:05:00,09:05:00,151,5,,1,0,1
1409,09:08:00,09:08:00,45,6,,1,0,1
1409,09:11:00,09:11:00,46,7,,1,0,1
1409,09:13:00,09:13:00,62,8,,0,0,1
1410,09:18:00,09:18:00,16,1,,0,1,1
1410,09:23:00,09:23:00,149,2,,1,0,1
1410,09:26:00,09:26:00,43,3,,1,0,1
1410,09:29:00,09:29:00,150,4,,1,0,1
1410,09:35:00,09:35:00,151,5,,1,0,1
1410,09:38:00,09:38:00,45,6,,1,0,1
1410,09:41:00,09:41:00,46,7,,1,0,1
1410,09:43:00,09:43:00,62,8,,0,0,1
1411,09:48:00,09:48:00,16,1,,0,1,1
1411,09:53:00,09:53:00,149,2,,1,0,1
1411,09:56:00,09:56:00,43,3,,1,0,1
1411,09:59:00,09:59:00,150,4,,1,0,1
1411,10:05:00,10:05:00,151,5,,1,0,1
1411,10:08:00,10:08:00,45,6,,1,0,1
1411,10:11:00,10:11:00,46,7,,1,0,1
1411,10:13:00,10:13:00,62,8,,0,0,1
1412,10:18:00,10:18:00,16,1,,0,1,1
1412,10:23:00,10:23:00,149,2,,1,0,1
1412,10:26:00,10:26:00,43,3,,1,0,1
1412,10:29:00,10:29:00,150,4,,1,0,1
1412,10:35:00,10:35:00,151,5,,1,0,1
1412,10:38:00,10:38:00,45,6,,1,0,1
1412,10:41:00,10:41:00,46,7,,1,0,1
1412,10:43:00,10:43:00,62,8,,0,0,1
1413,10:48:00,10:48:00,16,1,,0,1,1
1413,10:53:00,10:53:00,149,2,,1,0,1
1413,10:56:00,10:56:00,43,3,,1,0,1
1413,10:59:00,10:59:00,150,4,,1,0,1
1413,11:05:00,11:05:00,151,5,,1,0,1
1413,11:08:00,11:08:00,45,6,,1,0,1
1413,11:11:00,11:11:00,46,7,,1,0,1
1413,11:13:00,11:13:00,62,8,,0,0,1
1439,11:18:00,11:18:00,16,1,,0,1,1
1439,11:23:00,11:23:00,149,2,,1,0,1
1439,11:26:00,11:26:00,43,3,,1,0,1
1439,11:29:00,11:29:00,150,4,,1,0,1
1439,11:35:00,11:35:00,151,5,,1,0,1
1439,11:38:00,11:38:00,45,6,,1,0,1
1439,11:41:00,11:41:00,46,7,,1,0,1
1439,11:43:00,11:43:00,62,8,,0,0,1
1440,11:48:00,11:48:00,16,1,,0,1,1
1440,11:53:00,11:53:00,149,2,,1,0,1
1440,11:56:00,11:56:00,43,3,,1,0,1
1440,11:59:00,11:59:00,150,4,,1,0,1
1440,12:05:00,12:05:00,151,5,,1,0,1
1440,12:08:00,12:08:00,45,6,,1,0,1
1440,12:11:00,12:11:00,46,7,,1,0,1
1440,12:13:00,12:13:00,62,8,,0,0,1
1441,12:18:00,12:18:00,16,1,,0,1,1
1441,12:23:00,12:23:00,149,2,,1,0,1
1441,12:26:00,12:26:00,43,3,,1,0,1
1441,12:29:00,12:29:00,150,4,,1,0,1
1441,12:35:00,12:35:00,151,5,,1,0,1
1441,12:38:00,12:38:00,45,6,,1,0,1
1441,12:41:00,12:41:00,46,7,,1,0,1
1441,12:43:00,12:43:00,62,8,,0,0,1
1442,12:48:00,12:48:00,16,1,,0,1,1
1442,12:53:00,12:53:00,149,2,,1,0,1
1442,12:56:00,12:56:00,43,3,,1,0,1
1442,12:59:00,12:59:00,150,4,,1,0,1
1442,13:05:00,13:05:00,151,5,,1,0,1
1442,13:08:00,13:08:00,45,6,,1,0,1
1442,13:11:00,13:11:00,46,7,,1,0,1
1442,13:13:00,13:13:00,62,8,,0,0,1
1443,13:18:00,13:18:00,16,1,,0,1,1
1443,13:23:00,13:23:00,149,2,,1,0,1
1443,13:26:00,13:26:00,43,3,,1,0,1
1443,13:29:00,13:29:00,150,4,,1,0,1
1443,13:35:00,13:35:00,151,5,,1,0,1
1443,13:38:00,13:38:00,45,6,,1,0,1
1443,13:41:00,13:41:00,46,7,,1,0,1
1443,13:43:00,13:43:00,62,8,,0,0,1
1444,13:48:00,13:48:00,16,1,,0,1,1
1444,13:53:00,13:53:00,149,2,,1,0,1
1444,13:56:00,13:56:00,43,3,,1,0,1
1444,13:59:00,13:59:00,150,4,,1,0,1
1444,14:05:00,14:05:00,151,5,,1,0,1
1444,14:08:00,14:08:00,45,6,,1,0,1
1444,14:11:00,14:11:00,46,7,,1,0,1
1444,14:13:00,14:13:00,62,8,,0,0,1
1445,14:18:00,14:18:00,16,1,,0,1,1
1445,14:23:00,14:23:00,149,2,,1,0,1
1445,14:26:00,14:26:00,43,3,,1,0,1
1445,14:29:00,14:29:00,150,4,,1,0,1
1445,14:35:00,14:35:00,151,5,,1,0,1
1445,14:38:00,14:38:00,45,6,,1,0,1
1445,14:41:00,14:41:00,46,7,,1,0,1
1445,14:43:00,14:43:00,62,8,,0,0,1
1446,14:48:00,14:48:00,16,1,,0,1,1
1446,14:53:00,14:53:00,149,2,,1,0,1
1446,14:56:00,14:56:00,43,3,,1,0,1
1446,14:59:00,14:59:00,150,4,,1,0,1
1446,15:05:00,15:05:00,151,5,,1,0,1
1446,15:08:00,15:08:00,45,6,,1,0,1
1446,15:11:00,15:11:00,46,7,,1,0,1
1446,15:13:00,15:13:00,62,8,,0,0,1
1447,15:18:00,15:18:00,16,1,,0,1,1
1447,15:23:00,15:23:00,149,2,,1,0,1
1447,15:26:00,15:26:00,43,3,,1,0,1
1447,15:29:00,15:29:00,150,4,,1,0,1
1447,15:35:00,15:35:00,151,5,,1,0,1
1447,15:38:00,15:38:00,45,6,,1,0,1
1447,15:41:00,15:41:00,46,7,,1,0,1
1447,15:43:00,15:43:00,62,8,,0,0,1
1448,15:48:00,15:48:00,16,1,,0,1,1
1448,15:53:00,15:53:00,149,2,,1,0,1
1448,15:56:00,15:56:00,43,3,,1,0,1
1448,15:59:00,15:59:00,150,4,,1,0,1
1448,16:05:00,16:05:00,151,5,,1,0,1
1448,16:08:00,16:08:00,45,6,,1,0,1
1448,16:11:00,16:11:00,46,7,,1,0,1
1448,16:13:00,16:13:00,62,8,,0,0,1
1449,16:18:00,16:18:00,16,1,,0,1,1
1449,16:23:00,16:23:00,149,2,,1,0,1
1449,16:26:00,16:26:00,43,3,,1,0,1
1449,16:29:00,16:29:00,150,4,,1,0,1
1449,16:35:00,16:35:00,151,5,,1,0,1
1449,16:38:00,16:38:00,45,6,,1,0,1
1449,16:41:00,16:41:00,46,7,,1,0,1
1449,16:43:00,16:43:00,62,8,,0,0,1
1450,16:48:00,16:48:00,16,1,,0,1,1
1450,16:53:00,16:53:00,149,2,,1,0,1
1450,16:56:00,16:56:00,43,3,,1,0,1
1450,16:59:00,16:59:00,150,4,,1,0,1
1450,17:05:00,17:05:00,151,5,,1,0,1
1450,17:08:00,17:08:00,45,6,,1,0,1
1450,17:11:00,17:11:00,46,7,,1,0,1
1450,17:13:00,17:13:00,62,8,,0,0,1
1451,17:18:00,17:18:00,16,1,,0,1,1
1451,17:23:00,17:23:00,149,2,,1,0,1
1451,17:26:00,17:26:00,43,3,,1,0,1
1451,17:29:00,17:29:00,150,4,,1,0,1
1451,17:35:00,17:35:00,151,5,,1,0,1
1451,17:38:00,17:38:00,45,6,,1,0,1
1451,17:41:00,17:41:00,46,7,,1,0,1
1451,17:43:00,17:43:00,62,8,,0,0,1
1452,17:48:00,17:48:00,16,1,,0,1,1
1452,17:53:00,17:53:00,149,2,,1,0,1
1452,17:56:00,17:56:00,43,3,,1,0,1
1452,17:59:00,17:59:00,150,4,,1,0,1
1452,18:05:00,18:05:00,151,5,,1,0,1
1452,18:08:00,18:08:00,45,6,,1,0,1
1452,18:11:00,18:11:00,46,7,,1,0,1
1452,18:13:00,18:13:00,62,8,,0,0,1
1453,18:18:00,18:18:00,16,1,,0,1,1
1453,18:23:00,18:23:00,149,2,,1,0,1
1453,18:26:00,18:26:00,43,3,,1,0,1
1453,18:29:00,18:29:00,150,4,,1,0,1
1453,18:35:00,18:35:00,151,5,,1,0,1
1453,18:38:00,18:38:00,45,6,,1,0,1
1453,18:41:00,18:41:00,46,7,,1,0,1
1453,18:43:00,18:43:00,62,8,,0,0,1
1454,18:48:00,18:48:00,16,1,,0,1,1
1454,18:53:00,18:53:00,149,2,,1,0,1
1454,18:56:00,18:56:00,43,3,,1,0,1
1454,18:59:00,18:59:00,150,4,,1,0,1
1454,19:05:00,19:05:00,151,5,,1,0,1
1454,19:08:00,19:08:00,45,6,,1,0,1
1454,19:11:00,19:11:00,46,7,,1,0,1
1454,19:13:00,19:13:00,62,8,,0,0,1
1455,19:18:00,19:18:00,16,1,,0,1,1
1455,19:23:00,19:23:00,149,2,,1,0,1
1455,19:26:00,19:26:00,43,3,,1,0,1
1455,19:29:00,19:29:00,150,4,,1,0,1
1455,19:35:00,19:35:00,151,5,,1,0,1
1455,19:38:00,19:38:00,45,6,,1,0,1
1455,19:41:00,19:41:00,46,7,,1,0,1
1455,19:43:00,19:43:00,62,8,,0,0,1
1456,19:48:00,19:48:00,16,1,,0,1,1
1456,19:53:00,19:53:00,149,2,,1,0,1
1456,19:56:00,19:56:00,43,3,,1,0,1
1456,19:59:00,19:59:00,150,4,,1,0,1
1456,20:05:00,20:05:00,151,5,,1,0,1
1456,20:08:00,20:08:00,45,6,,1,0,1
1456,20:11:00,20:11:00,46,7,,1,0,1
1456,20:13:00,20:13:00,62,8,,0,0,1
1457,20:18:00,20:18:00,16,1,,0,1,1
1457,20:23:00,20:23:00,149,2,,1,0,1
1457,20:26:00,20:26:00,43,3,,1,0,1
1457,20:29:00,20:29:00,150,4,,1,0,1
1457,20:35:00,20:35:00,151,5,,1,0,1
1457,20:38:00,20:38:00,45,6,,1,0,1
1457,20:41:00,20:41:00,46,7,,1,0,1
1457,20:43:00,20:43:00,62,8,,0,0,1
1458,20:48:00,20:48:00,16,1,,0,1,1
1458,20:53:00,20:53:00,149,2,,1,0,1
1458,20:56:00,20:56:00,43,3,,1,0,1
1458,20:59:00,20:59:00,150,4,,1,0,1
1458,21:05:00,21:05:00,151,5,,1,0,1
1458,21:08:00,21:08:00,45,6,,1,0,1
1458,21:11:00,21:11:00,46,7,,1,0,1
1458,21:13:00,21:13:00,62,8,,0,0,1
1459,21:18:00,21:18:00,16,1,,0,1,1
1459,21:23:00,21:23:00,149,2,,1,0,1
1459,21:26:00,21:26:00,43,3,,1,0,1
1459,21:29:00,21:29:00,150,4,,1,0,1
1459,21:35:00,21:35:00,151,5,,1,0,1
1459,21:38:00,21:38:00,45,6,,1,0,1
1459,21:41:00,21:41:00,46,7,,1,0,1
1459,21:43:00,21:43:00,62,8,,0,0,1
1460,21:48:00,21:48:00,16,1,,0,1,1
1460,21:53:00,21:53:00,149,2,,1,0,1
1460,21:56:00,21:56:00,43,3,,1,0,1
1460,21:59:00,21:59:00,150,4,,1,0,1
1460,22:05:00,22:05:00,151,5,,1,0,1
1460,22:08:00,22:08:00,45,6,,1,0,1
1460,22:11:00,22:11:00,46,7,,1,0,1
1460,22:13:00,22:13:00,62,8,,0,0,1
1461,08:35:00,08:35:00,49,1,,0,0,1
1461,08:36:00,08:36:00,50,2,,0,0,1
1461,08:38:00,08:38:00,51,3,,0,0,1
1461,08:40:00,08:40:00,52,4,,0,0,1
1461,08:42:00,08:42:00,145,5,,0,0,1
1461,08:47:00,08:47:00,16,6,,0,0,1
1462,09:05:00,09:05:00,49,1,,0,0,1
1462,09:06:00,09:06:00,50,2,,0,0,1
1462,09:08:00,09:08:00,51,3,,0,0,1
1462,09:10:00,09:10:00,52,4,,0,0,1
1462,09:12:00,09:12:00,145,5,,0,0,1
1462,09:17:00,09:17:00,16,6,,0,0,1
1463,09:35:00,09:35:00,49,1,,0,0,1
1463,09:36:00,09:36:00,50,2,,0,0,1
1463,09:38:00,09:38:00,51,3,,0,0,1
1463,09:40:00,09:40:00,52,4,,0,0,1
1463,09:42:00,09:42:00,145,5,,0,0,1
1463,09:47:00,09:47:00,16,6,,0,0,1
1464,10:05:00,10:05:00,49,1,,0,0,1
1464,10:06:00,10:06:00,50,2,,0,0,1
1464,10:08:00,10:08:00,51,3,,0,0,1
1464,10:10:00,10:10:00,52,4,,0,0,1
1464,10:12:00,10:12:00,145,5,,0,0,1
1464,10:17:00,10:17:00,16,6,,0,0,1
1465,10:35:00,10:35:00,49,1,,0,0,1
1465,10:36:00,10:36:00,50,2,,0,0,1
1465,10:38:00,10:38:00,51,3,,0,0,1
1465,10:40:00,10:40:00,52,4,,0,0,1
1465,10:42:00,10:42:00,145,5,,0,0,1
1465,10:47:00,10:47:00,16,6,,0,0,1
1466,11:05:00,11:05:00,49,1,,0,0,1
1466,11:06:00,11:06:00,50,2,,0,0,1
1466,11:08:00,11:08:00,51,3,,0,0,1
1466,11:10:00,11:10:00,52,4,,0,0,1
1466,11:12:00,11:12:00,145,5,,0,0,1
1466,11:17:00,11:17:00,16,6,,0,0,1
1467,11:35:00,11:35:00,49,1,,0,0,1
1467,11:36:00,11:36:00,50,2,,0,0,1
1467,11:38:00,11:38:00,51,3,,0,0,1
1467,11:40:00,11:40:00,52,4,,0,0,1
1467,11:42:00,11:42:00,145,5,,0,0,1
1467,11:47:00,11:47:00,16,6,,0,0,1
1468,12:05:00,12:05:00,49,1,,0,0,1
1468,12:06:00,12:06:00,50,2,,0,0,1
1468,12:08:00,12:08:00,51,3,,0,0,1
1468,12:10:00,12:10:00,52,4,,0,0,1
1468,12:12:00,12:12:00,145,5,,0,0,1
1468,12:17:00,12:17:00,16,6,,0,0,1
1469,12:35:00,12:35:00,49,1,,0,0,1
1469,12:36:00,12:36:00,50,2,,0,0,1
1469,12:38:00,12:38:00,51,3,,0,0,1
1469,12:40:00,12:40:00,52,4,,0,0,1
1469,12:42:00,12:42:00,145,5,,0,0,1
1469,12:47:00,12:47:00,16,6,,0,0,1
1470,13:05:00,13:05:00,49,1,,0,0,1
1470,13:06:00,13:06:00,50,2,,0,0,1
1470,13:08:00,13:08:00,51,3,,0,0,1
1470,13:10:00,13:10:00,52,4,,0,0,1
1470,13:12:00,13:12:00,145,5,,0,0,1
1470,13:17:00,13:17:00,16,6,,0,0,1
1471,13:35:00,13:35:00,49,1,,0,0,1
1471,13:36:00,13:36:00,50,2,,0,0,1
1471,13:38:00,13:38:00,51,3,,0,0,1
1471,13:40:00,13:40:00,52,4,,0,0,1
1471,13:42:00,13:42:00,145,5,,0,0,1
1471,13:47:00,13:47:00,16,6,,0,0,1
1472,14:05:00,14:05:00,49,1,,0,0,1
1472,14:06:00,14:06:00,50,2,,0,0,1
1472,14:08:00,14:08:00,51,3,,0,0,1
1472,14:10:00,14:10:00,52,4,,0,0,1
1472,14:12:00,14:12:00,145,5,,0,0,1
1472,14:17:00,14:17:00,16,6,,0,0,1
1473,14:35:00,14:35:00,49,1,,0,0,1
1473,14:36:00,14:36:00,50,2,,0,0,1
1473,14:38:00,14:38:00,51,3,,0,0,1
1473,14:40:00,14:40:00,52,4,,0,0,1
1473,14:42:00,14:42:00,145,5,,0,0,1
1473,14:47:00,14:47:00,16,6,,0,0,1
1474,15:05:00,15:05:00,49,1,,0,0,1
1474,15:06:00,15:06:00,50,2,,0,0,1
1474,15:08:00,15:08:00,51,3,,0,0,1
1474,15:10:00,15:10:00,52,4,,0,0,1
1474,15:12:00,15:12:00,145,5,,0,0,1
1474,15:17:00,15:17:00,16,6,,0,0,1
1512,15:35:00,15:35:00,49,1,,0,0,1
1512,15:36:00,15:36:00,50,2,,0,0,1
1512,15:38:00,15:38:00,51,3,,0,0,1
1512,15:40:00,15:40:00,52,4,,0,0,1
1512,15:42:00,15:42:00,145,5,,0,0,1
1512,15:47:00,15:47:00,16,6,,0,0,1
1513,16:05:00,16:05:00,49,1,,0,0,1
1513,16:06:00,16:06:00,50,2,,0,0,1
1513,16:08:00,16:08:00,51,3,,0,0,1
1513,16:10:00,16:10:00,52,4,,0,0,1
1513,16:12:00,16:12:00,145,5,,0,0,1
1513,16:17:00,16:17:00,16,6,,0,0,1
1514,16:35:00,16:35:00,49,1,,0,0,1
1514,16:36:00,16:36:00,50,2,,0,0,1
1514,16:38:00,16:38:00,51,3,,0,0,1
1514,16:40:00,16:40:00,52,4,,0,0,1
1514,16:42:00,16:42:00,145,5,,0,0,1
1514,16:47:00,16:47:00,16,6,,0,0,1
1515,17:05:00,17:05:00,49,1,,0,0,1
1515,17:06:00,17:06:00,50,2,,0,0,1
1515,17:08:00,17:08:00,51,3,,0,0,1
1515,17:10:00,17:10:00,52,4,,0,0,1
1515,17:12:00,17:12:00,145,5,,0,0,1
1515,17:17:00,17:17:00,16,6,,0,0,1
1516,17:35:00,17:35:00,49,1,,0,0,1
1516,17:36:00,17:36:00,50,2,,0,0,1
1516,17:38:00,17:38:00,51,3,,0,0,1
1516,17:40:00,17:40:00,52,4,,0,0,1
1516,17:42:00,17:42:00,145,5,,0,0,1
1516,17:47:00,17:47:00,16,6,,0,0,1
1517,18:05:00,18:05:00,49,1,,0,0,1
1517,18:06:00,18:06:00,50,2,,0,0,1
1517,18:08:00,18:08:00,51,3,,0,0,1
1517,18:10:00,18:10:00,52,4,,0,0,1
1517,18:12:00,18:12:00,145,5,,0,0,1
1517,18:17:00,18:17:00,16,6,,0,0,1
1518,18:35:00,18:35:00,49,1,,0,0,1
1518,18:36:00,18:36:00,50,2,,0,0,1
1518,18:38:00,18:38:00,51,3,,0,0,1
1518,18:40:00,18:40:00,52,4,,0,0,1
1518,18:42:00,18:42:00,145,5,,0,0,1
1518,18:47:00,18:47:00,16,6,,0,0,1
1519,19:05:00,19:05:00,49,1,,0,0,1
1519,19:06:00,19:06:00,50,2,,0,0,1
1519,19:08:00,19:08:00,51,3,,0,0,1
1519,19:10:00,19:10:00,52,4,,0,0,1
1519,19:12:00,19:12:00,145,5,,0,0,1
1519,19:17:00,19:17:00,16,6,,0,0,1
1520,19:35:00,19:35:00,49,1,,0,0,1
1520,19:36:00,19:36:00,50,2,,0,0,1
1520,19:38:00,19:38:00,51,3,,0,0,1
1520,19:40:00,19:40:00,52,4,,0,0,1
1520,19:42:00,19:42:00,145,5,,0,0,1
1520,19:47:00,19:47:00,16,6,,0,0,1
1521,20:05:00,20:05:00,49,1,,0,0,1
1521,20:06:00,20:06:00,50,2,,0,0,1
1521,20:08:00,20:08:00,51,3,,0,0,1
1521,20:10:00,20:10:00,52,4,,0,0,1
1521,20:12:00,20:12:00,145,5,,0,0,1
1521,20:17:00,20:17:00,16,6,,0,0,1
1522,20:35:00,20:35:00,49,1,,0,0,1
1522,20:36:00,20:36:00,50,2,,0,0,1
1522,20:38:00,20:38:00,51,3,,0,0,1
1522,20:40:00,20:40:00,52,4,,0,0,1
1522,20:42:00,20:42:00,145,5,,0,0,1
1522,20:47:00,20:47:00,16,6,,0,0,1
1523,21:05:00,21:05:00,49,1,,0,0,1
1523,21:06:00,21:06:00,50,2,,0,0,1
1523,21:08:00,21:08:00,51,3,,0,0,1
1523,21:10:00,21:10:00,52,4,,0,0,1
1523,21:12:00,21:12:00,145,5,,0,0,1
1523,21:17:00,21:17:00,16,6,,0,0,1
1524,21:35:00,21:35:00,49,1,,0,0,1
1524,21:36:00,21:36:00,50,2,,0,0,1
1524,21:38:00,21:38:00,51,3,,0,0,1
1524,21:40:00,21:40:00,52,4,,0,0,1
1524,21:42:00,21:42:00,145,5,,0,0,1
1524,21:47:00,21:47:00,16,6,,0,0,1
1525,08:52:00,08:52:00,16,1,,0,0,1
1525,08:57:00,08:57:00,55,2,,1,0,1
1525,08:59:00,08:59:00,56,3,,1,0,1
1525,09:01:00,09:01:00,57,4,,1,0,1
1525,09:03:00,09:03:00,58,5,,1,0,1
1525,09:05:00,09:05:00,49,6,,1,0,1
1526,09:22:00,09:22:00,16,1,,0,0,1
1526,09:27:00,09:27:00,55,2,,1,0,1
1526,09:29:00,09:29:00,56,3,,1,0,1
1526,09:31:00,09:31:00,57,4,,1,0,1
1526,09:33:00,09:33:00,58,5,,1,0,1
1526,09:35:00,09:35:00,49,6,,1,0,1
1527,09:52:00,09:52:00,16,1,,0,0,1
1527,09:57:00,09:57:00,55,2,,1,0,1
1527,09:59:00,09:59:00,56,3,,1,0,1
1527,10:01:00,10:01:00,57,4,,1,0,1
1527,10:03:00,10:03:00,58,5,,1,0,1
1527,10:05:00,10:05:00,49,6,,1,0,1
1528,10:22:00,10:22:00,16,1,,0,0,1
1528,10:27:00,10:27:00,55,2,,1,0,1
1528,10:29:00,10:29:00,56,3,,1,0,1
1528,10:31:00,10:31:00,57,4,,1,0,1
1528,10:33:00,10:33:00,58,5,,1,0,1
1528,10:35:00,10:35:00,49,6,,1,0,1
1529,10:52:00,10:52:00,16,1,,0,0,1
1529,10:57:00,10:57:00,55,2,,1,0,1
1529,10:59:00,10:59:00,56,3,,1,0,1
1529,11:01:00,11:01:00,57,4,,1,0,1
1529,11:03:00,11:03:00,58,5,,1,0,1
1529,11:05:00,11:05:00,49,6,,1,0,1
1530,11:22:00,11:22:00,16,1,,0,0,1
1530,11:27:00,11:27:00,55,2,,1,0,1
1530,11:29:00,11:29:00,56,3,,1,0,1
1530,11:31:00,11:31:00,57,4,,1,0,1
1530,11:33:00,11:33:00,58,5,,1,0,1
1530,11:35:00,11:35:00,49,6,,1,0,1
1531,11:52:00,11:52:00,16,1,,0,0,1
1531,11:57:00,11:57:00,55,2,,1,0,1
1531,11:59:00,11:59:00,56,3,,1,0,1
1531,12:01:00,12:01:00,57,4,,1,0,1
1531,12:03:00,12:03:00,58,5,,1,0,1
1531,12:05:00,12:05:00,49,6,,1,0,1
1532,12:22:00,12:22:00,16,1,,0,0,1
1532,12:27:00,12:27:00,55,2,,1,0,1
1532,12:29:00,12:29:00,56,3,,1,0,1
1532,12:31:00,12:31:00,57,4,,1,0,1
1532,12:33:00,12:33:00,58,5,,1,0,1
1532,12:35:00,12:35:00,49,6,,1,0,1
1533,12:52:00,12:52:00,16,1,,0,0,1
1533,12:57:00,12:57:00,55,2,,1,0,1
1533,12:59:00,12:59:00,56,3,,1,0,1
1533,13:01:00,13:01:00,57,4,,1,0,1
1533,13:03:00,13:03:00,58,5,,1,0,1
1533,13:05:00,13:05:00,49,6,,1,0,1
1534,13:22:00,13:22:00,16,1,,0,0,1
1534,13:27:00,13:27:00,55,2,,1,0,1
1534,13:29:00,13:29:00,56,3,,1,0,1
1534,13:31:00,13:31:00,57,4,,1,0,1
1534,13:33:00,13:33:00,58,5,,1,0,1
1534,13:35:00,13:35:00,49,6,,1,0,1
1535,13:52:00,13:52:00,16,1,,0,0,1
1535,13:57:00,13:57:00,55,2,,1,0,1
1535,13:59:00,13:59:00,56,3,,1,0,1
1535,14:01:00,14:01:00,57,4,,1,0,1
1535,14:03:00,14:03:00,58,5,,1,0,1
1535,14:05:00,14:05:00,49,6,,1,0,1
1536,14:22:00,14:22:00,16,1,,0,0,1
1536,14:27:00,14:27:00,55,2,,1,0,1
1536,14:29:00,14:29:00,56,3,,1,0,1
1536,14:31:00,14:31:00,57,4,,1,0,1
1536,14:33:00,14:33:00,58,5,,1,0,1
1536,14:35:00,14:35:00,49,6,,1,0,1
1537,14:52:00,14:52:00,16,1,,0,0,1
1537,14:57:00,14:57:00,55,2,,1,0,1
1537,14:59:00,14:59:00,56,3,,1,0,1
1537,15:01:00,15:01:00,57,4,,1,0,1
1537,15:03:00,15:03:00,58,5,,1,0,1
1537,15:05:00,15:05:00,49,6,,1,0,1
1538,15:22:00,15:22:00,16,1,,0,0,1
1538,15:27:00,15:27:00,55,2,,1,0,1
1538,15:29:00,15:29:00,56,3,,1,0,1
1538,15:31:00,15:31:00,57,4,,1,0,1
1538,15:33:00,15:33:00,58,5,,1,0,1
1538,15:35:00,15:35:00,49,6,,1,0,1
1539,15:52:00,15:52:00,16,1,,0,0,1
1539,15:57:00,15:57:00,55,2,,1,0,1
1539,15:59:00,15:59:00,56,3,,1,0,1
1539,16:01:00,16:01:00,57,4,,1,0,1
1539,16:03:00,16:03:00,58,5,,1,0,1
1539,16:05:00,16:05:00,49,6,,1,0,1
1540,16:22:00,16:22:00,16,1,,0,0,1
1540,16:27:00,16:27:00,55,2,,1,0,1
1540,16:29:00,16:29:00,56,3,,1,0,1
1540,16:31:00,16:31:00,57,4,,1,0,1
1540,16:33:00,16:33:00,58,5,,1,0,1
1540,16:35:00,16:35:00,49,6,,1,0,1
1541,16:52:00,16:52:00,16,1,,0,0,1
1541,16:57:00,16:57:00,55,2,,1,0,1
1541,16:59:00,16:59:00,56,3,,1,0,1
1541,17:01:00,17:01:00,57,4,,1,0,1
1541,17:03:00,17:03:00,58,5,,1,0,1
1541,17:05:00,17:05:00,49,6,,1,0,1
1542,17:22:00,17:22:00,16,1,,0,0,1
1542,17:27:00,17:27:00,55,2,,1,0,1
1542,17:29:00,17:29:00,56,3,,1,0,1
1542,17:31:00,17:31:00,57,4,,1,0,1
1542,17:33:00,17:33:00,58,5,,1,0,1
1542,17:35:00,17:35:00,49,6,,1,0,1
1543,17:52:00,17:52:00,16,1,,0,0,1
1543,17:57:00,17:57:00,55,2,,1,0,1
1543,17:59:00,17:59:00,56,3,,1,0,1
1543,18:01:00,18:01:00,57,4,,1,0,1
1543,18:03:00,18:03:00,58,5,,1,0,1
1543,18:05:00,18:05:00,49,6,,1,0,1
1544,18:22:00,18:22:00,16,1,,0,0,1
1544,18:27:00,18:27:00,55,2,,1,0,1
1544,18:29:00,18:29:00,56,3,,1,0,1
1544,18:31:00,18:31:00,57,4,,1,0,1
1544,18:33:00,18:33:00,58,5,,1,0,1
1544,18:35:00,18:35:00,49,6,,1,0,1
1545,18:52:00,18:52:00,16,1,,0,0,1
1545,18:57:00,18:57:00,55,2,,1,0,1
1545,18:59:00,18:59:00,56,3,,1,0,1
1545,19:01:00,19:01:00,57,4,,1,0,1
1545,19:03:00,19:03:00,58,5,,1,0,1
1545,19:05:00,19:05:00,49,6,,1,0,1
1546,19:22:00,19:22:00,16,1,,0,0,1
1546,19:27:00,19:27:00,55,2,,1,0,1
1546,19:29:00,19:29:00,56,3,,1,0,1
1546,19:31:00,19:31:00,57,4,,1,0,1
1546,19:33:00,19:33:00,58,5,,1,0,1
1546,19:35:00,19:35:00,49,6,,1,0,1
1547,19:52:00,19:52:00,16,1,,0,0,1
1547,19:57:00,19:57:00,55,2,,1,0,1
1547,19:59:00,19:59:00,56,3,,1,0,1
1547,20:01:00,20:01:00,57,4,,1,0,1
1547,20:03:00,20:03:00,58,5,,1,0,1
1547,20:05:00,20:05:00,49,6,,1,0,1
1548,20:22:00,20:22:00,16,1,,0,0,1
1548,20:27:00,20:27:00,55,2,,1,0,1
1548,20:29:00,20:29:00,56,3,,1,0,1
1548,20:31:00,20:31:00,57,4,,1,0,1
1548,20:33:00,20:33:00,58,5,,1,0,1
1548,20:35:00,20:35:00,49,6,,1,0,1
1549,20:52:00,20:52:00,16,1,,0,0,1
1549,20:57:00,20:57:00,55,2,,1,0,1
1549,20:59:00,20:59:00,56,3,,1,0,1
1549,21:01:00,21:01:00,57,4,,1,0,1
1549,21:03:00,21:03:00,58,5,,1,0,1
1549,21:05:00,21:05:00,49,6,,1,0,1
1550,21:22:00,21:22:00,16,1,,0,0,1
1550,21:27:00,21:27:00,55,2,,1,0,1
1550,21:29:00,21:29:00,56,3,,1,0,1
1550,21:31:00,21:31:00,57,4,,1,0,1
1550,21:33:00,21:33:00,58,5,,1,0,1
1550,21:35:00,21:35:00,49,6,,1,0,1
1551,21:52:00,21:52:00,16,1,,0,0,1
1551,21:57:00,21:57:00,55,2,,1,0,1
1551,21:59:00,21:59:00,56,3,,1,0,1
1551,22:01:00,22:01:00,57,4,,1,0,1
1551,22:03:00,22:03:00,58,5,,1,0,1
1551,22:05:00,22:05:00,49,6,,1,0,1
1552,10:04:00,10:04:00,87,1,,0,0,1
1552,10:12:00,10:12:00,111,2,,0,0,1
1553,10:34:00,10:34:00,87,1,,0,0,1
1553,10:42:00,10:42:00,111,2,,0,0,1
1554,11:04:00,11:04:00,87,1,,0,0,1
1554,11:12:00,11:12:00,111,2,,0,0,1
1555,11:34:00,11:34:00,87,1,,0,0,1
1555,11:42:00,11:42:00,111,2,,0,0,1
1556,12:04:00,12:04:00,87,1,,0,0,1
1556,12:12:00,12:12:00,111,2,,0,0,1
1557,12:34:00,12:34:00,87,1,,0,0,1
1557,12:42:00,12:42:00,111,2,,0,0,1
1558,13:04:00,13:04:00,87,1,,0,0,1
1558,13:12:00,13:12:00,111,2,,0,0,1
1559,13:34:00,13:34:00,87,1,,0,0,1
1559,13:42:00,13:42:00,111,2,,0,0,1
1560,14:04:00,14:04:00,87,1,,0,0,1
1560,14:12:00,14:12:00,111,2,,0,0,1
1561,14:34:00,14:34:00,87,1,,0,0,1
1561,14:42:00,14:42:00,111,2,,0,0,1
1562,15:04:00,15:04:00,87,1,,0,0,1
1562,15:12:00,15:12:00,111,2,,0,0,1
1563,15:34:00,15:34:00,87,1,,0,0,1
1563,15:42:00,15:42:00,111,2,,0,0,1
1564,16:04:00,16:04:00,87,1,,0,0,1
1564,16:12:00,16:12:00,111,2,,0,0,1
1565,16:34:00,16:34:00,87,1,,0,0,1
1565,16:42:00,16:42:00,111,2,,0,0,1
1566,10:19:00,10:19:00,111,1,,0,0,1
1566,10:26:00,10:26:00,87,2,,0,0,1
1567,10:49:00,10:49:00,111,1,,0,0,1
1567,10:56:00,10:56:00,87,2,,0,0,1
1568,11:19:00,11:19:00,111,1,,0,0,1
1568,11:26:00,11:26:00,87,2,,0,0,1
1569,11:49:00,11:49:00,111,1,,0,0,1
1569,11:56:00,11:56:00,87,2,,0,0,1
1570,12:19:00,12:19:00,111,1,,0,0,1
1570,12:26:00,12:26:00,87,2,,0,0,1
1571,12:49:00,12:49:00,111,1,,0,0,1
1571,12:56:00,12:56:00,87,2,,0,0,1
1572,13:19:00,13:19:00,111,1,,0,0,1
1572,13:26:00,13:26:00,87,2,,0,0,1
1573,13:49:00,13:49:00,111,1,,0,0,1
1573,13:56:00,13:56:00,87,2,,0,0,1
1576,08:56:00,08:56:00,87,1,,0,0,1
1576,09:09:00,09:09:00,120,2,,0,0,1
1576,09:26:00,09:26:00,17,3,,0,0,1
1576,09:33:00,09:33:00,90,4,,0,0,1
1576,09:40:00,09:40:00,25,5,,0,0,1
1576,09:49:00,09:49:00,89,6,,0,0,1
1576,09:52:00,09:52:00,113,7,,0,0,1
1577,09:59:00,09:59:00,87,1,,0,0,1
1577,10:12:00,10:12:00,120,2,,0,0,1
1577,10:29:00,10:29:00,17,3,,0,0,1
1577,10:36:00,10:36:00,90,4,,0,0,1
1577,10:43:00,10:43:00,25,5,,0,0,1
1577,10:52:00,10:52:00,89,6,,0,0,1
1577,10:55:00,10:55:00,113,7,,0,0,1
1593,08:58:00,08:58:00,113,1,,0,0,1
1593,09:04:00,09:04:00,89,2,,0,0,1
1593,09:13:00,09:13:00,25,3,,0,0,1
1593,09:19:00,09:19:00,90,4,,0,0,1
1593,09:26:00,09:26:00,17,5,,0,0,1
1593,09:40:00,09:40:00,120,6,,0,0,1
1593,09:50:00,09:50:00,87,7,,0,0,1
1594,09:58:00,09:58:00,113,1,,0,0,1
1594,10:04:00,10:04:00,89,2,,0,0,1
1594,10:13:00,10:13:00,25,3,,0,0,1
1594,10:19:00,10:19:00,90,4,,0,0,1
1594,10:26:00,10:26:00,17,5,,0,0,1
1594,10:40:00,10:40:00,120,6,,0,0,1
1594,10:50:00,10:50:00,87,7,,0,0,1
1595,11:01:00,11:01:00,113,1,,0,0,1
1595,11:07:00,11:07:00,89,2,,0,0,1
1595,11:16:00,11:16:00,25,3,,0,0,1
1595,11:22:00,11:22:00,90,4,,0,0,1
1595,11:29:00,11:29:00,17,5,,0,0,1
1595,11:43:00,11:43:00,120,6,,0,0,1
1595,11:53:00,11:53:00,87,7,,0,0,1
1644,14:19:00,14:19:00,111,1,,0,0,1
1644,14:26:00,14:26:00,87,2,,0,0,1
1700,14:49:00,14:49:00,111,1,,0,0,1
1700,14:56:00,14:56:00,87,2,,0,0,1
1721,15:19:00,15:19:00,111,1,,0,0,1
1721,15:26:00,15:26:00,87,2,,0,0,1
1795,15:49:00,15:49:00,111,1,,0,0,1
1795,15:56:00,15:56:00,87,2,,0,0,1
1796,16:19:00,16:19:00,111,1,,0,0,1
1796,16:26:00,16:26:00,87,2,,0,0,1
1797,16:49:00,16:49:00,111,1,,0,0,1
1797,16:56:00,16:56:00,87,2,,0,0,1
1798,17:19:00,17:19:00,111,1,,0,0,1
1798,17:26:00,17:26:00,87,2,,0,0,1
1799,17:49:00,17:49:00,111,1,,0,0,1
1799,17:56:00,17:56:00,87,2,,0,0,1
1800,16:44:00,16:44:00,88,1,,0,0,1
1800,17:29:00,17:29:00,118,2,,0,0,1
1800,17:44:00,17:44:00,87,3,,0,0,1
1801,17:33:00,17:33:00,88,1,,0,0,1
1801,18:18:00,18:18:00,118,2,,0,0,1
1801,18:33:00,18:33:00,87,3,,0,0,1
1802,19:15:00,19:15:00,88,1,,0,0,1
1802,20:00:00,20:00:00,118,2,,0,0,1
1802,20:15:00,20:15:00,87,3,,0,0,1
1803,20:04:00,20:04:00,88,1,,0,0,1
1803,20:49:00,20:49:00,118,2,,0,0,1
1803,21:04:00,21:04:00,87,3,,0,0,1
1804,17:59:00,17:59:00,87,1,,0,0,1
1804,18:17:00,18:17:00,118,2,,0,0,1
1804,19:00:00,19:00:00,88,3,,0,0,1
1805,18:48:00,18:48:00,87,1,,0,0,1
1805,19:06:00,19:06:00,118,2,,0,0,1
1805,19:49:00,19:49:00,88,3,,0,0,1
1806,09:30:00,09:30:00,90,1,,0,0,1
1806,09:41:00,09:41:00,18,2,,0,0,1
1806,10:46:00,10:46:00,88,3,,0,0,1
1807,12:30:00,12:30:00,90,1,,0,0,1
1807,12:41:00,12:41:00,18,2,,0,0,1
1807,13:46:00,13:46:00,88,3,,0,0,1
1808,16:00:00,16:00:00,90,1,,0,0,1
1808,16:11:00,16:11:00,18,2,,0,0,1
1808,17:16:00,17:16:00,88,3,,0,0,1
1809,11:00:00,11:00:00,88,1,,0,0,1
1809,12:12:00,12:12:00,18,2,,0,0,1
1809,12:16:00,12:16:00,90,3,,0,0,1
1810,14:30:00,14:30:00,88,1,,0,0,1
1810,15:42:00,15:42:00,18,2,,0,0,1
1810,15:46:00,15:46:00,90,3,,0,0,1
1811,17:30:00,17:30:00,88,1,,0,0,1
1811,18:42:00,18:42:00,18,2,,0,0,1
1811,18:46:00,18:46:00,90,3,,0,0,1
